customer_id,name,gender,age,region,income_bracket,occupation,signup_date,email,phone
CUST-00001,Victoria Wyatt,Female,53,Mombasa,High,Museum/gallery conservator,04/08/2021,shawn52@example.com,(534)719-2832x764
CUST-00002,Ricardo Perez,Male,54,Eldoret,Upper-Middle,Interpreter,02/01/2021,nadams@example.net,001-653-876-7242x388
CUST-00003,James Robinson,Male,64,Mombasa,Low,Sales executive,28/11/2021,ddavis@example.org,(626)291-6697
CUST-00004,Brian Dyer,Male,68,Eldoret,Low,"Librarian, public",01/01/2023,cartereric@example.org,001-248-728-1489x3252
CUST-00005,Brian Cox,Male,25,Nyeri,Upper-Middle,Film/video editor,08/05/2023,allenashley@example.org,671-882-2782
CUST-00006,Dr. Nicole Vaughn,Female,59,Thika,Middle,Oceanographer,21/05/2023,samuel87@example.org,531.250.9839
CUST-00007,Lynn Perez,Female,41,Nakuru,Upper-Middle,Lawyer,31/12/2020,palmerjoshua@example.com,582.399.7376
CUST-00008,Jeffrey Henderson,Male,57,Kisumu,Middle,Audiological scientist,14/09/2024,brownjessica@example.org,933.587.2624
CUST-00009,Bernard Morton,Male,48,Nyeri,Upper-Middle,Chief Technology Officer,31/05/2025,pearsonamber@example.org,432-867-7360
CUST-00010,James House,Male,62,Thika,Low,Higher education lecturer,08/08/2024,uhorton@example.net,+1-972-434-3098x05009
CUST-00011,Jordan York,Male,21,Thika,High,"Therapist, nutritional",25/04/2021,leonardjoe@example.org,001-739-690-9169
CUST-00012,Michelle Allen,Female,23,Nakuru,Upper-Middle,"Conservator, museum/gallery",06/02/2024,stephen10@example.com,+1-791-618-3842x513
CUST-00013,Roy Warner,Male,60,Meru,High,Seismic interpreter,08/12/2025,contrerasangela@example.net,524-711-8244
CUST-00014,Madison Baker,Female,28,Eldoret,Middle,Food technologist,20/11/2024,davisrodney@example.com,2053242786
CUST-00015,Stephen Mckee,Male,66,Eldoret,High,Animal technologist,17/05/2025,brandi26@example.org,8454053315
CUST-00016,Cynthia Martin,Female,42,Nakuru,Middle,Passenger transport manager,29/03/2022,whitesandra@example.com,+1-534-221-6073x37543
CUST-00017,Jennifer Ramirez,Female,24,Nairobi,Low,Health promotion specialist,28/04/2021,darlene68@example.com,8147294019
CUST-00018,Erik Obrien,Male,59,Kisumu,High,Commercial art gallery manager,30/01/2025,mlam@example.com,7607883561
CUST-00019,Caleb Mccullough,Male,43,Nyeri,High,Insurance broker,17/01/2025,snguyen@example.com,-4082
CUST-00020,Christine Floyd,Female,54,Nairobi,Low,IT technical support officer,22/11/2025,rramos@example.org,272.214.8951x34332
CUST-00021,Karen Atkinson,Female,68,Thika,Low,"Programmer, applications",09/05/2021,kmercado@example.org,001-967-263-2016x328
CUST-00022,Sylvia Martinez,Female,46,Kisumu,High,"Psychologist, forensic",13/11/2021,stephanie79@example.net,968.372.7743x48734
CUST-00023,David Rogers,Male,65,Eldoret,Middle,Catering manager,30/04/2025,edwardreyes@example.org,001-831-266-5876x036
CUST-00024,Ralph James,Male,59,Eldoret,Middle,Management consultant,13/10/2020,karen68@example.net,001-489-937-3467x0656
CUST-00025,William Ferguson,Male,42,Kisumu,Low,"Therapist, drama",01/02/2024,millerroy@example.com,(804)665-3755
CUST-00026,Sandra King,Female,50,Nairobi,Low,"Psychotherapist, dance movement",06/06/2021,currybrett@example.com,510.403.3092
CUST-00027,Ashley Gould,Female,70,Eldoret,Middle,Furniture conservator/restorer,08/09/2024,gary91@example.org,619-304-9663x1931
CUST-00028,Keith Williams,Male,34,Mombasa,Low,Phytotherapist,07/04/2025,casey50@example.com,916.857.2628x4987
CUST-00029,Leslie Morris,Female,23,Kisumu,Middle,Chartered legal executive (England and Wales),27/10/2022,nicole37@example.net,+1-665-607-5273x545
CUST-00030,Kellie Lee,Female,54,Kisumu,Upper-Middle,Optometrist,14/10/2022,ppeters@example.net,777.801.4363x4957
CUST-00031,Ms. Heather Chavez MD,Female,32,Nakuru,Upper-Middle,Community arts worker,11/09/2022,leslienewton@example.net,(333)574-9894
CUST-00032,Heather Turner,Female,61,Thika,High,Computer games developer,11/04/2025,brandon08@example.com,001-227-610-9477x752
CUST-00033,Karen Short,Female,26,Nakuru,Middle,Regulatory affairs officer,21/02/2024,rayglenda@example.org,(594)813-1869
CUST-00034,Jeremy Dalton,Male,40,Nairobi,Middle,Industrial/product designer,19/05/2024,lynchjody@example.org,+1-934-612-3281x2067
CUST-00035,Dwayne Campbell,Male,19,Mombasa,Low,Building services engineer,05/08/2024,sandrafrench@example.net,001-336-218-3242
CUST-00036,Eric Curry,Male,23,Nairobi,Upper-Middle,Homeopath,29/07/2025,smartinez@example.com,001-664-288-7719x065
CUST-00037,Vernon Huff,Male,51,Nakuru,Upper-Middle,Theatre manager,17/08/2025,keyemily@example.com,001-802-978-7429
CUST-00038,Mrs. Jennifer Morris,Female,32,Kisumu,High,"Designer, multimedia",15/08/2021,robert74@example.net,(980)871-5451x6808
CUST-00039,Joseph Dean,Male,69,Meru,High,Private music teacher,21/12/2024,harrisandrea@example.com,371.509.3248x086
CUST-00040,Thomas Murray Jr.,Male,25,Mombasa,High,Research scientist (physical sciences),16/01/2022,william46@example.com,737.682.6398x2146
CUST-00041,Diane Evans,Female,46,Nyeri,High,TEFL teacher,22/09/2025,cgrimes@example.net,855.288.6753x3963
CUST-00042,John Mcintyre,Male,62,Mombasa,Low,Nature conservation officer,23/12/2023,tylerjohnson@example.net,001-851-471-8702
CUST-00043,Rachael Baker,Female,65,Thika,Low,Occupational therapist,13/01/2026,christianmelissa@example.net,(357)980-9134x3161
CUST-00044,Elijah Johnson,Male,31,Nakuru,High,Banker,29/06/2023,michael62@example.org,569.922.2196x93792
CUST-00045,Joe Estrada,Male,46,Kisumu,Upper-Middle,Holiday representative,09/09/2024,charleslandry@example.net,664-674-3671x3695
CUST-00046,Sandra Foster,Female,34,Mombasa,High,Systems developer,20/10/2020,lozanojulie@example.com,001-739-453-3942x10470
CUST-00047,Edward Burgess,Male,22,Nairobi,Low,"Engineer, control and instrumentation",24/03/2022,kristinwalter@example.com,784.324.7451x71236
CUST-00048,Adrian Herrera,Male,29,Nyeri,High,"Merchandiser, retail",07/08/2024,brenda51@example.net,970.698.5931
CUST-00049,Audrey Williams,Female,32,Nyeri,Low,Industrial buyer,18/01/2021,pwilson@example.net,(367)958-6926
CUST-00050,Todd Ramirez,Male,43,Nairobi,High,Metallurgist,09/08/2026,scottsampson@example.com,958-350-6431
CUST-00051,Maria Harper,Female,69,Meru,Upper-Middle,Arts administrator,30/11/2020,john29@example.org,283-693-3529
CUST-00052,Brianna Anderson,Female,63,Meru,Middle,Ecologist,12/11/2022,guerreroanthony@example.org,(339)950-2402x681
CUST-00053,Ivan Wheeler,Male,37,Nakuru,Low,Retail manager,30/07/2024,soniawilliams@example.net,447.300.7661x77115
CUST-00054,Marcus Richards,Male,66,Thika,Low,Museum/gallery curator,02/07/2023,shawn96@example.org,001-318-736-7365x766
CUST-00055,Maurice Brooks,Male,56,Meru,Middle,Public relations account executive,12/01/2022,davischristopher@example.com,352-880-9885
CUST-00056,Maurice Christensen,Male,51,Mombasa,Middle,Holiday representative,03/03/2021,michael98@example.org,(573)815-8514
CUST-00057,William Cardenas,Male,57,Mombasa,Middle,"Surveyor, hydrographic",14/12/2025,lynchdiane@example.net,302-444-5502x296
CUST-00058,Valerie Davis,Female,26,Nakuru,Low,"Engineer, structural",31/03/2025,vbarnes@example.org,(645)999-1022x901
CUST-00059,John Ramos,Male,45,Thika,Upper-Middle,"Engineer, structural",21/01/2023,reeddaniel@example.net,+1-497-684-0369x00343
CUST-00060,Bryan Jimenez,Male,61,Thika,Middle,Economist,24/05/2024,omarpadilla@example.net,-7681
CUST-00061,Michelle Butler,Female,44,Kisumu,Upper-Middle,Ophthalmologist,17/09/2021,burchgeorge@example.net,651.761.3696x816
CUST-00062,Peggy Jones,Female,39,Mombasa,Low,Clothing/textile technologist,13/02/2026,rebeccabailey@example.net,+1-923-912-4329x2127
CUST-00063,Sonia Day,Female,58,Mombasa,Low,IT trainer,17/01/2026,edward17@example.com,+1-744-690-5814x7700
CUST-00064,Sean Wyatt,Male,51,Eldoret,Middle,"Therapist, music",18/12/2025,jford@example.net,2799359782
CUST-00065,Stephanie Cooper,Female,23,Nakuru,Upper-Middle,Retail merchandiser,14/06/2021,benjaminzimmerman@example.com,789.325.5466x59051
CUST-00066,Jasmine King,Female,29,Meru,Upper-Middle,Toxicologist,26/04/2026,mathewaguilar@example.org,(346)829-1486x528
CUST-00067,Albert Parker,Male,61,Eldoret,Low,Licensed conveyancer,22/07/2022,ilee@example.org,441-888-8059
CUST-00068,Christopher Schwartz,Male,35,Mombasa,Low,Diagnostic radiographer,18/01/2026,xwilliams@example.net,001-937-994-7383x4735
CUST-00069,Richard Shaw,Male,36,Eldoret,Middle,"Designer, television/film set",17/04/2024,laurietaylor@example.com,4756818141
CUST-00070,Kayla Guerra,Female,32,Eldoret,High,Environmental education officer,06/07/2021,bwilkerson@example.com,2687536153
CUST-00071,Sara Santos,Female,22,Mombasa,High,"Copywriter, advertising",22/12/2021,mitchellmaria@example.net,(477)890-1043
CUST-00072,Donna Turner,Female,21,Nairobi,Upper-Middle,Field trials officer,20/02/2021,nfowler@example.com,417-698-0893
CUST-00073,Lucas Allen,Male,59,Eldoret,Middle,"Embryologist, clinical",11/04/2024,millsmichael@example.net,-8173
CUST-00074,Heather Jones,Female,54,Nyeri,Low,Civil Service administrator,14/10/2022,dennis58@example.com,+1-227-772-2170x4303
CUST-00075,Jose Hays,Male,23,Kisumu,Low,Public librarian,09/05/2025,benjamin34@example.com,001-705-641-5667x65277
CUST-00076,Monica Miller,Female,56,Kisumu,High,Education administrator,09/11/2025,manuel15@example.net,647-296-2757x0596
CUST-00077,Mark Cox,Male,21,Eldoret,Upper-Middle,"Designer, jewellery",06/07/2026,thomascathy@example.com,4219355690
CUST-00078,Jacob Hines,Male,41,Nakuru,Middle,"Copywriter, advertising",13/08/2025,raymond43@example.org,9275868144
CUST-00079,Mr. Thomas Henry Jr.,Male,41,Nyeri,Middle,Production engineer,13/05/2021,rachelwallace@example.org,+1-555-418-8442x25831
CUST-00080,Johnny Ward,Male,29,Kisumu,High,"Merchandiser, retail",08/08/2025,jlara@example.org,+1-711-346-7866x912
CUST-00081,Michael Cooper,Male,30,Thika,High,Theatre manager,03/06/2025,katrinaanderson@example.net,7186242253
CUST-00082,David Reid,Male,36,Kisumu,Low,Haematologist,02/06/2025,colleenmendez@example.org,629.592.2995x90010
CUST-00083,Jennifer Fowler,Female,21,Meru,Middle,Sports administrator,20/12/2024,dawn47@example.org,+1-464-771-0276x77359
CUST-00084,Francisco Travis,Male,48,Thika,Upper-Middle,Oceanographer,03/09/2023,kathleenrobertson@example.org,537-414-7321x04696
CUST-00085,Timothy Griffith,Male,33,Nairobi,Middle,"Designer, jewellery",07/05/2022,dferrell@example.com,670-916-8733x9500
CUST-00086,Sarah Chambers,Female,40,Eldoret,Low,Software engineer,01/03/2023,booneryan@example.com,001-356-850-6098x3584
CUST-00087,Pamela Ramirez,Female,41,Nyeri,Upper-Middle,Tree surgeon,13/01/2026,andersoncolin@example.com,985-923-9868x00025
CUST-00088,Steven Taylor,Male,26,Eldoret,Middle,"Investment banker, operational",12/12/2025,phillipjensen@example.com,001-258-788-7947
CUST-00089,Ashley Butler,Female,21,Mombasa,High,Aid worker,08/05/2023,pbaker@example.net,001-430-597-2896
CUST-00090,Tiffany Rodriguez,Female,65,Thika,High,Prison officer,22/11/2020,robert63@example.com,997.702.8385x78652
CUST-00091,Michael Dillon,Male,43,Nakuru,Upper-Middle,"Geneticist, molecular",11/07/2026,plee@example.com,-5143
CUST-00092,Kenneth Daniels,Male,64,Nyeri,Low,Location manager,02/02/2024,kellyroberts@example.net,657-447-3384
CUST-00093,Patrick Allen,Male,42,Nyeri,Low,Set designer,01/03/2021,danawilliams@example.com,271-320-8267x73454
CUST-00094,Crystal Rodgers,Female,58,Thika,Low,Economist,18/01/2021,lkhan@example.org,(972)440-0499x1547
CUST-00095,Julie Lee,Female,51,Eldoret,High,Lawyer,09/09/2021,jessicawong@example.net,(805)749-3296
CUST-00096,Maureen Lopez,Female,44,Eldoret,Middle,Publishing rights manager,05/12/2021,shari04@example.com,774.554.9904
CUST-00097,Bryan Parker,Male,45,Nyeri,Middle,Retail buyer,07/03/2024,hannah45@example.net,932.572.7956
CUST-00098,Melanie Larson,Female,44,Nairobi,Upper-Middle,Secondary school teacher,06/06/2021,xrice@example.org,001-410-788-3982
CUST-00099,Jessica Frazier,Female,32,Nyeri,Upper-Middle,Records manager,10/09/2025,nolansean@example.org,628.267.9087x406
CUST-00100,Laura Williams,Female,47,Meru,Middle,Bonds trader,31/08/2023,michaelcesar@example.com,8468226567
CUST-00101,Tracey Baxter,Female,69,Kisumu,Low,Magazine features editor,12/11/2021,whiteamanda@example.net,(830)504-7868
CUST-00102,Hannah Hill,Female,51,Thika,Low,Ambulance person,10/09/2021,bmendez@example.org,211.890.7903
CUST-00103,Joshua Webster,Male,62,Eldoret,Middle,Counselling psychologist,19/03/2021,jim95@example.net,+1-453-842-8364x408
CUST-00104,Anthony Cooper,Male,28,Nairobi,Low,Museum/gallery curator,16/03/2026,heather62@example.com,(428)873-3427x0866
CUST-00105,Dalton Lucas,Male,49,Mombasa,High,Metallurgist,23/07/2024,nicholsmaria@example.org,769-690-1398x373
CUST-00106,Alexis Giles,Female,59,Nakuru,High,Quality manager,24/09/2021,heatherpadilla@example.com,685.746.7854
CUST-00107,Kathleen Garcia,Female,44,Nakuru,Middle,IT consultant,22/09/2024,nathangutierrez@example.net,420.548.9964
CUST-00108,James Whitaker,Male,67,Mombasa,High,Statistician,24/12/2024,jonathan77@example.com,(252)328-7280
CUST-00109,Michael Duran,Male,30,Meru,Low,"Copywriter, advertising",29/03/2024,carloshernandez@example.org,275.609.9770x08860
CUST-00110,Dustin Shaw,Male,26,Meru,Middle,Planning and development surveyor,02/09/2026,danieldavis@example.org,739.884.5461
CUST-00111,Dana Terry,Female,61,Thika,High,Catering manager,14/04/2023,davisnicholas@example.net,500.921.7659x1803
CUST-00112,Tammy Cohen,Female,54,Meru,Middle,Speech and language therapist,13/02/2023,whitemelissa@example.org,892.761.4293
CUST-00113,Nancy Gibbs,Female,47,Eldoret,Middle,Careers information officer,06/08/2026,brian63@example.org,899-496-5047x73586
CUST-00114,Mary Miller,Female,68,Meru,Middle,Hotel manager,29/12/2025,jennifermiller@example.org,(426)355-1104x7541
CUST-00115,Joann Peters,Female,47,Mombasa,Upper-Middle,"Civil engineer, contracting",15/03/2024,davisangela@example.net,+1-456-804-6618x398
CUST-00116,Derrick Adams,Male,36,Thika,Upper-Middle,Biomedical scientist,22/12/2021,ryanfisher@example.com,354-437-9937
CUST-00117,Travis Cook,Male,27,Kisumu,Middle,Museum/gallery conservator,03/01/2026,scott69@example.org,759-837-5265x4793
CUST-00118,Rachel Diaz,Female,63,Kisumu,Middle,"Engineer, communications",12/07/2025,erinpierce@example.net,837.841.6724x342
CUST-00119,William Mendoza,Male,45,Nyeri,Upper-Middle,Social researcher,22/02/2024,ystephens@example.com,001-789-811-3529x096
CUST-00120,Annette Walker,Female,45,Nairobi,Middle,"Surveyor, insurance",22/02/2025,seanmyers@example.net,001-382-350-7146
CUST-00121,Monica Bailey,Female,43,Nairobi,High,"Programmer, applications",26/08/2023,adrianabailey@example.org,475.414.0105x123
CUST-00122,Jessica Murray,Female,19,Thika,Upper-Middle,Educational psychologist,06/03/2024,daniellereynolds@example.org,001-393-479-6603x3419
CUST-00123,Christina Wilson,Female,45,Nakuru,High,Recruitment consultant,09/06/2026,candice96@example.net,355-479-2499
CUST-00124,David Wilson,Male,36,Nyeri,High,Counsellor,28/11/2023,ibarnes@example.net,(962)278-2827x4225
CUST-00125,Trevor Washington,Male,43,Thika,High,Music tutor,24/05/2022,fortiz@example.com,001-677-421-9034x043
CUST-00126,Keith Barton,Male,48,Kisumu,Low,Stage manager,11/12/2024,armstrongjoseph@example.net,(680)778-3613x407
CUST-00127,Angie Grimes,Female,56,Nairobi,Low,Fast food restaurant manager,24/09/2021,lisamatthews@example.com,001-696-429-2330x958
CUST-00128,Michele Roberts,Female,27,Meru,Middle,"Scientist, audiological",03/01/2023,taylorkaren@example.com,9424232536
CUST-00129,Derrick Perry,Male,35,Nyeri,Upper-Middle,Call centre manager,30/07/2024,powellkara@example.net,(577)859-0175x186
CUST-00130,Johnny Morris,Male,48,Thika,Upper-Middle,Leisure centre manager,23/02/2023,ashleewashington@example.com,+1-600-417-0127x70632
CUST-00131,Sherri Davis,Female,36,Nyeri,Upper-Middle,Fitness centre manager,19/10/2023,watsonrebecca@example.org,9643361103
CUST-00132,Darrell Frazier,Male,49,Nairobi,Low,Actuary,23/10/2020,lisa62@example.com,436-811-1554
CUST-00133,Nicole Anderson,Female,33,Mombasa,Low,Customer service manager,29/06/2026,morenoalan@example.net,(375)332-6973
CUST-00134,Bryce Blair,Male,34,Nakuru,Low,"Pilot, airline",22/09/2023,kylie34@example.net,538-599-9404
CUST-00135,Edward Brown,Male,34,Kisumu,High,"Research officer, trade union",08/10/2022,frodriguez@example.net,+1-418-905-5269x658
CUST-00136,Randy Smith,Male,55,Nakuru,High,"Administrator, education",22/04/2021,jason06@example.net,386-566-1889x2414
CUST-00137,Mrs. Erin Willis,Female,68,Thika,Middle,Brewing technologist,05/04/2026,holly30@example.org,361-279-9042
CUST-00138,Michael Martin,Male,68,Kisumu,Upper-Middle,"Scientist, research (medical)",07/09/2023,gary24@example.net,305-964-8149
CUST-00139,Ian Porter,Male,56,Nairobi,Upper-Middle,Dietitian,22/07/2025,eric19@example.net,001-413-280-0030x7562
CUST-00140,Suzanne Yang,Female,44,Nakuru,Low,Environmental manager,19/04/2024,john54@example.org,001-851-380-2380
CUST-00141,Sean Ayala,Male,25,Eldoret,Low,Land,18/05/2023,tranalan@example.org,294-893-7597x3832
CUST-00142,Joshua Fields,Male,41,Nyeri,Upper-Middle,Acupuncturist,19/08/2026,aaron64@example.org,283.567.0241
CUST-00143,Joseph Haynes,Male,51,Thika,Low,Proofreader,26/11/2023,carpenterwilliam@example.net,(719)990-6234x4565
CUST-00144,Angela Harris,Female,50,Mombasa,High,Clinical embryologist,15/09/2025,danielcole@example.com,(218)553-7474x11249
CUST-00145,Erin Davis,Female,59,Meru,Middle,Market researcher,05/11/2022,rpalmer@example.com,320-267-8831x712
CUST-00146,Priscilla Walker,Female,30,Eldoret,High,Oncologist,02/06/2022,gina19@example.net,210-413-7215x107
CUST-00147,Jessica Ramsey,Female,46,Eldoret,Upper-Middle,Air traffic controller,14/12/2024,lvega@example.com,524.647.2099
CUST-00148,Stephen Mendoza,Male,24,Eldoret,High,Health service manager,24/06/2021,mtaylor@example.net,638.406.5787x59856
CUST-00149,Kyle Johnson,Male,67,Meru,High,Barrister,14/02/2023,xmoreno@example.net,821.733.4803
CUST-00150,Wendy Thompson,Female,20,Meru,Upper-Middle,"Therapist, drama",29/09/2022,linda59@example.org,001-259-392-9378x427
CUST-00151,Kyle Smith,Male,50,Nakuru,Upper-Middle,Academic librarian,19/10/2024,samantha32@example.com,001-725-800-2921x851
CUST-00152,Gabrielle Morris,Female,40,Eldoret,Upper-Middle,Press sub,27/01/2022,lbanks@example.net,-3577
CUST-00153,Travis Fry,Male,52,Nakuru,Low,Tax inspector,24/01/2024,whitelucas@example.net,791.472.5135
CUST-00154,Victor Underwood,Male,65,Nyeri,High,Legal executive,07/06/2026,nsmith@example.org,001-915-841-0067x626
CUST-00155,James Poole,Male,63,Meru,High,Equality and diversity officer,25/08/2025,shannonlloyd@example.org,705-941-1526x2181
CUST-00156,Jessica Valdez,Female,69,Nairobi,Low,Politician's assistant,24/11/2025,brianrivera@example.org,(288)744-4310x69872
CUST-00157,Anita Colon,Female,33,Nyeri,Middle,Tourism officer,19/01/2026,bgonzalez@example.org,(641)371-4677
CUST-00158,Jasmine Watson,Female,61,Thika,High,Merchant navy officer,24/12/2023,seanbaker@example.com,534-290-2115x869
CUST-00159,Sabrina Barnes,Female,46,Thika,Upper-Middle,Public relations officer,15/04/2025,thomasmiller@example.net,4894899217
CUST-00160,Dr. Beth Henderson,Female,36,Eldoret,Upper-Middle,"Presenter, broadcasting",18/07/2026,wendyburton@example.net,251-816-8685x487
CUST-00161,Chase Knight,Male,26,Nakuru,Upper-Middle,Chiropodist,09/09/2025,hartcraig@example.com,-8698
CUST-00162,Charles Franklin,Male,66,Kisumu,Middle,Operational investment banker,20/08/2026,fosternatasha@example.net,607.945.0544
CUST-00163,Michael Compton,Male,66,Meru,Upper-Middle,Contractor,03/09/2022,terri75@example.com,001-469-313-7367x8508
CUST-00164,Katie Taylor,Female,25,Nakuru,Upper-Middle,"Teacher, adult education",11/03/2025,thompsonnancy@example.org,9308705345
CUST-00165,Caleb Johnson,Male,42,Kisumu,Upper-Middle,Records manager,26/11/2023,ethompson@example.net,-2084
CUST-00166,Richard Lewis,Male,64,Kisumu,Upper-Middle,Equality and diversity officer,13/08/2022,josephortiz@example.org,001-707-922-9034x94466
CUST-00167,John Byrd,Male,22,Eldoret,Middle,Occupational psychologist,14/01/2026,smithyvonne@example.com,-3157
CUST-00168,Debbie Dawson,Female,25,Nairobi,Upper-Middle,Hydrogeologist,11/04/2026,edwardcannon@example.org,+1-565-720-7446x660
CUST-00169,Courtney Nichols,Female,49,Meru,Upper-Middle,Mechanical engineer,12/10/2024,megan82@example.com,772-548-2513
CUST-00170,Eric French,Male,22,Eldoret,High,Meteorologist,21/07/2023,brenda71@example.com,8996917381
CUST-00171,Seth Hernandez,Male,23,Nyeri,High,"Lighting technician, broadcasting/film/video",09/06/2022,dbenitez@example.org,421-975-2500x74329
CUST-00172,Richard Anderson,Male,55,Nairobi,Middle,"Pilot, airline",03/06/2024,epatterson@example.com,2082350583
CUST-00173,David Steele,Male,70,Eldoret,Low,Insurance underwriter,30/08/2023,curtisgordon@example.com,(710)844-7898
CUST-00174,Zachary Cooper,Male,26,Nyeri,Middle,Mechanical engineer,25/11/2024,frederickmeadows@example.com,3337230982
CUST-00175,Rebecca Brooks,Female,47,Meru,Upper-Middle,Freight forwarder,07/03/2026,wheelerbrandon@example.org,+1-200-616-7618x4723
CUST-00176,Ashlee Meyer,Female,38,Nairobi,Low,Trading standards officer,11/01/2026,robertroach@example.net,001-791-841-1739x3483
CUST-00177,Andrew Crawford,Male,59,Nakuru,Upper-Middle,Quarry manager,02/07/2022,jimmy01@example.org,001-972-618-1143
CUST-00178,Anthony Li,Male,29,Nakuru,Middle,Horticultural therapist,25/01/2021,laurie56@example.net,610-302-2557
CUST-00179,Grant Wilson,Male,29,Nairobi,High,"Programmer, multimedia",20/02/2024,mary76@example.net,(912)402-1697
CUST-00180,Peggy Carr,Female,63,Meru,Upper-Middle,"Conservator, furniture",22/07/2026,hknapp@example.com,301.845.0899x358
CUST-00181,David Reed,Male,33,Eldoret,Upper-Middle,Musician,27/06/2026,marygrant@example.net,7025877217
CUST-00182,Diana Hunter,Female,23,Nakuru,Upper-Middle,Multimedia specialist,01/06/2025,fmontoya@example.com,897.217.7517x016
CUST-00183,Aaron Davis,Male,46,Mombasa,Middle,Water engineer,15/11/2025,pamela83@example.net,+1-375-350-3758x99757
CUST-00184,Daniel Peterson,Male,36,Kisumu,Low,"Horticulturist, amenity",14/02/2026,jacqueline02@example.com,(561)949-3316
CUST-00185,Connor Morgan,Male,29,Eldoret,Upper-Middle,Armed forces training and education officer,04/04/2024,bartonshannon@example.net,001-982-470-8086
CUST-00186,Carrie Ochoa,Female,26,Meru,Upper-Middle,Naval architect,12/08/2021,william66@example.net,001-634-765-4722x698
CUST-00187,Taylor Chen,Female,36,Meru,High,"Engineer, manufacturing systems",11/06/2022,glenda22@example.net,-9504
CUST-00188,Joseph Johnson,Male,57,Nairobi,High,Astronomer,20/12/2021,gonzalezkaren@example.org,542-804-3805x7198
CUST-00189,Rachel Lindsey,Female,57,Eldoret,Low,Art gallery manager,07/03/2023,yhughes@example.net,580-604-3973x59893
CUST-00190,William Jones,Male,33,Nairobi,Upper-Middle,"Scientist, audiological",18/03/2022,bennettroy@example.net,222-694-0572x025
CUST-00191,Kenneth Howard,Male,67,Kisumu,High,Secondary school teacher,09/06/2023,susanmeyer@example.net,(768)786-1533
CUST-00192,Colleen Goodwin,Female,36,Kisumu,High,Public relations officer,31/03/2025,wilsonmichael@example.org,+1-799-930-5616x4840
CUST-00193,Elizabeth Pearson,Female,24,Meru,Upper-Middle,"Scientist, audiological",17/06/2023,vaughangary@example.net,-7271
CUST-00194,Brittany Stevens,Female,40,Thika,Low,Applications developer,22/07/2023,jonesgregory@example.com,-8228
CUST-00195,Michael Nichols,Male,40,Nyeri,High,Water engineer,10/03/2026,avilabrenda@example.net,958-814-4914
CUST-00196,Mary Wells,Female,61,Nyeri,Low,English as a second language teacher,09/04/2025,julierobles@example.net,824-350-8821x0099
CUST-00197,Nicole Berger,Female,24,Thika,Upper-Middle,"Engineer, mining",29/08/2023,gwhitehead@example.org,(223)994-3129
CUST-00198,Angel Powers,Female,26,Nyeri,Low,Chief Technology Officer,12/11/2022,jessicafreeman@example.com,(623)414-9135x775
CUST-00199,Holly Stewart,Female,45,Nairobi,Middle,Dispensing optician,17/05/2024,edwardskristen@example.net,001-364-452-5777x5478
CUST-00200,Angela Ramirez,Female,58,Meru,High,Solicitor,03/12/2021,josemercado@example.org,001-910-480-9969x3084
CUST-00201,Daniel Barton,Male,32,Eldoret,Middle,Contractor,18/03/2023,fmason@example.com,(480)939-2827x229
CUST-00202,Amanda Juarez,Female,47,Meru,Low,Biomedical scientist,15/09/2022,mike03@example.net,(467)870-0518x449
CUST-00203,Jacob Valdez,Male,59,Nakuru,Middle,"Scientist, forensic",24/05/2021,nicholas38@example.com,(657)579-0827x231
CUST-00204,Brooke Guzman,Female,54,Nairobi,High,Event organiser,27/09/2021,ushepherd@example.org,477.439.2603x0299
CUST-00205,Andrew Armstrong,Male,33,Mombasa,High,Dietitian,17/03/2021,sandra86@example.net,001-404-513-7977
CUST-00206,Kyle Norton,Male,60,Kisumu,High,Youth worker,13/04/2022,gary57@example.net,001-813-466-2103
CUST-00207,Cassandra Valenzuela,Female,51,Eldoret,High,Arboriculturist,01/11/2025,davisdonna@example.net,-6577
CUST-00208,Jane Chapman,Female,49,Nakuru,High,Teaching laboratory technician,29/08/2026,colemanjonathan@example.org,349-286-4300
CUST-00209,Daniel Brock,Male,43,Nakuru,Middle,Medical illustrator,18/03/2024,mooredenise@example.com,986-495-9463x688
CUST-00210,Justin King,Male,36,Nyeri,Upper-Middle,Technical brewer,05/05/2023,kim62@example.net,237-421-3865
CUST-00211,Madison Brock,Female,19,Eldoret,Upper-Middle,Public affairs consultant,20/12/2021,qdavis@example.org,(919)906-6984x902
CUST-00212,Sarah Galvan,Female,28,Meru,High,Higher education lecturer,20/02/2025,arthurgreene@example.net,001-739-820-5302x146
CUST-00213,Christina Smith,Female,40,Nyeri,High,Broadcast presenter,20/09/2026,dunnjessica@example.net,001-255-643-9376
CUST-00214,Katie Hansen,Female,31,Nakuru,High,Hospital pharmacist,05/01/2025,stacey84@example.net,001-947-269-7357
CUST-00215,David Reyes,Male,68,Nyeri,Low,Event organiser,10/08/2022,robert58@example.net,4439416518
CUST-00216,Colleen Berry,Female,66,Meru,High,Energy manager,15/04/2022,pmclaughlin@example.net,343.333.3952
CUST-00217,Megan Alvarado,Female,61,Kisumu,High,Accounting technician,15/12/2025,charlesnathan@example.com,894.972.8463x9208
CUST-00218,Andrew Reed,Male,27,Thika,Low,Ecologist,28/07/2026,sbray@example.net,450.603.6915x594
CUST-00219,Kaitlin Austin,Female,25,Meru,Low,Educational psychologist,05/11/2023,acoleman@example.net,001-855-864-7292x93143
CUST-00220,Robert Rodgers,Male,45,Kisumu,Low,Acupuncturist,03/10/2024,roberttaylor@example.net,685.974.4890x61203
CUST-00221,Anne Garner,Female,69,Eldoret,Upper-Middle,Media planner,11/12/2022,ann45@example.org,(915)393-9982x45587
CUST-00222,Donna Welch,Female,60,Mombasa,Upper-Middle,Diplomatic Services operational officer,19/12/2021,robert99@example.com,812-653-5544
CUST-00223,Priscilla Mcmillan,Female,39,Meru,Low,"Scientist, research (life sciences)",22/09/2025,lgutierrez@example.org,(334)913-2611
CUST-00224,Alexander Sanders,Male,34,Eldoret,Middle,Civil Service administrator,10/06/2021,christine16@example.com,234.772.2820
CUST-00225,Frederick Alvarez,Male,46,Mombasa,Low,Glass blower/designer,01/05/2025,staylor@example.net,(799)979-6884
CUST-00226,Regina Ramos,Female,29,Eldoret,Low,Passenger transport manager,05/11/2023,eric00@example.net,001-525-247-8077x40649
CUST-00227,Colin Khan,Male,39,Nairobi,Upper-Middle,Nutritional therapist,14/06/2024,frankmclaughlin@example.com,(534)316-3894x4846
CUST-00228,Donna Walsh,Female,42,Nyeri,Middle,Production manager,27/12/2025,jackie73@example.com,4209802144
CUST-00229,David Hernandez,Male,52,Nyeri,Middle,"Engineer, water",06/12/2024,robert75@example.com,001-505-612-0461x872
CUST-00230,Ronald Martinez,Male,30,Mombasa,High,Musician,07/11/2022,cwright@example.org,318.637.6452x088
CUST-00231,Edwin Ward,Male,50,Kisumu,Middle,Engineering geologist,05/03/2021,youngryan@example.org,(949)416-3009
CUST-00232,Ann Moore,Female,59,Eldoret,High,Water engineer,05/07/2021,sarah00@example.com,+1-828-712-7358x5730
CUST-00233,Danielle Williams,Female,61,Nairobi,High,"Surveyor, land/geomatics",15/06/2024,amy73@example.net,(385)457-4982
CUST-00234,Sabrina Weaver,Female,62,Kisumu,Low,Academic librarian,05/08/2024,bgross@example.net,(693)751-8638x782
CUST-00235,Erica Davis,Female,41,Eldoret,High,Broadcast engineer,04/05/2026,conleydavid@example.org,617.231.0967
CUST-00236,Lisa Jones,Female,48,Eldoret,Middle,Regulatory affairs officer,05/07/2022,mcdonalddanielle@example.com,-5774
CUST-00237,Toni Davis,Female,49,Mombasa,Middle,Ship broker,12/09/2022,hlopez@example.net,992.888.6195
CUST-00238,Carol White,Female,55,Thika,Upper-Middle,Retail merchandiser,24/02/2024,diane89@example.com,(558)855-6659x398
CUST-00239,Tammy King,Female,20,Nyeri,Upper-Middle,Product/process development scientist,31/07/2024,csmith@example.com,+1-408-324-0433x504
CUST-00240,Henry Taylor,Male,55,Nairobi,High,Television floor manager,09/11/2023,jesseshepherd@example.org,001-369-631-5727
CUST-00241,Rhonda James,Female,68,Nakuru,Upper-Middle,"Lecturer, higher education",17/03/2021,nichole66@example.org,001-539-406-0480x58925
CUST-00242,Nicholas Long,Male,59,Nakuru,Upper-Middle,"Therapist, nutritional",10/07/2024,walkerkeith@example.com,(625)317-9086
CUST-00243,Jeffrey Wolfe,Male,59,Mombasa,Low,Quarry manager,18/11/2021,tonypearson@example.org,-2195
CUST-00244,Jessica Bailey,Female,69,Meru,Low,Local government officer,18/06/2023,carrillogary@example.com,+1-279-527-0335x211
CUST-00245,Tammy Melton,Female,65,Kisumu,Low,"Administrator, education",07/03/2023,heather14@example.com,405.238.3388x4879
CUST-00246,Susan Rose,Female,39,Nyeri,Middle,"Doctor, hospital",27/11/2022,campbellkristina@example.net,507-801-6451x046
CUST-00247,Michael Mckee,Male,27,Thika,Upper-Middle,"Therapist, speech and language",08/11/2024,lopezvincent@example.com,-5213
CUST-00248,Harold Garrett,Male,35,Meru,Upper-Middle,Retail banker,28/09/2022,lisa46@example.org,-7583
CUST-00249,Brittany Waller,Female,70,Mombasa,High,Landscape architect,18/11/2025,ndaniels@example.net,(498)432-4826
CUST-00250,Justin Fry,Male,28,Nakuru,High,Educational psychologist,27/09/2021,mary20@example.com,(564)574-2312x20994
CUST-00251,Allison Miller,Female,24,Nyeri,Low,Contractor,14/10/2024,xjoseph@example.org,(577)522-3306x0463
CUST-00252,Tammy Duke,Female,53,Mombasa,High,Recruitment consultant,25/12/2025,michelle36@example.com,001-909-965-6999x88081
CUST-00253,Amanda Forbes,Female,62,Eldoret,High,Soil scientist,22/02/2025,cterrell@example.net,(280)434-7644x7264
CUST-00254,Maria Davis,Female,25,Nakuru,High,"Clinical scientist, histocompatibility and immunogenetics",28/12/2024,kimberlypace@example.net,-8517
CUST-00255,Fred Wong,Male,58,Thika,Middle,Community pharmacist,16/02/2022,wilsonshannon@example.com,286-489-2686
CUST-00256,Keith Keller,Male,59,Meru,Upper-Middle,"Designer, textile",04/01/2022,haroldjoseph@example.com,947-942-1230x9407
CUST-00257,Abigail Andrade,Female,26,Kisumu,Low,"Engineer, water",04/10/2022,cchavez@example.org,+1-290-738-4983x022
CUST-00258,Scott Estrada,Male,38,Meru,Low,Hydrogeologist,12/11/2025,samantha01@example.com,(724)299-9827
CUST-00259,Edwin Richardson,Male,34,Kisumu,High,Broadcast journalist,16/12/2023,ebridges@example.com,321.945.8683x3901
CUST-00260,Lisa French,Female,42,Nyeri,Middle,Physiotherapist,06/03/2023,jordan99@example.com,(599)678-7729
CUST-00261,April Johnson DDS,Female,60,Mombasa,High,"Engineer, maintenance (IT)",26/09/2021,vgutierrez@example.com,-5107
CUST-00262,Felicia Foster,Female,36,Nairobi,Upper-Middle,Warden/ranger,28/07/2025,collierjames@example.com,+1-677-702-7278x57608
CUST-00263,Albert Ray,Male,47,Meru,Middle,Manufacturing systems engineer,22/07/2023,montesjuan@example.org,868-329-9629x14504
CUST-00264,Cynthia Hayes,Female,25,Thika,Upper-Middle,"Engineer, technical sales",23/04/2023,gregory50@example.org,978-607-8235
CUST-00265,Charles Wiggins,Male,44,Eldoret,Middle,Consulting civil engineer,14/02/2025,jennystevens@example.net,610.540.9157x01840
CUST-00266,Corey Hill,Male,48,Mombasa,Middle,Prison officer,13/06/2023,nelsoneric@example.org,7986813858
CUST-00267,Michael Campbell,Male,22,Thika,Middle,Dramatherapist,25/10/2022,collinspatricia@example.net,402.907.0160x166
CUST-00268,Erik Roth,Male,69,Nakuru,Low,"Social research officer, government",10/06/2026,beltrankatelyn@example.com,001-521-571-7477
CUST-00269,Steven Scott,Male,56,Nakuru,Middle,"Nurse, children's",29/10/2023,hollyortega@example.com,470.317.1577x245
CUST-00270,Michelle Rodriguez,Female,68,Kisumu,Low,Building services engineer,18/06/2025,amanda69@example.com,593.882.7615
CUST-00271,Jessica Cobb,Female,28,Kisumu,Upper-Middle,Fashion designer,13/05/2025,elainemiller@example.net,001-971-499-7581
CUST-00272,Jared George,Male,26,Nairobi,Middle,"Therapist, occupational",25/07/2026,pmurphy@example.net,6138290227
CUST-00273,Jeremy Harris,Male,41,Nakuru,Upper-Middle,Hydrographic surveyor,05/06/2023,samantha65@example.org,001-209-286-2405
CUST-00274,Robert Howard,Male,30,Eldoret,Low,Airline pilot,18/02/2023,ryanlawrence@example.net,866-466-8327x23865
CUST-00275,Shane Martinez,Male,66,Nyeri,Low,Building surveyor,31/10/2020,thomasnicole@example.net,(921)826-7969x27868
CUST-00276,Cody Jacobs,Male,49,Meru,Upper-Middle,Research scientist (physical sciences),25/08/2025,jenniferadams@example.net,001-950-309-7519
CUST-00277,Nicholas Terrell,Male,47,Nakuru,Low,"Psychologist, occupational",10/02/2023,millschelsea@example.org,918.794.9058x0778
CUST-00278,Toni Yates,Female,48,Nairobi,Low,Diplomatic Services operational officer,12/03/2023,nealcarla@example.com,001-994-307-9290x4904
CUST-00279,Angela Bowers,Female,44,Nyeri,Low,Consulting civil engineer,17/11/2022,joshua40@example.net,592-992-7524
CUST-00280,Kelsey Johnson,Female,64,Meru,Low,Dance movement psychotherapist,14/06/2021,marymullins@example.com,001-863-972-3950x41027
CUST-00281,Paul Goodwin,Male,39,Kisumu,Low,Facilities manager,06/04/2025,yvega@example.com,728-860-4765x801
CUST-00282,Matthew Nelson,Male,36,Thika,High,"Geologist, engineering",12/01/2023,scottbreanna@example.com,001-339-338-5258x00106
CUST-00283,Heather Hardy,Female,48,Nyeri,Low,"Engineer, automotive",16/11/2022,johnsonchristopher@example.net,+1-639-911-1926x92124
CUST-00284,Bill Chavez,Male,60,Nakuru,High,Physiotherapist,31/01/2023,jonathan14@example.org,(465)904-4271x7396
CUST-00285,Kimberly Reynolds,Female,33,Nyeri,Upper-Middle,Claims inspector/assessor,15/12/2025,gbaldwin@example.org,219-847-0720
CUST-00286,Melissa Conway,Female,44,Nyeri,Low,"Accountant, chartered certified",15/08/2025,zmendoza@example.net,001-218-330-6719x85546
CUST-00287,Sarah Peterson,Female,46,Thika,Upper-Middle,Horticultural consultant,23/08/2024,gregorywilliams@example.com,+1-534-961-5717x32030
CUST-00288,Rebecca Schneider,Female,28,Meru,Low,"Social research officer, government",25/12/2024,blevy@example.org,205-406-1387x82931
CUST-00289,Alec Meadows,Male,24,Mombasa,High,Armed forces technical officer,29/12/2025,jacquelineanderson@example.org,+1-504-317-9291x1179
CUST-00290,Jeffery Cain,Male,66,Thika,Middle,Operational investment banker,03/07/2026,david98@example.org,430-992-5114x26258
CUST-00291,Kevin Anderson,Male,56,Thika,Low,Video editor,10/02/2026,bstrickland@example.com,400-521-9467
CUST-00292,Denise Cole,Female,41,Nyeri,Low,Ecologist,08/10/2022,carlsonjennifer@example.net,345-760-8331
CUST-00293,Victoria Romero,Female,57,Eldoret,Upper-Middle,"Engineer, manufacturing",06/09/2024,brian12@example.net,972.220.0543x6459
CUST-00294,Anthony Medina,Male,55,Nakuru,Middle,Air cabin crew,29/01/2022,erobertson@example.org,001-579-895-6353x1531
CUST-00295,Jaime Walker,Female,33,Mombasa,Upper-Middle,Textile designer,27/09/2024,bbrown@example.org,797.626.5273
CUST-00296,Bethany Schwartz,Female,26,Eldoret,Middle,Health visitor,29/03/2021,danielowens@example.com,(553)349-2929
CUST-00297,Kelly Atkins,Female,54,Nairobi,Upper-Middle,"Therapist, art",29/07/2022,rhood@example.org,001-263-235-6939x2906
CUST-00298,Nicholas Gordon MD,Male,30,Eldoret,Upper-Middle,Quality manager,02/02/2024,chavezjohn@example.net,001-206-932-5431x07427
CUST-00299,Brenda Warner,Female,41,Nairobi,Middle,Metallurgist,22/04/2022,apadilla@example.net,565-380-4649
CUST-00300,George Randolph,Male,55,Nyeri,Low,Medical physicist,10/02/2025,rodriguezmichael@example.net,7555281832
CUST-00301,Matthew Mclaughlin,Male,66,Nairobi,Low,"Engineer, manufacturing systems",01/09/2025,lukehurst@example.net,+1-664-901-5577x88178
CUST-00302,Robert Dougherty,Male,43,Nyeri,High,Emergency planning/management officer,16/04/2021,zmiller@example.org,811-424-1272x3804
CUST-00303,Jennifer Rojas,Female,29,Thika,Upper-Middle,"Horticulturist, amenity",30/11/2020,bryanwiggins@example.org,456.695.5798x87749
CUST-00304,Debbie Washington,Female,68,Mombasa,Low,Art gallery manager,09/03/2023,michaelbryant@example.org,+1-428-942-2223x105
CUST-00305,Cody Hart,Male,29,Nairobi,Low,Investment analyst,10/01/2021,earl78@example.org,-7921
CUST-00306,Ms. Katie Holland,Female,47,Nyeri,High,Public relations account executive,01/04/2023,tara92@example.net,001-575-917-0281x4069
CUST-00307,Erin Franklin,Female,45,Eldoret,Middle,Television production assistant,24/05/2022,kimberlywang@example.org,7182718637
CUST-00308,Isaac Hernandez,Male,41,Nyeri,Low,Merchant navy officer,15/05/2024,swatson@example.com,(847)481-3767x426
CUST-00309,Linda Thomas,Female,62,Meru,Upper-Middle,Public relations officer,25/04/2023,carl96@example.org,5644628792
CUST-00310,Dylan Henry,Male,33,Nyeri,Low,Textile designer,21/04/2023,troy73@example.org,9245471462
CUST-00311,Phillip Snyder,Male,32,Eldoret,Middle,Tour manager,20/04/2021,bianca96@example.com,+1-971-458-9042x9025
CUST-00312,Anthony Ward,Male,67,Eldoret,Upper-Middle,Market researcher,22/02/2026,robertsalyssa@example.org,732.419.2855x44518
CUST-00313,Kelly Watson,Female,26,Nairobi,High,Paramedic,09/11/2024,samantha21@example.org,(383)838-9888
CUST-00314,Angela Fuentes,Female,30,Kisumu,High,Quantity surveyor,17/11/2020,larry52@example.com,+1-485-524-0132x234
CUST-00315,Blake Vazquez,Male,51,Thika,Low,Careers adviser,07/09/2021,hamptonkatherine@example.org,210.389.0714
CUST-00316,Alexandra Davis,Female,66,Nairobi,High,Town planner,14/10/2021,brianagonzalez@example.net,(301)324-9552x893
CUST-00317,Phillip Rice,Male,48,Mombasa,Upper-Middle,Herbalist,13/05/2022,rachelmedina@example.net,438-775-9271
CUST-00318,Jessica Palmer MD,Female,55,Nyeri,High,Community pharmacist,29/05/2023,irodriguez@example.com,001-954-580-1571x64794
CUST-00319,Donna Wyatt,Female,26,Nyeri,Low,Building control surveyor,04/05/2022,xcrosby@example.org,8718678112
CUST-00320,Vanessa Figueroa,Female,29,Meru,Upper-Middle,Bookseller,03/03/2022,theresa53@example.net,(813)967-4994x6579
CUST-00321,Charles Gibson,Male,46,Mombasa,Middle,Fitness centre manager,09/10/2021,ocrawford@example.org,7104170269
CUST-00322,Lisa Wolf,Female,56,Nyeri,Low,"Scientist, product/process development",10/05/2026,msparks@example.com,+1-977-784-8588x00616
CUST-00323,Jessica Johnson,Female,38,Thika,Middle,"Surveyor, hydrographic",28/03/2022,nicole27@example.com,(946)971-9788
CUST-00324,Brooke Brown,Female,68,Kisumu,Low,"Research officer, trade union",22/12/2022,wjensen@example.com,700-790-2559x05616
CUST-00325,Anthony Sanchez,Male,52,Nakuru,Upper-Middle,Insurance underwriter,23/09/2022,lozanocameron@example.com,852-608-5076
CUST-00326,Julie Johnson,Female,65,Kisumu,Middle,Multimedia programmer,05/06/2023,gmorris@example.com,735-878-5294
CUST-00327,Mark Dickson,Male,28,Eldoret,Middle,Social worker,17/05/2021,karlwilliams@example.net,(839)519-1954x1987
CUST-00328,Billy Colon,Male,57,Kisumu,Low,Hydrologist,09/01/2025,ualvarado@example.org,(964)698-7820x82973
CUST-00329,Joseph Mendez,Male,68,Meru,High,Systems developer,03/06/2024,boydmichael@example.org,624.666.5136
CUST-00330,Dawn Burke,Female,62,Thika,Upper-Middle,Field trials officer,08/03/2024,hernandezanthony@example.com,678.466.0324x204
CUST-00331,Andrew Sharp,Male,47,Mombasa,High,Automotive engineer,25/11/2020,edwardskenneth@example.org,(951)362-3198x18984
CUST-00332,Barbara Roman,Female,59,Eldoret,Upper-Middle,Television/film/video producer,15/07/2023,vshaffer@example.org,(732)312-3476x49078
CUST-00333,Jeff Vega,Male,41,Mombasa,Upper-Middle,Dance movement psychotherapist,04/02/2023,thomas54@example.org,+1-990-803-4864x5183
CUST-00334,Tonya Pennington,Female,47,Nairobi,Low,Illustrator,27/11/2022,mayerkatherine@example.com,927.856.0417
CUST-00335,Faith Henderson,Female,37,Mombasa,Low,"Designer, multimedia",02/08/2021,william56@example.net,001-785-370-0272x0634
CUST-00336,Danielle Reeves,Female,48,Nairobi,High,"Conservator, furniture",03/04/2026,usparks@example.com,824.529.5431x6526
CUST-00337,Alexander Hansen,Male,39,Meru,Middle,Estate manager/land agent,09/12/2025,mccannjames@example.net,(706)496-9421
CUST-00338,Bruce Higgins,Male,47,Mombasa,Upper-Middle,Professor Emeritus,07/06/2024,twilson@example.org,544.676.2639
CUST-00339,Collin White,Male,51,Kisumu,Low,Air cabin crew,22/12/2021,theresa39@example.com,859.571.0725
CUST-00340,Michael Fitzgerald,Male,64,Meru,High,"Buyer, industrial",30/11/2022,hawkinsbrett@example.org,459.290.0489x6465
CUST-00341,David Gordon,Male,42,Thika,Upper-Middle,Psychotherapist,14/08/2023,christopherpage@example.com,(841)650-2745
CUST-00342,Deborah Gallegos,Female,45,Thika,Low,"Scientist, forensic",23/12/2022,ryan25@example.net,428.970.3203x2074
CUST-00343,Whitney Ho,Female,23,Thika,Low,Private music teacher,29/01/2021,vanessa87@example.com,512.215.1342x2849
CUST-00344,Laura Butler,Female,37,Eldoret,Middle,Fine artist,21/05/2021,vrhodes@example.org,616-259-1520x1777
CUST-00345,Amanda Dean,Female,24,Kisumu,Upper-Middle,"Journalist, broadcasting",02/08/2024,jasonwilliams@example.net,350-218-9616x4236
CUST-00346,Carla Chan,Female,60,Nyeri,Middle,"Designer, exhibition/display",27/02/2023,evanslaurie@example.net,892-351-5837x7674
CUST-00347,Robert Austin,Male,38,Nyeri,Upper-Middle,Physiological scientist,04/06/2024,williamsmatthew@example.com,+1-432-678-8147x61742
CUST-00348,Joseph Phillips,Male,61,Mombasa,High,Structural engineer,20/02/2021,lowerywilliam@example.net,(461)479-4549x18017
CUST-00349,Amber Butler,Female,20,Thika,Upper-Middle,Human resources officer,22/09/2026,brenda77@example.net,252-832-1941x680
CUST-00350,Christopher Woods,Male,32,Thika,High,Ophthalmologist,14/08/2026,nturner@example.com,001-564-912-2031x030
CUST-00351,Matthew Graham,Male,33,Kisumu,Middle,Solicitor,22/01/2026,christophercarrillo@example.org,560.612.2777x0793
CUST-00352,Roy Williams,Male,37,Mombasa,Low,"Civil engineer, contracting",19/10/2020,fpetty@example.net,001-998-540-7678
CUST-00353,Kelsey Henderson,Female,68,Kisumu,High,Surgeon,03/06/2023,adamsdeborah@example.com,579-957-6024
CUST-00354,David Robinson,Male,29,Kisumu,Middle,"Librarian, academic",24/07/2026,sanderson@example.net,001-466-557-2934x172
CUST-00355,Katherine Leon,Female,21,Nyeri,Upper-Middle,Immunologist,06/12/2024,jasonwilliams@example.org,(545)322-8015x619
CUST-00356,John Chaney,Male,47,Eldoret,High,Armed forces training and education officer,03/10/2023,paula89@example.net,207-371-1991
CUST-00357,Bruce Harris,Male,53,Nakuru,Upper-Middle,"Designer, graphic",23/10/2023,jean87@example.net,225-552-1376
CUST-00358,Kara Mitchell,Female,31,Thika,High,Chartered certified accountant,11/03/2022,nathan65@example.net,+1-932-486-3266x67850
CUST-00359,Michelle Holmes,Female,68,Eldoret,High,Chartered accountant,29/04/2021,leroy26@example.org,(202)690-8466x8455
CUST-00360,Lisa Thomas,Female,29,Nakuru,Middle,Product designer,02/03/2024,paigeweber@example.net,+1-675-563-4108x5628
CUST-00361,Kristen Boyd,Female,22,Meru,Upper-Middle,"Designer, jewellery",21/02/2026,johnsonlaura@example.net,234-368-1054x851
CUST-00362,Kenneth Smith,Male,64,Mombasa,Upper-Middle,Fashion designer,14/08/2023,michaelmitchell@example.net,001-526-783-1589
CUST-00363,Charles Simmons,Male,67,Kisumu,Upper-Middle,Ceramics designer,28/03/2024,brownpamela@example.com,871.658.6988
CUST-00364,Mallory Barajas,Female,51,Kisumu,High,Recruitment consultant,05/08/2026,jcolon@example.net,(977)228-8137
CUST-00365,Tony Wood,Male,33,Meru,Upper-Middle,Town planner,28/09/2021,xrodriguez@example.net,408-821-5454x4702
CUST-00366,Steven Small,Male,45,Nairobi,High,"Education officer, museum",26/07/2022,jsmith@example.com,806-979-4975
CUST-00367,Sandra Anderson,Female,34,Nyeri,Low,Retail merchandiser,29/11/2021,qgill@example.com,(751)299-6636
CUST-00368,Stacy Fitzgerald,Female,33,Nairobi,Upper-Middle,Chartered management accountant,24/03/2026,jasminearmstrong@example.net,981-281-3989x0983
CUST-00369,Timothy White,Male,64,Thika,Middle,Haematologist,22/11/2020,johnthornton@example.net,418.895.6907x056
CUST-00370,Joseph Reyes,Male,21,Eldoret,High,Colour technologist,04/07/2021,weaverjustin@example.org,612-846-2095x200
CUST-00371,Charles Orozco,Male,67,Meru,High,Mining engineer,05/12/2022,williamsjohn@example.net,001-737-988-6140
CUST-00372,Austin Johnson,Male,24,Nairobi,Upper-Middle,Facilities manager,14/02/2026,adamstabitha@example.net,538-424-9671
CUST-00373,William Casey,Male,28,Nyeri,Low,Pharmacologist,22/04/2025,dwilliams@example.net,620-207-4946x5398
CUST-00374,Kimberly Jones,Female,34,Eldoret,Low,Nutritional therapist,30/06/2021,rivasjessica@example.com,(739)285-5474x35537
CUST-00375,Casey Nielsen,Male,34,Nyeri,High,Publishing copy,29/11/2025,valenzuelaemily@example.com,-2963
CUST-00376,Mr. Kyle Hughes,Male,26,Meru,Low,Actuary,30/08/2026,fordsharon@example.com,5305453194
CUST-00377,Walter Johnson MD,Male,64,Kisumu,Upper-Middle,Trading standards officer,21/09/2026,adrianjoyce@example.net,(314)498-7283x9992
CUST-00378,Bethany Mahoney,Female,19,Thika,Middle,"Scientist, research (medical)",03/09/2022,james08@example.net,987-906-0566x418
CUST-00379,Olivia Stephenson,Female,30,Mombasa,Upper-Middle,Art gallery manager,23/08/2022,samantha87@example.com,3635519036
CUST-00380,Gary Brown,Male,52,Nairobi,High,Chief Strategy Officer,19/01/2026,castillolindsey@example.net,+1-954-331-7350x5831
CUST-00381,Lauren Miller,Female,21,Nyeri,Upper-Middle,Analytical chemist,01/04/2021,sedwards@example.org,(207)204-9611
CUST-00382,Jane Davis,Female,66,Nairobi,Upper-Middle,"Exhibitions officer, museum/gallery",25/03/2024,chavezsteven@example.com,+1-291-350-7859x311
CUST-00383,Ryan Strong,Male,41,Nakuru,Low,Sales executive,21/10/2021,michael79@example.com,(732)600-2496
CUST-00384,Kimberly Thomas,Female,27,Nairobi,Upper-Middle,Insurance broker,22/09/2024,kelly08@example.net,+1-520-938-8065x33315
CUST-00385,Vicki Greene,Female,60,Kisumu,High,Technical sales engineer,20/07/2023,christina65@example.org,570-573-0337
CUST-00386,Patricia Briggs,Female,59,Kisumu,Middle,"Engineer, land",06/12/2023,alopez@example.com,5157081247
CUST-00387,Allen Gonzalez,Male,64,Meru,Low,English as a foreign language teacher,20/03/2022,jennifer58@example.org,(330)724-1026
CUST-00388,Elizabeth Allen,Female,31,Nairobi,Middle,Dramatherapist,25/11/2023,ejohns@example.org,(823)538-6559
CUST-00389,Phillip Matthews,Male,39,Eldoret,High,Hospital pharmacist,15/04/2025,markbrown@example.com,(489)873-1791
CUST-00390,Maria Hicks,Female,35,Nairobi,Middle,"Scientist, physiological",22/12/2024,twhite@example.com,877.574.9690x33373
CUST-00391,Stacy Duncan,Female,41,Nairobi,Upper-Middle,Forest/woodland manager,01/12/2023,taylorchristopher@example.com,753.990.7895x67766
CUST-00392,Janet White,Female,26,Thika,High,Geochemist,21/09/2022,howardchristopher@example.net,781.643.1115x08353
CUST-00393,Robyn Sutton,Female,66,Meru,High,"Engineer, aeronautical",25/01/2023,yeseniagoodwin@example.net,-6852
CUST-00394,Virginia Lynn,Female,30,Meru,High,Estate agent,12/02/2024,jenniferclark@example.org,298.777.5153x66377
CUST-00395,Shelly Torres,Female,70,Eldoret,Low,Restaurant manager,25/10/2020,matthew66@example.net,001-868-845-9090x22599
CUST-00396,Jeanette Ferguson,Female,24,Nyeri,Middle,Public relations officer,03/05/2022,murphysuzanne@example.net,812-618-2097x0231
CUST-00397,Doris Warren,Female,39,Mombasa,Low,Barista,07/08/2024,april25@example.com,(821)928-6716x3234
CUST-00398,Laura Collins,Female,61,Eldoret,Upper-Middle,Retail buyer,17/06/2022,ahill@example.org,216.393.8597x779
CUST-00399,Sierra Bryant,Female,57,Nyeri,Middle,Human resources officer,09/09/2026,zaustin@example.org,(632)696-7629x16032
CUST-00400,Andrea Barber,Female,41,Meru,Low,"Research officer, political party",31/07/2022,jriddle@example.org,(911)285-6724x380
CUST-00401,Melissa Brady,Female,58,Nyeri,Upper-Middle,Lobbyist,23/12/2023,zfoley@example.org,3415257771
CUST-00402,Jeffrey Ruiz,Male,23,Nyeri,Upper-Middle,"Designer, television/film set",09/02/2023,marylawson@example.org,218-562-1042x7523
CUST-00403,Anthony Walters,Male,20,Kisumu,High,"Civil engineer, contracting",07/03/2025,cvaughn@example.org,+1-200-263-3533x106
CUST-00404,Corey Caldwell,Male,27,Mombasa,Middle,Chief Operating Officer,11/08/2022,jenniferwilliams@example.net,855-383-9386
CUST-00405,Ashley Morris,Female,42,Nyeri,Low,Operational investment banker,10/11/2020,alexander37@example.org,949-350-1364
CUST-00406,Rick Nielsen,Male,62,Meru,Upper-Middle,Dramatherapist,29/07/2025,susan95@example.net,001-962-852-5715x099
CUST-00407,Natalie Gordon,Female,47,Mombasa,Middle,"Administrator, Civil Service",23/09/2026,andrewblake@example.org,836-539-1025x7432
CUST-00408,Cynthia Swanson,Female,44,Thika,Upper-Middle,Land/geomatics surveyor,04/07/2024,joshuaschneider@example.org,864.703.5533x80339
CUST-00409,Mark Brown,Male,26,Nairobi,Middle,Building control surveyor,30/11/2024,brettbraun@example.org,(812)998-3381
CUST-00410,Mikayla Sanchez,Female,52,Nyeri,Low,Trading standards officer,27/03/2022,kevinray@example.net,947.815.6627
CUST-00411,Nancy Wolf,Female,68,Eldoret,High,Advertising account planner,31/10/2024,fsimmons@example.com,+1-982-382-4674x746
CUST-00412,Miguel Gonzalez,Male,58,Eldoret,High,"Accountant, chartered management",07/05/2022,hensleyjessica@example.com,866.465.6749x1601
CUST-00413,Jeffrey Scott,Male,26,Kisumu,Low,Sales executive,12/09/2023,xreid@example.net,4666337050
CUST-00414,Terry Hernandez,Female,30,Meru,Low,Town planner,02/11/2022,alexanderwise@example.net,001-866-691-8362x644
CUST-00415,Nicole Glass,Female,61,Thika,Low,Clinical embryologist,28/06/2021,lisa43@example.net,(440)427-0116x8646
CUST-00416,Michele Gonzalez,Female,38,Kisumu,Middle,Retail buyer,13/04/2022,hayeslisa@example.org,402.334.6791
CUST-00417,Jamie Hill,Female,51,Nakuru,Low,Air traffic controller,24/08/2023,timothychambers@example.org,2048090138
CUST-00418,William Juarez,Male,69,Kisumu,Middle,Public librarian,12/11/2024,cassandra55@example.net,453-256-6905x51076
CUST-00419,Sheila Ramirez,Female,20,Thika,Upper-Middle,Fish farm manager,06/09/2026,shannon78@example.com,+1-330-750-5057x39769
CUST-00420,Tara Galvan,Female,70,Kisumu,Low,Chiropodist,02/05/2026,mcarter@example.net,(989)480-2714
CUST-00421,Troy Olson,Male,38,Nyeri,High,Financial adviser,01/05/2025,jasonmullins@example.net,001-311-460-2564x347
CUST-00422,Madeline Vasquez,Female,68,Nyeri,Low,Learning mentor,14/08/2026,sarahmiranda@example.net,356-668-6334
CUST-00423,Brandon Yang,Male,39,Mombasa,High,Commercial art gallery manager,02/05/2022,david56@example.net,001-504-309-8366x5528
CUST-00424,Kimberly Murray,Female,62,Thika,Middle,Housing manager/officer,18/12/2021,vincentbryant@example.net,620-895-4814x9737
CUST-00425,Robert Hernandez,Male,68,Kisumu,High,Equality and diversity officer,11/07/2022,leblanckimberly@example.com,001-364-620-8656x7566
CUST-00426,Thomas Haynes,Male,26,Kisumu,Upper-Middle,"Nurse, mental health",24/05/2025,andersonkaren@example.net,4475292774
CUST-00427,Paul Moss,Male,29,Thika,Middle,Medical illustrator,23/10/2020,gregoryvanessa@example.org,(862)401-5720x1859
CUST-00428,Jennifer Johnson,Female,52,Eldoret,Low,Occupational psychologist,13/10/2022,mturner@example.org,+1-961-576-4750x1111
CUST-00429,Laura Armstrong,Female,31,Eldoret,Middle,Chief Marketing Officer,23/01/2023,patrickcooke@example.net,(949)321-5182x60688
CUST-00430,Lauren Reeves,Female,58,Mombasa,Middle,Company secretary,11/04/2026,tammymerritt@example.org,+1-320-687-5102x932
CUST-00431,Andrew Whitney,Male,29,Thika,Low,Hydrogeologist,14/01/2025,tammy26@example.net,9347084872
CUST-00432,William Bell,Male,24,Nairobi,Upper-Middle,"Sales professional, IT",24/04/2025,haileybates@example.org,503.724.3298
CUST-00433,Nicholas Henderson,Male,68,Nyeri,Low,Freight forwarder,30/05/2025,patrick26@example.com,746-428-3143
CUST-00434,Brittany Riddle,Female,59,Eldoret,Upper-Middle,Museum education officer,03/06/2024,maynardjohn@example.com,781-686-1515
CUST-00435,Rebecca Hill,Female,34,Nyeri,Upper-Middle,Multimedia programmer,26/07/2021,nicholasgarcia@example.org,(684)697-1859
CUST-00436,Stephanie Jackson,Female,23,Nairobi,Middle,"Education officer, community",18/01/2024,linda88@example.net,(279)724-0822x2694
CUST-00437,Danielle Franklin,Female,45,Meru,High,"Education officer, museum",17/08/2024,zandersen@example.com,544.368.3414x65111
CUST-00438,Anthony Paul,Male,40,Kisumu,Upper-Middle,"Research officer, government",12/06/2025,haydenroger@example.net,001-727-578-8160x9306
CUST-00439,Mary Knapp DVM,Female,65,Thika,High,Transport planner,23/03/2025,lawsontami@example.net,001-783-321-5285x06762
CUST-00440,Michael Decker,Male,67,Thika,Low,Horticultural therapist,26/09/2021,timothy43@example.org,001-996-734-8079x7050
CUST-00441,Ashley Bailey,Female,34,Meru,Low,Operational investment banker,26/04/2022,alan67@example.org,688-526-1702
CUST-00442,Jacqueline Diaz,Female,47,Nakuru,Middle,Software engineer,14/04/2022,daniel77@example.org,(256)405-3134
CUST-00443,Patrick Santana,Male,22,Eldoret,High,"Engineer, civil (contracting)",05/02/2022,rmoyer@example.org,(478)772-5686x21102
CUST-00444,Pamela Young,Female,34,Kisumu,Upper-Middle,"Lighting technician, broadcasting/film/video",03/07/2026,vbray@example.org,(374)647-1639x28234
CUST-00445,Danielle Hoover MD,Female,31,Kisumu,High,Retail buyer,11/08/2021,jacobbond@example.net,+1-523-312-6043x2609
CUST-00446,Jamie Warren,Female,50,Eldoret,High,Exercise physiologist,09/09/2026,matthewmendoza@example.net,(204)214-5456x35020
CUST-00447,Frank Mitchell,Male,24,Nyeri,High,Training and development officer,12/02/2023,jordanjohnny@example.com,(754)511-0825x559
CUST-00448,Daniel Cruz,Male,32,Thika,Low,"Conservator, furniture",21/08/2021,williamstanya@example.net,937.511.8954
CUST-00449,Christian Anderson,Male,37,Meru,High,Statistician,16/04/2024,patricia85@example.com,416.617.6880x294
CUST-00450,Kylie Bauer,Female,53,Nairobi,Low,Energy manager,20/08/2026,isimpson@example.net,627-586-8669
CUST-00451,Caitlin Robinson,Female,27,Eldoret,Upper-Middle,Acupuncturist,29/08/2026,ugordon@example.net,643-244-8123x083
CUST-00452,Teresa Ramirez,Female,42,Nairobi,High,Geophysicist/field seismologist,12/11/2021,dayjohn@example.org,-6586
CUST-00453,Logan Nguyen,Male,55,Nakuru,Upper-Middle,Administrator,21/03/2021,jeffrey42@example.com,9895164983
CUST-00454,Christina Soto,Female,23,Nyeri,High,"Designer, furniture",05/02/2024,uhall@example.com,(427)617-2722x397
CUST-00455,Carla Thompson,Female,58,Mombasa,Middle,Translator,01/02/2024,chadjones@example.org,261.282.0916x601
CUST-00456,Randy Adams,Male,44,Thika,Upper-Middle,Tourism officer,26/01/2026,sparksalbert@example.org,-9354
CUST-00457,Dana Stephens,Female,67,Kisumu,Middle,Speech and language therapist,03/01/2023,smithbradley@example.net,618-562-0303x6625
CUST-00458,Melinda Mcdaniel,Female,51,Nairobi,Low,Regulatory affairs officer,09/09/2021,vickiwalker@example.com,(719)451-5109x226
CUST-00459,Chris Contreras,Male,27,Thika,High,Historic buildings inspector/conservation officer,19/04/2023,nancy47@example.net,(341)802-2526x771
CUST-00460,Diana Davis,Female,28,Kisumu,Upper-Middle,"Education officer, environmental",26/10/2021,fgomez@example.com,569.852.3668x7887
CUST-00461,Michelle Rose,Female,29,Nyeri,Upper-Middle,English as a foreign language teacher,19/08/2026,youngaaron@example.org,(887)521-0552x472
CUST-00462,Courtney Burgess,Female,51,Meru,Upper-Middle,Customer service manager,24/09/2021,squinn@example.com,(301)591-7920x252
CUST-00463,Laura Cervantes,Female,20,Thika,Upper-Middle,"Education officer, environmental",03/01/2022,vmanning@example.net,001-447-465-7041x200
CUST-00464,Ronnie Frazier,Male,45,Eldoret,Low,"Surveyor, building",06/08/2024,samantha84@example.net,862.241.8623
CUST-00465,Catherine Reese,Female,35,Nakuru,Low,Trade union research officer,28/06/2025,velasqueztaylor@example.com,+1-766-220-5634x1115
CUST-00466,Carla Rodriguez,Female,29,Nyeri,Middle,"Therapist, speech and language",15/07/2022,avilakyle@example.net,903.241.9909
CUST-00467,Brandon Parker,Male,21,Mombasa,Middle,Heritage manager,08/10/2023,uporter@example.com,001-952-215-6818x2096
CUST-00468,Christian Ford,Male,47,Thika,High,Chief Financial Officer,21/01/2026,nicoleaguirre@example.net,(728)689-8572
CUST-00469,Scott Jordan,Male,45,Nakuru,High,Naval architect,17/07/2026,jasonbishop@example.org,(997)310-2481
CUST-00470,Carolyn Phillips,Female,66,Nairobi,Middle,Health service manager,24/04/2021,michael12@example.net,001-874-474-7219x70546
CUST-00471,Jose Weber,Male,54,Thika,High,Midwife,27/05/2023,flemingwilliam@example.com,+1-309-503-8021x46296
CUST-00472,Julia Davis,Female,39,Kisumu,High,Psychotherapist,11/09/2024,lrodriguez@example.net,966-536-5155
CUST-00473,Karen Ramirez,Female,53,Thika,Upper-Middle,Sports administrator,21/01/2021,stacythomas@example.org,690-696-0567x30306
CUST-00474,Angela Jones,Female,31,Nakuru,Upper-Middle,Ceramics designer,06/03/2024,morgan76@example.net,542.701.6542
CUST-00475,Karen Nichols,Female,33,Eldoret,Upper-Middle,Press sub,06/02/2022,rita96@example.org,-9966
CUST-00476,Timothy Porter,Male,63,Meru,Upper-Middle,Clothing/textile technologist,05/06/2023,ubaker@example.org,827.591.0336x829
CUST-00477,Tiffany Bonilla,Female,41,Eldoret,Upper-Middle,"Administrator, education",22/08/2025,lisa04@example.com,917.876.6558x68512
CUST-00478,Juan Martin,Male,55,Nyeri,High,Museum/gallery curator,10/06/2024,megan64@example.net,+1-311-911-0961x798
CUST-00479,Renee Contreras,Female,68,Kisumu,Upper-Middle,"Engineer, mining",23/04/2024,kimberlyarnold@example.org,571.657.6605
CUST-00480,Matthew Parker,Male,37,Mombasa,Upper-Middle,Financial controller,05/04/2024,mcculloughrobert@example.org,8255895529
CUST-00481,Jenna Jensen,Female,60,Eldoret,High,Arts development officer,29/01/2024,oanderson@example.com,001-826-658-2631x2819
CUST-00482,Christopher Morris,Male,31,Eldoret,Upper-Middle,Chief Financial Officer,11/07/2021,kimcristina@example.net,(909)781-9602
CUST-00483,Matthew Walker,Male,25,Nakuru,Middle,Social worker,20/05/2022,jessicaroman@example.com,001-440-641-2091x17911
CUST-00484,Christopher Jones,Male,61,Nakuru,Middle,"Engineer, maintenance (IT)",22/10/2023,ygarcia@example.org,(217)313-6657x22402
CUST-00485,Xavier Webb DDS,Male,25,Nyeri,Upper-Middle,"Accountant, chartered public finance",19/05/2025,aimeescott@example.org,790.380.8823
CUST-00486,Alyssa Taylor,Female,25,Kisumu,Low,Computer games developer,11/06/2021,joshua31@example.com,001-684-877-6863x423
CUST-00487,Ricky Matthews,Male,45,Meru,High,"Engineer, land",21/02/2022,chamilton@example.com,+1-345-991-9663x955
CUST-00488,Andrew Dixon,Male,67,Eldoret,Upper-Middle,Outdoor activities/education manager,22/09/2025,cassandra85@example.com,5127562531
CUST-00489,Penny Martinez,Female,60,Nairobi,Low,"Administrator, arts",11/06/2023,jason95@example.org,-4795
CUST-00490,Matthew Fleming,Male,53,Nairobi,Middle,"Investment banker, corporate",08/06/2024,james07@example.com,8465117295
CUST-00491,Dominique Schneider,Female,30,Nairobi,High,"Accountant, chartered management",18/08/2025,zmitchell@example.org,-3045
CUST-00492,Haley Miller,Female,30,Eldoret,Low,"Research officer, political party",25/05/2023,longheather@example.com,515.491.0300x2156
CUST-00493,Nathaniel Burnett,Male,38,Mombasa,Upper-Middle,"Accountant, chartered public finance",22/04/2025,greenkristen@example.org,4419459642
CUST-00494,Emma Hernandez,Female,48,Meru,Middle,Patent attorney,13/09/2025,hbarnett@example.net,697.674.5731
CUST-00495,Heather Houston,Female,36,Nakuru,Low,"Engineer, land",18/10/2022,jonestroy@example.org,7376637153
CUST-00496,Mary Abbott,Female,29,Meru,Upper-Middle,"Conservator, furniture",19/08/2021,sabrinacruz@example.com,+1-483-963-1462x491
CUST-00497,Patrick Allen,Male,19,Thika,Upper-Middle,"Embryologist, clinical",26/08/2024,anthony87@example.com,718-215-6326x868
CUST-00498,Jacob Williams,Male,30,Nyeri,High,"Pharmacist, hospital",27/12/2023,kellypowell@example.net,289-278-6103x131
CUST-00499,Cynthia Patel,Female,24,Nyeri,Low,Equities trader,28/01/2023,gmyers@example.org,001-947-632-3549x4012
CUST-00500,Michael Jackson,Male,27,Meru,Upper-Middle,Building control surveyor,13/07/2026,jacobyoder@example.org,2767502412
CUST-00501,Mr. John Wright,Male,19,Eldoret,High,Armed forces technical officer,30/08/2021,bradleyveronica@example.org,682.721.1457x75847
CUST-00502,Ronald Turner,Male,47,Eldoret,Upper-Middle,"Scientist, marine",28/07/2023,rrodriguez@example.net,001-502-363-2570x3965
CUST-00503,Tina Fowler,Female,56,Nairobi,Upper-Middle,Sport and exercise psychologist,24/01/2023,harcher@example.org,755-369-6443x098
CUST-00504,Jordan Donaldson,Female,63,Nakuru,Low,Homeopath,08/09/2023,montesvictor@example.net,(972)684-9824
CUST-00505,Edward Chavez,Male,48,Eldoret,Middle,Heritage manager,01/08/2022,brownkevin@example.com,(400)542-5488x214
CUST-00506,Tamara Carter,Female,62,Eldoret,Low,Public librarian,02/01/2021,john66@example.com,444-594-2965
CUST-00507,Jennifer Gonzalez,Female,42,Nakuru,Middle,Chartered certified accountant,30/04/2023,ashley78@example.org,(861)828-7585x7567
CUST-00508,Thomas Johnson,Male,49,Kisumu,High,Chartered management accountant,24/04/2024,christinaturner@example.org,001-885-429-8940
CUST-00509,Abigail Aguirre,Female,45,Meru,Middle,Psychiatrist,20/02/2025,millerjoseph@example.net,359-214-9750
CUST-00510,Jose Hart,Male,62,Mombasa,High,Copy,11/12/2024,pattybowman@example.org,340-579-3110x2918
CUST-00511,Kara Wall,Female,23,Mombasa,Low,"Nurse, adult",04/07/2024,howekevin@example.com,(438)249-7916
CUST-00512,Robert Sandoval,Male,55,Kisumu,Middle,Sales promotion account executive,09/03/2022,thomasroberts@example.net,897-854-6617
CUST-00513,Diane Wilson,Female,52,Meru,Low,"Administrator, arts",17/01/2024,austin97@example.org,(827)374-0258x835
CUST-00514,Christian Rios,Male,64,Meru,Low,"Librarian, academic",10/07/2025,yespinoza@example.org,646-417-6792x988
CUST-00515,Leah Carpenter,Female,70,Nairobi,High,Waste management officer,14/09/2025,bjones@example.net,(331)417-7533
CUST-00516,James Mcpherson,Male,51,Nyeri,High,Biomedical engineer,12/04/2021,danny17@example.com,+1-602-951-7629x833
CUST-00517,Dustin Harris,Male,54,Meru,Upper-Middle,Politician's assistant,10/02/2022,christopherjohnson@example.net,330-720-5698
CUST-00518,Nicholas Bartlett,Male,44,Eldoret,Low,"Secretary, company",13/03/2026,nlee@example.net,385.459.8217x6619
CUST-00519,Edward Wilson,Male,56,Mombasa,Low,Arts development officer,11/09/2022,andrew44@example.com,001-651-824-1893x898
CUST-00520,Kimberly Snow,Female,41,Mombasa,Low,Public affairs consultant,09/09/2025,denise05@example.com,235-702-3850x371
CUST-00521,Travis George DDS,Male,49,Nairobi,Upper-Middle,Structural engineer,02/06/2021,rpotts@example.net,6105783567
CUST-00522,Amy Ayala,Female,30,Kisumu,High,Social researcher,27/05/2022,vfleming@example.org,-3503
CUST-00523,Stephanie Haas,Female,43,Meru,High,Management consultant,11/11/2023,matthewhull@example.org,219.503.6890
CUST-00524,Angela Martinez,Female,24,Kisumu,Upper-Middle,Heritage manager,09/04/2022,edwardscarrie@example.org,529-967-1114x8375
CUST-00525,Todd Deleon,Male,30,Nyeri,Middle,Financial risk analyst,23/03/2023,luis88@example.org,5566974132
CUST-00526,Daniel Watson,Male,19,Nairobi,Upper-Middle,Animal technologist,10/12/2021,hollysantos@example.com,307-204-4964
CUST-00527,Lisa Simpson,Female,62,Nyeri,High,Music tutor,27/12/2023,nwilliams@example.com,(768)604-0850
CUST-00528,Kevin Todd,Male,34,Meru,Upper-Middle,Wellsite geologist,20/08/2023,yglenn@example.net,001-401-886-4876x9984
CUST-00529,Willie Allen,Male,36,Nakuru,Low,Health visitor,11/11/2020,christopher38@example.com,796-609-4544x90149
CUST-00530,Jeremy Smith,Male,70,Nyeri,Low,"Psychologist, prison and probation services",22/10/2020,churchtimothy@example.net,360.991.4985
CUST-00531,Ralph Hill,Male,32,Mombasa,Low,Conference centre manager,10/12/2024,crystalthomas@example.net,+1-203-610-2879x5083
CUST-00532,Alan Kirk PhD,Male,47,Nairobi,Middle,Armed forces operational officer,01/05/2025,michaeljones@example.com,381-833-5956
CUST-00533,Charles Nguyen,Male,44,Meru,Middle,Legal executive,19/10/2023,xmerritt@example.com,790-725-0429x0193
CUST-00534,James Aguilar,Male,67,Nairobi,Middle,Dealer,28/04/2026,pfarmer@example.org,239-989-8681
CUST-00535,Kelly Stewart,Female,33,Thika,Upper-Middle,Teaching laboratory technician,23/05/2022,rhonda53@example.com,775.313.7651
CUST-00536,Matthew Jacobs,Male,38,Kisumu,Middle,Personal assistant,20/07/2024,ashleyserrano@example.org,-10572
CUST-00537,Jennifer Lucero,Female,38,Eldoret,Low,"Research officer, trade union",19/08/2025,rachelwalter@example.org,(816)248-7120
CUST-00538,William Anderson,Male,59,Nyeri,High,Network engineer,27/03/2025,zgomez@example.net,-6547
CUST-00539,Thomas Dodson,Male,41,Nyeri,Upper-Middle,"Production assistant, television",18/03/2024,eroberts@example.net,(729)981-2099
CUST-00540,Jessica Romero,Female,45,Kisumu,Upper-Middle,Health service manager,26/09/2025,halltrevor@example.org,001-788-498-6456
CUST-00541,Amanda Landry,Female,30,Meru,Middle,Planning and development surveyor,11/07/2022,barbara95@example.org,(342)514-4773x244
CUST-00542,Charles Clark,Male,38,Kisumu,High,Dispensing optician,22/01/2025,georgebernard@example.net,-7148
CUST-00543,Ronald Phillips,Male,54,Nyeri,High,Communications engineer,31/08/2021,foneal@example.com,424-715-1315
CUST-00544,Mark Hunt,Male,43,Nakuru,Upper-Middle,International aid/development worker,13/05/2021,hamiltonsarah@example.net,938-400-3296x33472
CUST-00545,Douglas Gonzalez,Male,40,Mombasa,High,"Scientist, clinical (histocompatibility and immunogenetics)",27/06/2021,aaronjones@example.net,+1-432-606-4969x357
CUST-00546,Sheri Contreras,Female,24,Nakuru,Low,"Nurse, children's",26/11/2024,amy41@example.org,946-775-3612
CUST-00547,Hannah Sanders,Female,43,Nairobi,Low,Radio broadcast assistant,27/10/2021,rburke@example.org,6447836085
CUST-00548,Robert Coleman,Male,70,Nakuru,High,Audiological scientist,13/12/2022,todd35@example.net,3477639283
CUST-00549,Joshua Clements,Male,40,Eldoret,Low,Museum education officer,29/11/2020,deleonmathew@example.com,001-481-708-3583x28634
CUST-00550,Daniel Quinn,Male,31,Mombasa,High,Animal technologist,06/11/2020,fischeralisha@example.net,(870)424-4033x0416
CUST-00551,Shawn Atkins,Male,63,Nakuru,High,"Buyer, retail",20/05/2021,vsmith@example.net,+1-621-696-3945x680
CUST-00552,Brett Costa,Male,54,Thika,Upper-Middle,Public affairs consultant,20/08/2025,fcarter@example.org,(384)974-8836x07658
CUST-00553,Vanessa Sanders,Female,48,Thika,Upper-Middle,Product manager,16/09/2022,thomas14@example.com,(311)482-3793
CUST-00554,Sara Mills,Female,42,Meru,High,"Exhibitions officer, museum/gallery",21/07/2025,saundersjohnathan@example.com,001-952-705-9960x4387
CUST-00555,David Murray,Male,70,Meru,Upper-Middle,"Scientist, audiological",03/11/2024,morseronald@example.org,(420)928-1237x1067
CUST-00556,Shane Barnes,Male,42,Thika,High,Housing manager/officer,23/10/2020,grahamkelly@example.net,785-695-9224x839
CUST-00557,Daniel Rivera,Male,55,Nakuru,Middle,"Development worker, international aid",19/11/2021,asmith@example.org,(971)704-3318
CUST-00558,Mario Wheeler,Male,35,Nyeri,Upper-Middle,Maintenance engineer,20/04/2021,michaelsmith@example.org,346-494-5964x883
CUST-00559,Daniel White,Male,31,Thika,Middle,"Civil engineer, consulting",12/07/2025,lauramatthews@example.com,499-494-9732x03319
CUST-00560,Shelly Morris,Female,55,Nakuru,High,"Copywriter, advertising",06/03/2021,ecoleman@example.com,381-538-6667x5485
CUST-00561,Theresa Bass,Female,35,Meru,High,Press sub,12/12/2021,yhenry@example.com,+1-518-865-2057x56398
CUST-00562,Taylor Cowan,Female,29,Thika,Middle,Private music teacher,26/05/2022,alicia09@example.com,615-248-0940x47604
CUST-00563,Dr. Scott Pennington,Male,65,Meru,Middle,"Programme researcher, broadcasting/film/video",25/11/2025,vthompson@example.net,001-981-205-0922x21610
CUST-00564,Scott Ramirez,Male,52,Nairobi,Low,Visual merchandiser,21/05/2022,cookemily@example.com,001-429-658-0660x138
CUST-00565,Jeremy Hill,Male,67,Nairobi,High,Risk analyst,04/06/2022,vthompson@example.org,348-451-5791x9711
CUST-00566,Cody Garza,Male,59,Nakuru,Low,"Doctor, general practice",26/11/2020,robinsonnicholas@example.org,001-734-832-4064x2429
CUST-00567,Cole Stephenson,Male,19,Nakuru,High,Hotel manager,29/03/2022,heidi41@example.com,(595)858-7209x628
CUST-00568,Rita Hogan,Female,22,Meru,High,"Lighting technician, broadcasting/film/video",01/07/2022,christopher34@example.org,840.218.2727x955
CUST-00569,Brian Howard,Male,19,Nyeri,Low,"Designer, interior/spatial",19/10/2020,valvarez@example.net,925-942-7820
CUST-00570,Michael Simon,Male,52,Eldoret,Upper-Middle,Financial planner,05/10/2024,jennifer95@example.com,+1-464-403-8166x49690
CUST-00571,Stephen Sanford,Male,51,Nyeri,Middle,"Engineer, civil (contracting)",11/03/2025,davidcook@example.org,442-557-6270
CUST-00572,Eric Miller,Male,25,Kisumu,Middle,"Engineer, electronics",28/09/2022,pdavis@example.org,+1-985-507-2517x86376
CUST-00573,Brendan Anderson,Male,58,Eldoret,Upper-Middle,Office manager,13/11/2021,rachael69@example.com,-1685
CUST-00574,Kathryn Smith,Female,69,Nyeri,Low,Occupational therapist,30/10/2025,brewerdevin@example.org,4346615626
CUST-00575,Megan Castillo,Female,44,Meru,Middle,"Pharmacist, community",14/12/2022,frankfleming@example.org,915.216.0252x986
CUST-00576,Tyler Morales,Male,38,Mombasa,Low,Immunologist,13/03/2021,ogreen@example.org,+1-878-357-5851x268
CUST-00577,George Villa,Male,44,Nyeri,High,Further education lecturer,02/10/2025,zacharymendez@example.com,(707)640-1775x09546
CUST-00578,Allison Adams,Female,22,Nairobi,Middle,Marketing executive,25/03/2023,usmith@example.com,+1-409-415-0863x2181
CUST-00579,Jeffrey Hill,Male,50,Nyeri,Upper-Middle,Waste management officer,18/08/2024,samanthaberger@example.net,797.601.5502x91681
CUST-00580,Alex Clements,Male,52,Nairobi,Middle,Cartographer,02/12/2022,ysanford@example.org,001-944-598-8305
CUST-00581,Jeffrey Burgess,Male,63,Meru,Upper-Middle,Health and safety inspector,24/04/2022,jacobsrenee@example.net,340-563-0624x4795
CUST-00582,Michael Walker,Male,23,Eldoret,Low,Holiday representative,07/12/2025,omatthews@example.net,586-478-0555x57277
CUST-00583,David Johnson,Male,39,Nairobi,Middle,Careers information officer,05/08/2025,whoffman@example.org,485.444.5770
CUST-00584,Karl Perry,Male,67,Nyeri,Low,Herpetologist,06/12/2020,yfritz@example.net,(669)411-6331
CUST-00585,Pamela Joyce,Female,29,Nakuru,High,Statistician,23/02/2024,nbell@example.com,+1-945-951-5888x636
CUST-00586,Tammy Moore,Female,43,Kisumu,Low,Office manager,30/03/2022,aaron57@example.net,(516)496-6630
CUST-00587,Kathy Miller,Female,22,Mombasa,High,Osteopath,02/08/2025,nguyenjohn@example.net,+1-571-450-9688x3275
CUST-00588,Micheal Gonzalez,Male,23,Thika,High,Hospital doctor,11/11/2021,klinejamie@example.com,539.973.2781x952
CUST-00589,Andrea Goodman,Female,20,Eldoret,High,Optometrist,14/07/2026,eatkins@example.com,781-898-0770x460
CUST-00590,Kayla Banks,Female,33,Thika,High,Company secretary,18/05/2024,thomasjose@example.net,001-912-956-5237x34151
CUST-00591,Nicole Peterson,Female,30,Nyeri,Low,"Producer, television/film/video",06/08/2026,kristin49@example.com,+1-602-428-4035x954
CUST-00592,Elizabeth Marquez,Female,70,Nakuru,Low,Hospital pharmacist,17/06/2026,julianeal@example.org,+1-646-743-0394x290
CUST-00593,Patrick Ferrell,Male,36,Kisumu,High,Publishing rights manager,08/03/2024,teresaschneider@example.net,758.556.7287x27601
CUST-00594,Danny Ramirez,Male,66,Nyeri,Upper-Middle,"Engineer, chemical",01/10/2021,victor90@example.net,333.250.6158x14888
CUST-00595,Kelly Sanchez,Female,25,Mombasa,Low,Financial risk analyst,15/04/2022,hannahbryant@example.org,+1-548-541-3128x403
CUST-00596,Lauren Marshall,Female,47,Thika,Upper-Middle,Arts development officer,20/04/2025,kristy13@example.com,971-673-1893
CUST-00597,Kevin Callahan,Male,27,Mombasa,Middle,Probation officer,06/09/2021,briannareid@example.com,9466947258
CUST-00598,Elizabeth Camacho,Female,47,Nyeri,Low,Licensed conveyancer,07/11/2022,erica84@example.net,812.670.5877x221
CUST-00599,Scott Peterson,Male,24,Thika,Low,Solicitor,30/07/2026,jamesrodriguez@example.org,548.445.8714
CUST-00600,Cheryl Foster,Female,43,Nairobi,Upper-Middle,"Designer, industrial/product",12/03/2022,markblack@example.com,+1-796-943-4745x2455
CUST-00601,Kristine Farmer,Female,43,Mombasa,Middle,Operations geologist,12/10/2020,schmittmichael@example.org,740.533.4450x566
CUST-00602,Luke Alexander,Male,62,Nyeri,Middle,Clinical biochemist,24/01/2023,sanchezmark@example.com,001-297-706-7349x9601
CUST-00603,Jacob Mclean,Male,36,Eldoret,Upper-Middle,Public house manager,04/09/2021,nicolejones@example.net,(622)694-9381x73598
CUST-00604,Brenda Carrillo,Female,28,Mombasa,Middle,Interior and spatial designer,06/09/2026,rebecca73@example.org,873-875-5344x90216
CUST-00605,Rebecca Decker,Female,36,Nyeri,Upper-Middle,Science writer,31/03/2021,allen60@example.net,387-949-5119x18182
CUST-00606,Wendy Walton,Female,69,Mombasa,Upper-Middle,Plant breeder/geneticist,20/07/2026,steven25@example.org,(695)278-6069
CUST-00607,Jean Smith,Female,34,Meru,Middle,Physiotherapist,23/06/2023,jonathanwalker@example.net,001-358-273-9592x32342
CUST-00608,Terry Williams,Female,25,Kisumu,Upper-Middle,"Sound technician, broadcasting/film/video",25/10/2021,stephanie55@example.org,+1-833-242-6433x50271
CUST-00609,Patrick Singh,Male,44,Thika,High,Artist,20/12/2023,mgonzales@example.org,001-769-711-2898x12317
CUST-00610,Christine Davis,Female,47,Thika,High,Media buyer,16/01/2025,hscott@example.com,3068661554
CUST-00611,Matthew Perez,Male,38,Thika,Middle,Chartered accountant,12/09/2026,bliu@example.com,001-250-223-2902x8227
CUST-00612,Christine Singh,Female,39,Kisumu,High,Meteorologist,24/03/2023,amorrow@example.org,(582)625-1207
CUST-00613,Jacqueline Skinner,Female,37,Meru,Middle,IT sales professional,09/01/2026,loganmartin@example.com,4263086982
CUST-00614,Stephanie Davis,Female,43,Eldoret,High,"Clinical scientist, histocompatibility and immunogenetics",19/04/2021,amarshall@example.net,329.904.7742x585
CUST-00615,Sandra Duncan,Female,26,Nakuru,Middle,English as a foreign language teacher,20/10/2021,lindathomas@example.net,416-649-1334
CUST-00616,William Barnett,Male,65,Meru,Middle,"Scientist, forensic",26/02/2025,kathleen25@example.com,(429)806-0320x203
CUST-00617,Laura Webb,Female,70,Eldoret,Low,Emergency planning/management officer,29/08/2023,nhayes@example.com,+1-948-971-4855x245
CUST-00618,Mary Peterson,Female,62,Meru,Middle,General practice doctor,23/02/2025,caseyronald@example.org,-2341
CUST-00619,Jessica Joyce,Female,34,Eldoret,Middle,Retail merchandiser,09/06/2021,raymondpugh@example.net,223.703.5892
CUST-00620,Melissa Osborn,Female,69,Nyeri,Low,Minerals surveyor,25/02/2022,craigmartin@example.net,+1-832-989-6340x646
CUST-00621,Brandy Hurley,Female,57,Meru,High,Cabin crew,26/09/2020,jeanette43@example.net,+1-891-806-2272x362
CUST-00622,Danielle Bell,Female,53,Nairobi,Upper-Middle,Health and safety adviser,29/08/2022,patriciamartinez@example.net,001-623-372-4501
CUST-00623,Kyle Hall,Male,25,Nakuru,Upper-Middle,Hydrogeologist,17/06/2024,weaverchelsea@example.org,454-906-4176
CUST-00624,Danny Garcia,Male,60,Nairobi,High,Tour manager,12/11/2025,john76@example.com,7143448564
CUST-00625,Michelle Washington,Female,69,Nyeri,Low,"Research officer, trade union",18/09/2025,brittanywade@example.org,001-378-399-6986x09191
CUST-00626,Mr. Kevin Fletcher,Male,25,Eldoret,Middle,"Pharmacist, community",13/11/2025,chiggins@example.com,+1-777-398-0660x3920
CUST-00627,Jason Johnson,Male,47,Thika,High,Forensic scientist,13/08/2024,loretta55@example.org,770-457-4238x856
CUST-00628,Shannon Cook,Female,68,Kisumu,Upper-Middle,Solicitor,23/12/2025,leslietorres@example.net,965-797-2634
CUST-00629,Jeffrey Ward,Male,49,Mombasa,Upper-Middle,Dispensing optician,01/02/2022,allen39@example.com,684.488.2691x31196
CUST-00630,Kim Sanders,Female,24,Mombasa,Middle,Civil Service administrator,04/01/2024,christina15@example.org,903.582.4073x333
CUST-00631,Elizabeth Oconnell,Female,38,Thika,High,Radiation protection practitioner,10/12/2025,jperry@example.net,762.689.6964
CUST-00632,Jacob Schaefer,Male,52,Meru,Upper-Middle,IT consultant,24/09/2022,chase25@example.net,389.521.8785
CUST-00633,Michelle Newman,Female,25,Meru,High,Environmental manager,12/06/2025,dadams@example.com,+1-777-996-1208x780
CUST-00634,Brittany Fleming,Female,23,Eldoret,Low,Health and safety adviser,16/04/2021,stacey09@example.com,(726)237-4845x39862
CUST-00635,Mr. Paul Matthews,Male,20,Thika,Low,Visual merchandiser,03/05/2021,morenojessica@example.net,339.322.0715
CUST-00636,Kenneth Rush,Male,66,Nakuru,Middle,Orthoptist,11/01/2024,ihorton@example.com,(414)652-6471
CUST-00637,Darrell Duke,Male,40,Nyeri,High,Ceramics designer,12/02/2026,shannon18@example.com,2902805120
CUST-00638,Eric Marsh,Male,70,Nyeri,Middle,"Surveyor, quantity",25/07/2025,michele23@example.net,+1-972-483-5129x592
CUST-00639,Robert Wallace,Male,59,Nyeri,High,Arboriculturist,09/01/2026,aguirrelarry@example.com,452-798-2173
CUST-00640,Timothy Kelley,Male,66,Nakuru,High,Product/process development scientist,16/01/2024,barnettcameron@example.org,(323)773-6050x791
CUST-00641,Kristine Park,Female,43,Nairobi,Middle,"Nurse, mental health",03/03/2025,justintaylor@example.org,866-666-1707x1587
CUST-00642,Richard Mitchell,Male,36,Mombasa,Low,Automotive engineer,21/07/2026,lopezchristopher@example.net,001-298-825-0800x4635
CUST-00643,Joseph Thompson,Male,42,Thika,Middle,Armed forces operational officer,21/11/2023,coreydodson@example.org,001-351-637-3990x063
CUST-00644,Cynthia Cervantes,Female,26,Eldoret,High,"Editor, film/video",19/07/2023,xserrano@example.com,6225939469
CUST-00645,Martha Mcintyre,Female,57,Nyeri,High,Administrator,19/03/2024,ycolon@example.com,574.390.6072
CUST-00646,Brian Barrera,Male,41,Thika,High,Broadcast engineer,20/11/2024,amandajackson@example.net,364-984-4941x163
CUST-00647,Joseph Johnson,Male,62,Eldoret,Low,Clinical embryologist,21/10/2024,perezmarissa@example.org,213-569-5727
CUST-00648,Nathaniel Williams,Male,39,Mombasa,Middle,"Designer, ceramics/pottery",08/11/2020,michele42@example.com,730.966.2481x323
CUST-00649,Jessica Bridges,Female,26,Kisumu,Upper-Middle,Seismic interpreter,07/11/2025,angela28@example.com,7117688092
CUST-00650,Steven Sutton,Male,51,Nyeri,High,Museum/gallery curator,13/10/2020,hartlisa@example.net,830-698-1079
CUST-00651,James Kent,Male,55,Nyeri,High,Recycling officer,03/10/2022,michael77@example.org,885.632.4264x250
CUST-00652,Joe Page,Male,50,Kisumu,Middle,Ergonomist,04/05/2025,omartinez@example.com,766.767.7767
CUST-00653,Jennifer Cummings,Female,37,Kisumu,Middle,Financial trader,26/06/2022,jennifercarroll@example.net,+1-995-678-6543x62718
CUST-00654,Tina Berg,Female,47,Nairobi,Upper-Middle,Arts development officer,28/03/2024,jeffarnold@example.org,+1-868-562-7036x92492
CUST-00655,Eugene Sanchez,Male,50,Kisumu,Middle,"Radiographer, therapeutic",04/11/2021,cheryl98@example.net,+1-401-511-0005x1553
CUST-00656,Andrea Hanson,Female,54,Meru,High,Television production assistant,02/06/2023,talvarez@example.org,941-682-2261x8962
CUST-00657,Stephanie Cherry,Female,45,Meru,High,Data processing manager,19/05/2026,cdavis@example.org,(276)972-0957x9927
CUST-00658,Keith Blackwell,Male,24,Nairobi,Middle,Merchant navy officer,16/06/2021,thompsonclaire@example.net,(821)435-4159x7099
CUST-00659,Dawn Palmer,Female,21,Eldoret,Middle,Aeronautical engineer,27/02/2025,kflores@example.org,+1-234-447-6504x7158
CUST-00660,Tammy Smith,Female,29,Meru,High,Advertising account executive,12/08/2025,oscar76@example.com,4467558665
CUST-00661,Juan Burns,Male,55,Mombasa,Upper-Middle,Charity officer,01/01/2023,fsellers@example.net,381-302-1312x51293
CUST-00662,Alexis Roman,Female,53,Nairobi,High,Building services engineer,26/12/2025,brandisheppard@example.com,+1-851-591-0231x2110
CUST-00663,Mitchell Hughes,Male,46,Mombasa,Middle,Senior tax professional/tax inspector,20/01/2026,thomasgonzalez@example.com,+1-527-649-0728x012
CUST-00664,Kimberly Kaufman,Female,21,Meru,Upper-Middle,Community pharmacist,08/09/2026,lopezmelinda@example.org,(869)649-6843
CUST-00665,Nancy Schmidt,Female,24,Meru,Low,Food technologist,21/04/2026,karen10@example.org,350.696.1701x5959
CUST-00666,Francis Howard,Male,32,Thika,High,Metallurgist,26/10/2024,fevans@example.com,-2291
CUST-00667,Ryan Compton,Male,58,Kisumu,Middle,"Psychologist, forensic",04/09/2024,vhernandez@example.com,(502)356-2650x62292
CUST-00668,John Nelson,Male,70,Nairobi,Upper-Middle,Advertising copywriter,01/06/2022,tmyers@example.net,333-379-7662x705
CUST-00669,Michelle Franklin,Female,57,Kisumu,Upper-Middle,Farm manager,08/12/2021,alara@example.com,4426549691
CUST-00670,Jacqueline Barker,Female,37,Eldoret,Low,Merchant navy officer,28/10/2021,cbrown@example.com,(733)553-5748x59532
CUST-00671,Leon Li,Male,67,Nyeri,Low,Records manager,07/11/2022,uzamora@example.net,662-395-1877
CUST-00672,Paula Moody,Female,60,Kisumu,Middle,Customer service manager,31/01/2023,melanie07@example.org,705.959.7824
CUST-00673,Larry Herrera PhD,Male,28,Thika,Middle,Emergency planning/management officer,24/03/2026,phillipsbruce@example.org,884.336.6044x32400
CUST-00674,Patty Kaiser,Female,50,Kisumu,Upper-Middle,Museum/gallery exhibitions officer,13/07/2024,brittneyblake@example.org,374-239-7429x250
CUST-00675,Kristen Wood,Female,43,Meru,Low,Mining engineer,01/06/2023,fullerdebbie@example.com,(259)404-5990
CUST-00676,Timothy Taylor,Male,44,Eldoret,Upper-Middle,"Scientist, research (medical)",08/08/2021,shelbyyoung@example.com,(851)465-1768x086
CUST-00677,Ann Clark,Female,50,Thika,Low,Commercial art gallery manager,01/02/2022,jeremy08@example.org,7377003322
CUST-00678,Mark Foster,Male,65,Meru,Upper-Middle,Horticultural consultant,27/01/2025,tjohnson@example.net,(781)403-9033x97051
CUST-00679,Christian Smith,Male,69,Nyeri,Middle,Writer,27/01/2026,joseph58@example.com,(339)645-3546
CUST-00680,Jill Faulkner,Female,32,Meru,Upper-Middle,Science writer,13/06/2026,hharris@example.org,(613)539-4394x5703
CUST-00681,Emily Robinson,Female,37,Thika,Middle,"Lecturer, further education",10/04/2022,victorcortez@example.net,276-292-7789x43191
CUST-00682,Shannon Arroyo,Female,69,Thika,Low,Immunologist,25/09/2020,kjames@example.org,805-233-6514
CUST-00683,Andrew Wilson,Male,25,Meru,Low,General practice doctor,09/12/2021,zconrad@example.org,607-620-1137
CUST-00684,Justin Brown,Male,29,Meru,High,"Designer, ceramics/pottery",14/08/2026,camerongregory@example.org,3766762090
CUST-00685,Nathan Harris,Male,46,Nakuru,Middle,Aeronautical engineer,03/01/2023,sylvia33@example.net,700.996.8730x451
CUST-00686,Kimberly Brooks,Female,29,Eldoret,Low,Structural engineer,22/11/2023,malikfowler@example.com,(896)757-5427
CUST-00687,Mrs. Dawn Taylor,Female,35,Mombasa,Upper-Middle,"Psychologist, prison and probation services",14/10/2023,rmolina@example.org,4585295829
CUST-00688,James Colon,Male,22,Nyeri,Upper-Middle,Retail banker,07/09/2021,stonebarbara@example.com,-3237
CUST-00689,Gregory Russell,Male,46,Mombasa,Low,Equities trader,21/08/2021,smoore@example.org,001-308-517-2143x643
CUST-00690,Andre Martinez,Male,32,Meru,Low,Building surveyor,24/04/2022,kingstephanie@example.com,(960)294-5653x469
CUST-00691,William Porter,Male,56,Nakuru,High,Airline pilot,22/09/2023,jackie68@example.org,(399)557-0607x17481
CUST-00692,Mike Nielsen,Male,19,Thika,Low,Museum education officer,07/08/2024,john70@example.com,387-439-6102x9087
CUST-00693,Melissa Price,Female,63,Kisumu,High,Art therapist,16/04/2025,brenda87@example.org,942.904.9561x213
CUST-00694,James Garner,Male,33,Nyeri,Low,"Editor, commissioning",18/04/2026,lwilliams@example.org,997-737-1122x29907
CUST-00695,Jeffrey Erickson,Male,25,Thika,Upper-Middle,"Merchandiser, retail",20/08/2026,barnesarthur@example.com,-5547
CUST-00696,Candice Hudson,Female,27,Nyeri,Middle,"Engineer, chemical",21/05/2026,ikeller@example.com,-10376
CUST-00697,Eric Francis,Male,23,Nairobi,Middle,"Administrator, arts",21/01/2024,brian01@example.net,+1-949-580-4253x73377
CUST-00698,Jasmine Schultz,Female,41,Nakuru,Middle,Building services engineer,04/05/2025,elizabethhodge@example.org,001-817-281-9236x53460
CUST-00699,Phyllis Johnson,Female,58,Meru,Middle,Midwife,12/06/2026,ocole@example.net,(679)986-2398
CUST-00700,Jeffrey Johnson,Male,25,Kisumu,Low,"Surveyor, planning and development",19/04/2021,bushkimberly@example.net,7546647548
CUST-00701,Julie Freeman,Female,41,Nyeri,Upper-Middle,Theme park manager,03/08/2026,taylordavis@example.com,588-591-4444x98355
CUST-00702,Eric Petersen,Male,34,Eldoret,Low,Paramedic,19/02/2025,joseph63@example.net,(443)358-8537
CUST-00703,Shawn Little,Male,54,Eldoret,Low,"Therapist, sports",26/06/2022,isaac75@example.org,(874)897-8524x9141
CUST-00704,Chelsea Villa,Female,32,Nakuru,High,"Programme researcher, broadcasting/film/video",11/12/2024,william63@example.com,3674917665
CUST-00705,Heather Solis,Female,60,Nairobi,Middle,Architectural technologist,13/03/2021,ramirezamy@example.com,(716)630-9001
CUST-00706,Cynthia Robinson,Female,43,Mombasa,Middle,"Teacher, English as a foreign language",13/11/2025,sarah53@example.org,2894532638
CUST-00707,Natalie Irwin,Female,59,Mombasa,Low,"Radiographer, diagnostic",11/01/2023,davismegan@example.org,579.622.3410
CUST-00708,Shannon Atkinson,Female,39,Kisumu,High,"Engineer, production",12/07/2024,craigmiller@example.net,772.769.6084x376
CUST-00709,Katie Hughes,Female,42,Kisumu,High,Training and development officer,29/06/2024,nathanwarner@example.net,001-562-863-3556x434
CUST-00710,John Johnson,Male,20,Mombasa,Low,Financial planner,11/07/2025,chavezlauren@example.com,001-355-860-7676
CUST-00711,Crystal Richardson,Female,32,Nairobi,Low,Quality manager,11/12/2022,garynash@example.net,298.630.6503x12198
CUST-00712,Tara Chavez,Female,51,Eldoret,High,Curator,24/03/2023,lramirez@example.org,(842)481-3190x92487
CUST-00713,Rhonda Gonzalez,Female,63,Nyeri,Low,Broadcast engineer,22/05/2021,adamskrista@example.net,278-752-2823
CUST-00714,Randall Palmer,Male,36,Mombasa,Upper-Middle,"Restaurant manager, fast food",28/11/2020,longgary@example.com,(923)495-9473
CUST-00715,Micheal Martin,Male,51,Nakuru,Middle,Archivist,20/11/2025,mcgrathderek@example.com,887.668.8687x859
CUST-00716,Jennifer Gordon,Female,44,Mombasa,Upper-Middle,Computer games developer,25/12/2024,clarkcarol@example.com,519-866-6450x5730
CUST-00717,Nicole Cole,Female,65,Nakuru,Low,Counselling psychologist,03/10/2025,randy20@example.org,547.467.7537x260
CUST-00718,Thomas Phillips,Male,24,Nyeri,Low,Maintenance engineer,09/03/2021,pblankenship@example.com,394-758-8707
CUST-00719,Emily Hunter,Female,58,Nairobi,Upper-Middle,Chiropractor,29/10/2020,juliehoffman@example.org,9837850765
CUST-00720,Dustin Williams,Male,26,Nairobi,Middle,Textile designer,17/02/2025,stephensonkatherine@example.com,001-580-389-8126x57422
CUST-00721,Donald Robinson,Male,29,Meru,Upper-Middle,Immunologist,08/02/2021,mckayjames@example.net,362.468.9430
CUST-00722,Deborah Webb,Female,29,Thika,Middle,English as a foreign language teacher,18/04/2021,kherman@example.net,711.475.9574x9885
CUST-00723,Sara Lawrence,Female,65,Mombasa,Low,Health promotion specialist,16/07/2026,jeremyjohnson@example.com,558-547-6094x412
CUST-00724,Danielle Stein,Female,70,Nyeri,Upper-Middle,Special effects artist,28/07/2021,robert66@example.net,841-932-9715x06662
CUST-00725,Gene Wood MD,Male,35,Mombasa,High,Regulatory affairs officer,14/11/2024,zchapman@example.com,843.392.5295
CUST-00726,Angela Mclaughlin,Female,51,Thika,Low,"Sound technician, broadcasting/film/video",04/01/2022,fvasquez@example.net,+1-220-407-2024x5591
CUST-00727,Erin Williams,Female,55,Kisumu,Upper-Middle,Charity fundraiser,09/09/2025,mendezlori@example.org,(367)614-9498
CUST-00728,Joel Phelps,Male,35,Mombasa,Low,"Scientist, biomedical",27/01/2022,crawfordjeffrey@example.com,6658277584
CUST-00729,Timothy Bauer,Male,66,Nairobi,Low,"Journalist, newspaper",14/05/2023,johnhernandez@example.org,4103912172
CUST-00730,Gary Flores,Male,34,Nairobi,High,Race relations officer,08/10/2022,portiz@example.net,+1-289-643-7052x63510
CUST-00731,Robin Ford,Female,43,Kisumu,Middle,Jewellery designer,11/02/2024,uanderson@example.net,001-465-292-0246x175
CUST-00732,David Munoz,Male,54,Nyeri,Middle,"Engineer, electrical",05/02/2023,roberttownsend@example.net,(759)655-0178x332
CUST-00733,Stacy Chaney,Female,34,Nyeri,Upper-Middle,Veterinary surgeon,10/12/2025,ryandodson@example.org,398.948.7045x069
CUST-00734,Jennifer Ford,Female,23,Thika,Low,"Teacher, music",29/11/2025,sandradavenport@example.org,244.503.9464x083
CUST-00735,Jerry Sanders,Male,30,Nakuru,Low,Art gallery manager,22/05/2024,langjoshua@example.net,(808)749-0793x88413
CUST-00736,Mary Smith,Female,23,Meru,Upper-Middle,Cartographer,21/05/2024,deborah70@example.org,(442)744-6263
CUST-00737,Tara Collins,Female,39,Mombasa,High,Sports therapist,06/05/2025,joneseric@example.org,9313421751
CUST-00738,Lucas Floyd,Male,42,Nakuru,Upper-Middle,Chief Executive Officer,06/10/2023,gregory38@example.com,001-709-211-2252x8837
CUST-00739,Jean Sherman,Female,66,Nakuru,High,Science writer,12/08/2021,mlewis@example.net,+1-279-913-7876x5530
CUST-00740,Laura Smith,Female,56,Meru,Middle,Microbiologist,21/05/2026,robert05@example.com,921-998-8192
CUST-00741,Juan Juarez,Male,28,Nairobi,High,Amenity horticulturist,02/10/2021,john86@example.com,7108424624
CUST-00742,William Cox MD,Male,33,Thika,Low,Optometrist,14/04/2023,johnsonjustin@example.org,001-712-389-9151x145
CUST-00743,Christy Mcbride,Female,19,Nyeri,Upper-Middle,Artist,14/09/2022,larry88@example.org,001-389-784-8416x046
CUST-00744,Anthony Jones,Male,32,Nakuru,High,"Accountant, chartered management",26/09/2025,vancebrad@example.com,(381)242-9831x5229
CUST-00745,Monica Martinez,Female,22,Kisumu,Upper-Middle,Sales executive,16/07/2026,veronicasmith@example.net,693-778-3063x963
CUST-00746,William Jenkins,Male,21,Nakuru,High,Holiday representative,26/08/2025,john16@example.com,+1-397-501-6934x2929
CUST-00747,Amanda Bolton,Female,48,Mombasa,Low,Building surveyor,16/02/2021,nanderson@example.com,590-931-0615
CUST-00748,Nathaniel Floyd,Male,59,Nyeri,Low,"Journalist, broadcasting",14/11/2023,hgray@example.net,873-223-6533x774
CUST-00749,Jeffrey Moore,Male,46,Kisumu,Middle,Proofreader,29/03/2021,james14@example.org,942-560-7819x7543
CUST-00750,Desiree Woods,Female,35,Thika,High,Geophysicist/field seismologist,21/01/2024,timothykim@example.org,6377638821
CUST-00751,Melissa Nelson,Female,39,Meru,Upper-Middle,"Scientist, clinical (histocompatibility and immunogenetics)",02/05/2026,julie01@example.net,434-943-8998
CUST-00752,Aaron Benjamin MD,Male,23,Nakuru,Middle,"Surveyor, building",07/08/2026,abradley@example.com,821.746.4493
CUST-00753,John Gonzalez,Male,28,Mombasa,Middle,"Journalist, broadcasting",25/10/2022,hodgemichael@example.org,-9003
CUST-00754,Amanda Mcdonald,Female,48,Thika,High,"Buyer, industrial",14/04/2025,beckertheresa@example.com,001-323-633-5104x096
CUST-00755,Steve Orozco,Male,53,Thika,Middle,"Librarian, public",12/07/2021,cheryldavis@example.com,+1-783-307-4820x736
CUST-00756,Lauren Buckley,Female,38,Meru,Upper-Middle,Academic librarian,04/02/2023,whorton@example.com,-1370
CUST-00757,Nicholas Gonzalez,Male,24,Kisumu,Upper-Middle,"Engineer, civil (consulting)",06/07/2022,kennethbrown@example.com,492.301.3546
CUST-00758,Christopher Gray,Male,32,Thika,Middle,Minerals surveyor,11/03/2022,patelgabrielle@example.com,512-431-2616
CUST-00759,Joseph Peters,Male,64,Nakuru,Upper-Middle,Set designer,29/06/2026,olivia29@example.net,+1-593-876-2974x54930
CUST-00760,Patricia Marshall,Female,51,Nairobi,Upper-Middle,Television camera operator,04/07/2021,hogandavid@example.org,481.587.6920
CUST-00761,Cynthia Williams,Female,30,Nairobi,High,Speech and language therapist,23/11/2025,allenandrea@example.com,581.344.5822x06732
CUST-00762,Lori Jones,Female,54,Nakuru,Low,Sports coach,15/02/2026,rojasmarc@example.org,+1-345-500-0000x15291
CUST-00763,Renee Gonzales,Female,25,Kisumu,Low,Meteorologist,26/04/2025,cobbkaitlyn@example.net,6254561844
CUST-00764,Robert Burke,Male,22,Nakuru,Middle,"Solicitor, Scotland",20/08/2025,hmitchell@example.org,(224)889-0567
CUST-00765,Andrew Williams,Male,44,Thika,Low,Games developer,13/05/2026,nicholasfields@example.org,(684)582-6691x362
CUST-00766,Jaclyn Williams MD,Female,23,Nairobi,Low,Technical author,07/03/2022,jblair@example.net,9707633699
CUST-00767,Alan Weber,Male,60,Meru,Middle,Secondary school teacher,22/02/2026,davidbrown@example.org,664-481-8804
CUST-00768,John Gilmore,Male,70,Thika,Low,"Scientist, clinical (histocompatibility and immunogenetics)",07/11/2022,nicholasgallagher@example.net,+1-616-843-2126x9428
CUST-00769,Alex Suarez,Male,48,Nairobi,Middle,"Merchandiser, retail",04/11/2021,tlewis@example.com,670-264-6255
CUST-00770,Rachel Griffith,Female,65,Nyeri,High,"Librarian, public",15/11/2023,kellychung@example.net,2175646448
CUST-00771,Jacob Hawkins,Male,43,Nyeri,Middle,"Scientist, physiological",29/12/2024,mariahill@example.net,(579)505-0404
CUST-00772,Christine Hubbard,Female,32,Kisumu,Upper-Middle,"Engineer, biomedical",03/10/2023,brenda16@example.net,321.211.9787
CUST-00773,Christina Watkins,Female,47,Kisumu,Low,"Engineer, civil (consulting)",06/02/2026,zrobinson@example.net,830-260-1198x75617
CUST-00774,Cody Hoover,Male,60,Eldoret,High,Theatre director,25/12/2020,cookrobert@example.net,(698)603-6577
CUST-00775,Linda Horne,Female,54,Meru,Low,"Accountant, chartered certified",07/04/2024,peterlynch@example.com,(601)349-1189
CUST-00776,Darrell Sanders,Male,36,Nyeri,Middle,Lobbyist,17/10/2024,williskatherine@example.com,522.939.9821
CUST-00777,Gail Jones,Female,31,Nakuru,Low,Animator,26/11/2022,david86@example.net,2503537666
CUST-00778,Betty Deleon,Female,69,Thika,High,Archivist,19/11/2020,nancybrown@example.org,(366)491-0627x153
CUST-00779,Dawn Peterson,Female,41,Thika,High,Planning and development surveyor,05/03/2021,ryanrodriguez@example.net,268.929.3844x0134
CUST-00780,Grace Young,Female,30,Nairobi,Upper-Middle,Statistician,29/05/2026,ricklewis@example.net,(391)601-5709x085
CUST-00781,Christopher Smith,Male,20,Eldoret,Low,Freight forwarder,02/08/2024,richardharper@example.net,+1-669-496-4899x718
CUST-00782,Holly Cruz,Female,52,Thika,Middle,Fish farm manager,28/07/2025,markgarcia@example.org,001-884-299-3231x23426
CUST-00783,Michael Branch,Male,25,Nakuru,Middle,"Designer, fashion/clothing",03/10/2024,dbowman@example.com,5727348389
CUST-00784,Lindsey Cox,Female,53,Nairobi,Middle,"Scientist, product/process development",22/10/2022,dianehoffman@example.org,805-761-2996x5082
CUST-00785,Bridget Guerrero,Female,41,Kisumu,Middle,Statistician,12/07/2021,wberry@example.com,+1-713-308-7612x3859
CUST-00786,Corey Adams,Male,56,Thika,Upper-Middle,Database administrator,04/05/2025,brianamejia@example.net,800-327-3008x696
CUST-00787,Mr. William Hughes II,Male,64,Thika,Middle,"Engineer, automotive",04/06/2021,madison00@example.org,(480)594-1491x5076
CUST-00788,Travis May,Male,70,Meru,Upper-Middle,Cytogeneticist,24/01/2026,blairjeffrey@example.com,807-877-9462x072
CUST-00789,Kyle Cooper,Male,50,Nairobi,Low,Chief Executive Officer,16/06/2025,ehardy@example.com,6293914068
CUST-00790,Mr. Jesse Davis,Male,33,Nakuru,Low,Interior and spatial designer,11/11/2021,jennifer23@example.com,(217)881-7032x1192
CUST-00791,Nicole Young,Female,19,Thika,Middle,"Investment banker, corporate",05/02/2025,taylorpayne@example.com,(713)237-1844x4902
CUST-00792,James Dixon,Male,40,Kisumu,Upper-Middle,Plant breeder/geneticist,15/07/2021,justin03@example.com,941.467.8127
CUST-00793,Benjamin Flowers,Male,20,Kisumu,Middle,Chief Executive Officer,03/03/2026,lshannon@example.net,(713)948-6298
CUST-00794,Michael Kim,Male,52,Thika,Low,Exhibition designer,10/05/2024,nancycharles@example.org,-5730
CUST-00795,Tammy Wilson,Female,64,Nyeri,Low,"Biochemist, clinical",20/10/2024,fvalencia@example.org,(782)705-0682x1223
CUST-00796,Angelica Long,Female,38,Thika,Middle,Medical secretary,06/05/2026,watersamber@example.com,446-792-1821
CUST-00797,Wayne Fischer,Male,65,Nyeri,High,"Surveyor, hydrographic",25/01/2021,joe99@example.net,680-622-0509x3869
CUST-00798,Elizabeth Jacobs,Female,30,Thika,Middle,Science writer,02/12/2025,hollandjustin@example.com,+1-888-970-7152x3867
CUST-00799,Randy Douglas,Male,43,Eldoret,Upper-Middle,Warden/ranger,15/12/2020,xhill@example.org,+1-817-979-8768x299
CUST-00800,Christian Flowers,Male,30,Nairobi,High,"Scientist, clinical (histocompatibility and immunogenetics)",16/06/2023,troybrady@example.net,-3213
CUST-00801,Sean Campos,Male,30,Thika,Middle,Museum/gallery curator,20/01/2024,gina90@example.org,+1-812-548-2554x42867
CUST-00802,Ronald Carr,Male,50,Kisumu,Upper-Middle,Fine artist,24/04/2022,francesstevenson@example.com,(733)989-1562x4152
CUST-00803,Tony Price,Male,34,Thika,Upper-Middle,Dramatherapist,17/08/2025,oshah@example.net,858.795.1381
CUST-00804,Trevor Burns,Male,59,Mombasa,Upper-Middle,Nature conservation officer,20/12/2022,alexis57@example.net,943-403-4918x9117
CUST-00805,Kelly Bush,Female,19,Eldoret,Middle,Fashion designer,07/09/2025,laura15@example.org,(741)554-7155x3132
CUST-00806,John Singleton,Male,63,Mombasa,Upper-Middle,Chief Strategy Officer,12/03/2025,laurenwest@example.com,7094421410
CUST-00807,Lisa Gould,Female,69,Mombasa,Low,"Therapist, art",09/10/2021,mhoffman@example.net,(770)845-2388
CUST-00808,Chad Rivera,Male,43,Meru,High,Pension scheme manager,17/05/2024,sosamichelle@example.net,767.887.4422x75854
CUST-00809,Dr. Evan Marquez,Male,45,Meru,High,Holiday representative,14/12/2025,waynetorres@example.net,416-650-2000
CUST-00810,Crystal Holland,Female,53,Nyeri,Low,"Buyer, industrial",16/09/2022,davidwiley@example.org,351-630-5570x83682
CUST-00811,Sarah Warren,Female,69,Nakuru,Middle,Nature conservation officer,29/12/2023,sthomas@example.org,(377)546-2025x82543
CUST-00812,Carrie Daniels,Female,23,Nairobi,Upper-Middle,Contracting civil engineer,19/08/2021,marymartinez@example.net,(504)891-0601
CUST-00813,Christopher Robbins,Male,39,Eldoret,Low,Location manager,03/09/2024,patelkatie@example.com,417.822.5775x45847
CUST-00814,Kenneth Johnson,Male,40,Kisumu,High,Water engineer,11/12/2021,dixonkimberly@example.net,001-476-383-1608x2717
CUST-00815,Daniel Ramos,Male,65,Mombasa,Low,Systems analyst,01/08/2022,suehowe@example.com,(322)899-9362
CUST-00816,Mary Richards,Female,57,Meru,Low,Immunologist,07/03/2026,angelathomas@example.org,953-598-3584x46177
CUST-00817,Jenna Wright,Female,60,Kisumu,High,"Teacher, English as a foreign language",24/11/2020,jose49@example.com,+1-312-479-9702x927
CUST-00818,David Santana,Male,22,Mombasa,Upper-Middle,Secretary/administrator,19/09/2024,nhiggins@example.com,001-752-898-8322x012
CUST-00819,Nicholas Brown,Male,31,Nyeri,Upper-Middle,Early years teacher,03/05/2022,warejoseph@example.net,497.588.8975x3585
CUST-00820,Jennifer Brown,Female,38,Nakuru,Low,"Engineer, drilling",28/01/2021,ramirezkevin@example.com,+1-219-495-1715x2391
CUST-00821,Christopher Mcintosh,Male,44,Meru,Middle,Magazine features editor,22/09/2025,davisjames@example.com,+1-983-309-3096x7139
CUST-00822,Brian Sanders,Male,42,Nairobi,High,Dentist,13/02/2026,darrellmoore@example.net,001-876-372-0191x116
CUST-00823,Christopher Martinez,Male,37,Meru,Middle,Product manager,02/01/2021,jenniferstanley@example.net,001-273-439-3049x36653
CUST-00824,Shawn Shepherd,Male,20,Nakuru,Middle,Civil Service administrator,01/03/2025,kathycampbell@example.org,740-486-8250
CUST-00825,Donna Anderson,Female,24,Meru,Low,"Engineer, biomedical",06/10/2025,virginia56@example.org,001-303-499-5297x0137
CUST-00826,Jessica Howard,Female,69,Nyeri,High,"Solicitor, Scotland",06/07/2023,paul23@example.org,912-502-7061x592
CUST-00827,Diana Jackson,Female,61,Eldoret,Low,"Biochemist, clinical",01/01/2026,fhiggins@example.com,(290)563-2248x15542
CUST-00828,Sharon Johnson,Female,30,Thika,High,Company secretary,26/03/2021,jensenrebecca@example.com,697.856.4915x7955
CUST-00829,Theresa King,Female,30,Meru,Low,"Copywriter, advertising",21/08/2021,steven01@example.org,-1187
CUST-00830,Desiree Harding,Female,47,Meru,Upper-Middle,"Designer, television/film set",22/11/2024,iblack@example.org,215.871.2901x50713
CUST-00831,David Murray,Male,36,Nairobi,Middle,Learning mentor,07/09/2022,novaklisa@example.com,(884)474-3621x300
CUST-00832,Scott Rhodes,Male,24,Thika,High,Physiological scientist,14/07/2024,fcarlson@example.org,418.905.3396
CUST-00833,Ryan Preston,Male,54,Nairobi,High,Database administrator,13/06/2024,gomezcaleb@example.org,(370)600-4666
CUST-00834,Miss Allison Jones,Female,53,Meru,Middle,Arts administrator,21/09/2021,qchapman@example.com,340-604-9388
CUST-00835,Emily Contreras,Female,38,Mombasa,High,Investment analyst,17/04/2021,bobbybishop@example.net,5943976987
CUST-00836,Kevin Jennings,Male,51,Kisumu,Low,Museum/gallery exhibitions officer,05/04/2024,curtis61@example.org,574.407.7943
CUST-00837,Jessica Clark,Female,30,Kisumu,Middle,"Scientist, biomedical",05/08/2026,brandi19@example.com,2149262037
CUST-00838,Joshua Jackson,Male,27,Nairobi,High,Paediatric nurse,28/06/2021,randalldonna@example.net,9414813599
CUST-00839,Bradley Wallace,Male,62,Nyeri,Middle,Soil scientist,03/12/2020,sarah80@example.org,-3528
CUST-00840,Jeremiah Hunter,Male,57,Eldoret,Upper-Middle,"Administrator, arts",15/06/2024,bryanjohnson@example.net,3676571236
CUST-00841,Brandon Wong,Male,24,Nyeri,High,"Designer, industrial/product",13/06/2021,lcraig@example.com,(996)288-2769
CUST-00842,Leah Perez,Female,36,Meru,Low,Further education lecturer,26/09/2021,tylerrodney@example.com,(307)983-2748x83565
CUST-00843,Shannon Hopkins,Female,26,Nyeri,Middle,Occupational therapist,10/03/2026,kellywilliams@example.net,(649)466-8349x60478
CUST-00844,Adam Hoffman,Male,55,Mombasa,Low,Nature conservation officer,08/08/2021,ernestmahoney@example.net,001-536-248-8208x93486
CUST-00845,Chad Green,Male,69,Eldoret,Upper-Middle,Dentist,23/10/2024,eguzman@example.com,5917141319
CUST-00846,Victoria Bowman,Female,35,Nyeri,High,"Engineer, energy",14/02/2022,nrodriguez@example.com,001-760-252-3045x8816
CUST-00847,Heather Blanchard,Female,21,Kisumu,Upper-Middle,Research scientist (life sciences),21/04/2023,josejensen@example.com,403-644-0966x17718
CUST-00848,Laura Payne,Female,28,Nyeri,Low,Sports coach,01/02/2021,clinesteven@example.net,(514)717-4681
CUST-00849,Tamara Sims,Female,40,Nakuru,Low,Sports coach,27/12/2022,ijensen@example.net,696.398.7486
CUST-00850,Leah Werner,Female,36,Thika,Low,Artist,07/05/2026,martinezdennis@example.net,+1-220-575-3605x11716
CUST-00851,Kimberly Wise,Female,69,Eldoret,Upper-Middle,"Engineer, maintenance (IT)",03/02/2024,aedwards@example.net,+1-221-289-4559x0670
CUST-00852,Marisa Turner,Female,50,Mombasa,Middle,Hydrogeologist,21/11/2021,harold46@example.com,+1-648-796-6760x56420
CUST-00853,Jackson Avila,Male,38,Meru,Upper-Middle,Soil scientist,17/08/2023,duncankimberly@example.com,001-453-438-9062x35466
CUST-00854,Gabrielle Roberts,Female,65,Nyeri,Low,Occupational psychologist,27/08/2021,cassandra53@example.org,9628212242
CUST-00855,Mr. Matthew Collins,Male,47,Nakuru,High,Interpreter,16/11/2021,pricedale@example.org,211-358-4886x008
CUST-00856,Kelli Foster,Female,67,Thika,Low,"Surveyor, land/geomatics",09/12/2024,jamesmiller@example.net,+1-457-304-7264x261
CUST-00857,Anthony Rice,Male,23,Eldoret,High,Quality manager,05/09/2022,jeremy59@example.net,(380)578-5254x8242
CUST-00858,Shawn Cox,Male,68,Nairobi,Middle,Art gallery manager,06/01/2023,loweruben@example.com,+1-654-975-2311x2327
CUST-00859,Marc Ochoa,Male,31,Nairobi,Middle,"Production designer, theatre/television/film",15/06/2021,zsantana@example.org,842.472.0388
CUST-00860,Steven Gomez,Male,48,Nairobi,Upper-Middle,Special effects artist,03/11/2020,soliscarlos@example.com,704.453.0693
CUST-00861,Steven Rivera,Male,36,Thika,High,Industrial/product designer,08/09/2022,johnsonsamantha@example.net,+1-418-616-7784x8165
CUST-00862,Sydney Moses,Female,59,Mombasa,Low,Garment/textile technologist,16/12/2022,ibrown@example.org,-10007
CUST-00863,Matthew Lozano,Male,42,Meru,High,IT sales professional,06/06/2026,dawnmartinez@example.net,488.248.6999x698
CUST-00864,William Olson,Male,49,Thika,Upper-Middle,Contracting civil engineer,18/09/2026,cgarcia@example.net,(646)430-1986
CUST-00865,Tanner Decker,Male,35,Mombasa,Upper-Middle,Equities trader,02/04/2026,pmartin@example.org,001-512-418-7062
CUST-00866,Jose Williams,Male,43,Nairobi,Middle,"Surveyor, hydrographic",26/08/2025,garymartinez@example.org,9238200186
CUST-00867,Andrew Johnson,Male,33,Nakuru,Middle,"Therapist, speech and language",07/02/2026,hespinoza@example.org,-7288
CUST-00868,Marie Davidson,Female,60,Nyeri,Low,Theme park manager,16/06/2021,hartmanjoshua@example.net,+1-923-854-6951x0030
CUST-00869,Aaron Roth,Male,49,Kisumu,Middle,Landscape architect,08/02/2023,ekim@example.com,2068666411
CUST-00870,Edwin Miller,Male,33,Eldoret,Upper-Middle,Equality and diversity officer,02/07/2021,aaron78@example.com,269-794-9708
CUST-00871,Paige Jordan,Female,46,Nyeri,Upper-Middle,"Engineer, electrical",25/05/2025,angela68@example.net,001-599-862-6970
CUST-00872,Kelly Reid,Female,35,Nakuru,High,Public house manager,27/09/2021,eharrington@example.com,9598625719
CUST-00873,Linda Martinez,Female,62,Nyeri,Low,Consulting civil engineer,22/06/2021,wibarra@example.com,789.482.6041x809
CUST-00874,Richard Ward,Male,51,Thika,Upper-Middle,Interior and spatial designer,28/01/2025,murraystephen@example.net,427-646-9211
CUST-00875,Michelle Powell,Female,62,Mombasa,High,Press photographer,27/11/2021,gregory29@example.com,789-917-0454x21854
CUST-00876,Andrew Graham,Male,40,Eldoret,Upper-Middle,Computer games developer,13/01/2025,kirkdonald@example.com,409.500.1635x6407
CUST-00877,Diana Lin,Female,35,Eldoret,Middle,Retail manager,30/03/2022,samanthacarr@example.net,300-417-8822x473
CUST-00878,Benjamin David MD,Male,52,Nakuru,Low,Accounting technician,28/11/2023,yjones@example.com,-6311
CUST-00879,Mary Edwards MD,Female,61,Thika,Middle,Medical laboratory scientific officer,07/02/2021,staceyatkins@example.com,7922300716
CUST-00880,John Escobar,Male,60,Meru,Upper-Middle,Chartered legal executive (England and Wales),17/04/2026,anna54@example.org,+1-629-687-6989x3652
CUST-00881,Pamela Gutierrez,Female,45,Nyeri,High,"Scientist, biomedical",25/06/2021,tiffanyharris@example.com,-6024
CUST-00882,Clifford Mcdonald,Male,56,Nakuru,Upper-Middle,"Engineer, production",05/04/2023,samuel83@example.com,(868)906-4860
CUST-00883,Joshua Fritz,Male,62,Meru,Upper-Middle,Hydrographic surveyor,14/11/2022,amyponce@example.com,264.962.8055
CUST-00884,Tammy Bush,Female,29,Kisumu,Upper-Middle,Media buyer,30/01/2024,wharvey@example.org,(362)239-2090x855
CUST-00885,Michael Cross,Male,49,Kisumu,Upper-Middle,Tourism officer,26/05/2026,prestoncory@example.org,678-961-9025
CUST-00886,Anthony Park,Male,62,Thika,Low,Aeronautical engineer,01/03/2022,xlove@example.org,441-820-1227x59500
CUST-00887,Michael Williams,Male,41,Nakuru,Upper-Middle,Clinical psychologist,14/06/2023,jason25@example.net,+1-494-979-5074x07173
CUST-00888,Amber Gomez,Female,69,Thika,Upper-Middle,Medical secretary,01/10/2025,mcintyreelizabeth@example.org,3062493403
CUST-00889,Beth Johnson,Female,56,Eldoret,High,Phytotherapist,23/07/2022,hunterholly@example.com,418-749-1359
CUST-00890,Paul Blankenship,Male,49,Nairobi,Low,Tax adviser,27/07/2026,dwayne56@example.org,8062799006
CUST-00891,Jasmine Gonzales,Female,31,Mombasa,High,Armed forces operational officer,20/12/2022,wendymason@example.net,+1-923-839-4495x30067
CUST-00892,Sarah Cook,Female,45,Nairobi,Middle,Engineering geologist,20/10/2020,cynthiapoole@example.org,436.254.2624x1784
CUST-00893,Matthew Armstrong,Male,31,Thika,High,English as a foreign language teacher,02/01/2022,kylechase@example.org,8096060530
CUST-00894,Brittany Leach,Female,28,Thika,Middle,Music tutor,26/06/2021,ywallace@example.org,+1-404-357-5988x759
CUST-00895,Norman Wise,Male,50,Thika,Middle,Diplomatic Services operational officer,21/05/2023,pwilliams@example.com,+1-420-227-5582x14770
CUST-00896,Ashley Owen,Female,59,Nairobi,Low,Equities trader,10/02/2022,whiteryan@example.org,992-215-8189
CUST-00897,Krystal Hamilton,Female,36,Nakuru,Middle,Retail manager,08/09/2021,xlewis@example.com,-11047
CUST-00898,Andrew Williams,Male,50,Mombasa,Middle,Fast food restaurant manager,16/08/2023,znichols@example.net,+1-631-786-9289x728
CUST-00899,Mrs. Amy Davis,Female,59,Nyeri,High,Corporate investment banker,07/02/2025,jenniferwoods@example.org,4284394823
CUST-00900,Ann Ramirez,Female,49,Nyeri,Low,"Engineer, mining",08/02/2023,sandradalton@example.net,216-459-9302
CUST-00901,Daniel Williams,Male,53,Nakuru,Upper-Middle,Database administrator,27/08/2026,melissaanderson@example.com,252.813.5302x8165
CUST-00902,Craig Fleming,Male,39,Nakuru,Low,Local government officer,22/03/2021,sarahgonzales@example.com,(369)819-8321x029
CUST-00903,Robert Good,Male,59,Nakuru,Middle,"Psychotherapist, child",12/05/2021,nicholas90@example.org,001-383-810-4384
CUST-00904,Brittany Miller,Female,38,Kisumu,Low,Commissioning editor,17/06/2022,gtucker@example.org,(368)856-6706x362
CUST-00905,Amy Perkins,Female,51,Eldoret,Middle,Hydrologist,25/11/2022,alexanderryan@example.org,+1-549-433-9650x49627
CUST-00906,James Hamilton,Male,21,Eldoret,Upper-Middle,Chartered management accountant,24/09/2021,tanya43@example.com,+1-325-885-4218x80879
CUST-00907,Cynthia Collins,Female,65,Thika,High,Tourist information centre manager,14/06/2021,mbaker@example.net,532-247-2505x83334
CUST-00908,David Miller,Male,40,Meru,Upper-Middle,Seismic interpreter,05/11/2023,xsullivan@example.net,757-569-4757x694
CUST-00909,David Wood,Male,29,Nyeri,Low,Geoscientist,01/10/2024,uhughes@example.net,001-286-716-3421x25450
CUST-00910,Timothy Stark,Male,33,Kisumu,Middle,Rural practice surveyor,04/05/2023,briggsjacob@example.com,+1-225-959-6647x213
CUST-00911,Donald Allen,Male,56,Kisumu,Low,Commissioning editor,27/09/2025,hunter14@example.org,+1-948-893-3261x45430
CUST-00912,Patricia Perez,Female,64,Nairobi,High,Adult nurse,10/07/2026,fergusongina@example.org,785.422.1158x7184
CUST-00913,Robyn Barrett,Female,68,Nairobi,Low,Police officer,26/03/2022,rgreen@example.net,+1-970-917-3208x65237
CUST-00914,Jeffrey Fleming,Male,60,Nairobi,Low,Emergency planning/management officer,11/03/2024,taylorrodriguez@example.org,+1-205-427-8105x5800
CUST-00915,Michael Blair,Male,45,Meru,High,Insurance broker,17/04/2021,luisbates@example.org,860-394-3913
CUST-00916,Christopher Johnson,Male,54,Eldoret,High,"Engineer, civil (consulting)",07/10/2021,wdean@example.net,(586)720-9297
CUST-00917,James Gilbert,Male,32,Nairobi,Upper-Middle,"Engineer, production",05/05/2026,eddiehernandez@example.net,001-773-593-8992x04573
CUST-00918,Jenny Miller,Female,61,Mombasa,Upper-Middle,Animal nutritionist,17/09/2023,dsanders@example.net,208.326.9718x236
CUST-00919,Caleb Sanders,Male,45,Mombasa,Low,Surgeon,30/09/2023,patriciagrant@example.net,+1-621-476-4846x7357
CUST-00920,Veronica Brandt,Female,26,Mombasa,High,"Designer, ceramics/pottery",11/08/2026,stephaniegillespie@example.net,4194442589
CUST-00921,Tyler Sullivan,Male,57,Nakuru,Upper-Middle,"Education officer, museum",10/12/2023,jason06@example.org,+1-273-911-8046x7413
CUST-00922,Daryl Hansen,Male,41,Nyeri,Upper-Middle,Community development worker,30/04/2023,eddie13@example.com,(760)884-6397
CUST-00923,Nicholas Gibbs,Male,21,Meru,Middle,Medical illustrator,11/02/2021,john12@example.net,+1-315-816-4119x55640
CUST-00924,Christine Morris,Female,40,Nakuru,Low,Research scientist (maths),21/05/2025,linda07@example.org,(904)326-2019
CUST-00925,Matthew Hernandez,Male,61,Mombasa,Low,"Engineer, drilling",10/05/2021,karenjordan@example.net,(878)997-6098x7312
CUST-00926,Crystal Yates,Female,28,Mombasa,Low,Consulting civil engineer,23/04/2022,rpearson@example.org,659.588.9786x533
CUST-00927,Brandon Carrillo,Male,35,Nakuru,High,Insurance broker,13/07/2023,anthonyhunt@example.net,001-352-731-2021
CUST-00928,Patricia Tucker,Female,35,Meru,Low,Glass blower/designer,13/12/2023,anna74@example.com,6008268764
CUST-00929,Edward West,Male,30,Nairobi,Upper-Middle,Insurance broker,24/07/2024,barnesjames@example.com,(804)650-0635x53730
CUST-00930,Lisa Mccarty,Female,70,Thika,High,Careers information officer,27/06/2024,andradeariana@example.com,(996)235-3059
CUST-00931,Gregory Martin,Male,25,Nairobi,Low,"Psychologist, counselling",07/02/2022,bcraig@example.com,715.894.8989
CUST-00932,Douglas Sandoval,Male,61,Kisumu,Upper-Middle,Hydrogeologist,04/11/2022,karen43@example.com,001-541-649-1699x939
CUST-00933,Joanne Perez,Female,47,Eldoret,Low,Outdoor activities/education manager,10/01/2023,andre82@example.org,509.658.6297
CUST-00934,Brooke Coffey,Female,40,Kisumu,Low,Product designer,04/08/2025,brucethompson@example.com,001-407-454-8534x65579
CUST-00935,Alexandra Turner,Female,44,Meru,Upper-Middle,Police officer,21/07/2025,patrick12@example.net,+1-739-800-2512x137
CUST-00936,Kendra Larson,Female,63,Meru,High,Lawyer,09/05/2022,courtney70@example.net,(819)593-1458x43456
CUST-00937,Daniel Weaver,Male,26,Kisumu,Low,Art therapist,21/11/2023,kennethwhite@example.com,(620)833-4742
CUST-00938,Brian Turner,Male,25,Nyeri,High,"Production designer, theatre/television/film",17/05/2026,sgordon@example.net,+1-368-900-8529x46902
CUST-00939,Donna Owens,Female,30,Nyeri,Upper-Middle,Applications developer,03/05/2022,jared50@example.org,885.802.2894
CUST-00940,Jerry Rogers,Male,62,Kisumu,High,"Engineer, civil (contracting)",02/02/2022,dennismcknight@example.net,502.502.5691
CUST-00941,Crystal Robinson,Female,26,Nyeri,High,Osteopath,22/11/2022,ualexander@example.net,767-750-7627
CUST-00942,Paul Thompson,Male,23,Eldoret,Upper-Middle,Metallurgist,11/03/2026,briandavid@example.org,698.447.2303
CUST-00943,Joshua Ellis,Male,64,Nakuru,Upper-Middle,"Administrator, sports",05/09/2025,gibsonfrank@example.org,+1-724-605-0764x87177
CUST-00944,Marcus Collier,Male,46,Nakuru,High,"Geneticist, molecular",16/04/2022,hughesdanielle@example.org,-7055
CUST-00945,Rebekah Richards,Female,61,Nyeri,Middle,Lobbyist,02/08/2026,ilong@example.com,001-348-423-7337x912
CUST-00946,William Wilson,Male,19,Kisumu,High,Scientific laboratory technician,17/08/2024,youngmichael@example.net,-7843
CUST-00947,Heather Matthews,Female,29,Mombasa,High,Waste management officer,01/01/2026,heather29@example.com,001-917-412-2276x4338
CUST-00948,Heather Roberts,Female,34,Thika,Upper-Middle,"Clinical scientist, histocompatibility and immunogenetics",17/12/2021,rthompson@example.com,+1-249-663-3083x34447
CUST-00949,Joseph Romero,Male,51,Nakuru,High,Lawyer,01/09/2025,nelsonandrew@example.org,5599685195
CUST-00950,Lori Mckee,Female,34,Mombasa,High,Physiotherapist,11/02/2024,ernestrich@example.net,263-842-7775x22592
CUST-00951,Jennifer Daniels,Female,70,Meru,Low,Trade union research officer,09/12/2021,anthonywood@example.net,(229)441-1563
CUST-00952,Emily Ortega,Female,47,Thika,Low,Operational investment banker,05/09/2025,ryanford@example.net,(362)794-2066
CUST-00953,Loretta Johnson,Female,66,Nairobi,Low,Structural engineer,03/06/2026,colton31@example.org,+1-380-404-9832x1122
CUST-00954,Jacqueline Phillips,Female,45,Nairobi,Low,"Clinical scientist, histocompatibility and immunogenetics",16/05/2026,amanda68@example.com,-3333
CUST-00955,Anthony Parker,Male,69,Eldoret,Middle,Contracting civil engineer,02/05/2023,williamspaul@example.net,377.887.3585x66464
CUST-00956,Claudia Barrett,Female,40,Thika,Low,Tree surgeon,07/09/2021,jennifergraham@example.org,(413)620-4104
CUST-00957,Robert Rodriguez,Male,48,Thika,High,Sales promotion account executive,11/11/2024,davismichelle@example.com,(369)499-9498
CUST-00958,Christina Moss,Female,64,Meru,Low,Barista,25/11/2020,nancyhenderson@example.org,001-520-300-5328x5386
CUST-00959,Mark Nguyen,Male,67,Nakuru,Low,Geophysicist/field seismologist,05/04/2022,olivianolan@example.net,001-905-882-6929x900
CUST-00960,Jessica Carson,Female,41,Eldoret,Upper-Middle,Financial planner,11/06/2024,gregorypeters@example.org,896.933.7618x51862
CUST-00961,Jeffrey Torres,Male,21,Kisumu,High,Academic librarian,28/08/2021,leeelizabeth@example.org,439.921.8835
CUST-00962,Nicholas Brown,Male,64,Nyeri,Low,"Journalist, magazine",15/10/2024,sullivanpaula@example.com,(310)465-9208x8143
CUST-00963,Jill Ortiz,Female,58,Nakuru,Middle,Retail manager,26/08/2024,gomezbrittney@example.net,-8884
CUST-00964,Troy Ross,Male,44,Nakuru,High,"Doctor, hospital",02/01/2024,bailey12@example.com,634.898.9925x539
CUST-00965,Adam Wallace,Male,64,Thika,Low,Copy,08/04/2023,wallacecourtney@example.org,001-296-969-4179x96708
CUST-00966,Meghan Scott,Female,21,Mombasa,High,Waste management officer,23/09/2023,richard18@example.org,+1-884-316-7347x853
CUST-00967,Mrs. Lauren Johnson MD,Female,61,Kisumu,High,Trade union research officer,25/10/2020,elizabethrobertson@example.com,2528102627
CUST-00968,Juan Winters,Male,52,Nairobi,High,Sport and exercise psychologist,20/11/2020,josephbass@example.com,513.908.8983x05748
CUST-00969,Sarah Cooley,Female,51,Kisumu,Middle,"Loss adjuster, chartered",10/06/2025,pjoyce@example.org,(875)800-0305
CUST-00970,Stephen Osborne,Male,25,Nyeri,Upper-Middle,"Engineer, electronics",05/10/2023,pruittstephanie@example.com,918-249-3784x6790
CUST-00971,Kiara Martin,Female,45,Nakuru,Upper-Middle,Animal nutritionist,14/03/2026,rodriguezkaren@example.com,(810)934-4442x990
CUST-00972,Grace Henderson,Female,40,Eldoret,High,Minerals surveyor,22/02/2024,kevinjohnson@example.org,001-421-355-9967x25622
CUST-00973,Gary Lewis,Male,27,Nyeri,Upper-Middle,Hospital pharmacist,19/02/2026,qmcguire@example.com,476-348-4559x3965
CUST-00974,Sabrina Ferguson,Female,64,Nakuru,Middle,Accounting technician,24/05/2023,irivas@example.com,953-512-9003x62211
CUST-00975,Mark Schultz,Male,58,Eldoret,Upper-Middle,"Research officer, trade union",03/09/2024,ronaldnelson@example.net,-6481
CUST-00976,Eric Maldonado,Male,64,Kisumu,Upper-Middle,Counselling psychologist,05/09/2023,craig18@example.com,359.617.1050x8054
CUST-00977,Eric Ruiz,Male,67,Thika,High,"Engineer, site",06/11/2023,kelsey47@example.net,001-541-271-5949x7344
CUST-00978,Katherine Ferguson,Female,62,Eldoret,High,"Engineer, broadcasting (operations)",16/08/2022,morenorobert@example.org,001-433-389-2608x788
CUST-00979,Christopher Daniels,Male,52,Mombasa,Low,Acupuncturist,27/05/2022,margaret62@example.com,+1-215-321-7465x35378
CUST-00980,Sharon Kelly,Female,28,Nairobi,Low,Purchasing manager,25/07/2026,kellybooth@example.com,677-562-9691
CUST-00981,James Matthews,Male,36,Kisumu,Upper-Middle,Furniture designer,18/08/2025,bsoto@example.com,909-599-9001x08985
CUST-00982,Kim Young,Female,28,Nairobi,Upper-Middle,"Librarian, public",20/07/2026,codymiller@example.net,(784)942-4648x84997
CUST-00983,Thomas Watson,Male,67,Nairobi,Upper-Middle,Land/geomatics surveyor,26/11/2024,karen28@example.net,390-422-1797
CUST-00984,Kimberly Fowler,Female,25,Nakuru,High,Ceramics designer,29/07/2024,ruth45@example.org,236-572-8681x123
CUST-00985,Glenn Hamilton,Male,51,Eldoret,Low,Clothing/textile technologist,18/04/2025,lanechelsea@example.com,-871
CUST-00986,Laura Wood,Female,43,Nyeri,Upper-Middle,"Surveyor, minerals",28/12/2021,lmiddleton@example.org,751.558.8070
CUST-00987,James Reese,Male,19,Eldoret,Middle,Community development worker,07/10/2021,kristinmiller@example.org,-3953
CUST-00988,Amy Schmidt,Female,33,Thika,Middle,Chiropractor,14/04/2025,williamsmark@example.org,937-336-1587x3662
CUST-00989,Gregory Le,Male,37,Meru,Middle,Tax inspector,22/02/2024,jasonallen@example.net,9055856154
CUST-00990,George Cruz,Male,30,Kisumu,Low,Film/video editor,05/12/2023,wcarroll@example.com,516-943-6902
CUST-00991,Joyce Wyatt,Female,21,Nyeri,Upper-Middle,"Therapist, music",14/05/2025,pbarajas@example.com,(205)334-2816x44161
CUST-00992,Melissa Haley,Female,27,Kisumu,Upper-Middle,"Engineer, energy",26/06/2023,amanda46@example.com,9515038802
CUST-00993,Charles Barnes,Male,40,Meru,Middle,Contractor,28/04/2024,bakerjonathon@example.com,218.893.9530x969
CUST-00994,David Avila,Male,28,Thika,Low,Training and development officer,05/05/2026,hudsonglen@example.net,001-949-387-4551x35872
CUST-00995,Stacy Smith,Female,50,Thika,Low,Surgeon,06/05/2024,mccormickkatherine@example.com,001-903-743-9881x87387
CUST-00996,Mrs. Cynthia Sullivan,Female,52,Nakuru,Middle,"Production assistant, television",09/10/2024,calderonclinton@example.net,2904915386
CUST-00997,James Bailey,Male,69,Kisumu,High,Archaeologist,25/02/2022,carlos23@example.org,+1-905-677-2044x100
CUST-00998,Cindy Nelson,Female,24,Thika,Middle,Structural engineer,11/10/2022,browntimothy@example.net,612-824-8709x8726
CUST-00999,Christopher Miller,Male,61,Thika,Upper-Middle,Hydrogeologist,14/12/2024,jacobsmith@example.net,+1-832-361-1890x0346
CUST-01000,Cindy Wells,Female,37,Nakuru,High,Sports coach,01/01/2022,pwest@example.org,4203095366
CUST-01001,Craig Mullen,Male,26,Thika,High,Airline pilot,11/09/2025,morganthomas@example.com,2019732590
CUST-01002,Joel Lopez,Male,60,Nakuru,Low,Production engineer,10/01/2021,ethanrodriguez@example.net,(790)687-1672x2104
CUST-01003,Rebecca Lutz,Female,43,Mombasa,High,"Teacher, early years/pre",04/09/2021,amyhaney@example.org,407.744.3602x3442
CUST-01004,Maria Smith,Female,53,Eldoret,Low,"Education officer, community",24/08/2023,rhondanelson@example.org,(209)544-7726
CUST-01005,Jennifer Garrett,Female,51,Meru,High,Chief Marketing Officer,03/06/2023,sandraruiz@example.org,+1-379-848-0245x5985
CUST-01006,Brian Andrews,Male,37,Nakuru,Upper-Middle,IT consultant,03/09/2021,jacksonrussell@example.com,001-849-286-4786x86237
CUST-01007,Jonathan Adams,Male,25,Kisumu,Low,Futures trader,12/08/2024,dixonjerry@example.net,-1486
CUST-01008,Andrew Powell,Male,32,Nakuru,High,"Engineer, drilling",26/03/2025,ufranklin@example.net,(635)934-8486
CUST-01009,Andrew Moore,Male,32,Nyeri,Low,"Teacher, secondary school",21/08/2022,bflores@example.org,(702)712-3720
CUST-01010,Daniel Robinson,Male,20,Meru,Upper-Middle,Advertising art director,02/04/2021,dunnnicholas@example.com,001-367-339-1900x8899
CUST-01011,Jared Smith,Male,24,Mombasa,Low,Chief Executive Officer,30/08/2025,vbradley@example.net,(932)273-7989
CUST-01012,Joshua Quinn,Male,69,Eldoret,Low,Speech and language therapist,15/04/2023,bendermichelle@example.net,(874)363-0009x98433
CUST-01013,Nathan Sanchez,Male,35,Nyeri,High,Charity fundraiser,10/07/2024,millschristopher@example.org,+1-298-354-5829x42034
CUST-01014,Erica Allen,Female,59,Nyeri,High,Paediatric nurse,30/03/2024,griffinnicholas@example.net,+1-294-449-4667x201
CUST-01015,Maria Smith,Female,20,Nyeri,Low,"Solicitor, Scotland",01/12/2021,barkeredwin@example.org,+1-338-979-4026x2085
CUST-01016,Frederick Taylor,Male,60,Mombasa,Low,Mechanical engineer,01/09/2022,robertmoore@example.org,(770)304-1291x828
CUST-01017,Michael Mays,Male,41,Mombasa,Upper-Middle,"Editor, commissioning",29/01/2026,michael04@example.net,(210)307-9230x4660
CUST-01018,Dana Thomas,Female,57,Mombasa,Upper-Middle,Air traffic controller,21/06/2021,cummingsjulie@example.org,629.761.5120
CUST-01019,Nancy Graham,Female,43,Nyeri,Low,Environmental manager,02/07/2023,larry04@example.net,(327)763-4601
CUST-01020,Holly Ball,Female,29,Nakuru,Middle,"Engineer, energy",21/01/2026,travis24@example.org,(986)417-6822x512
CUST-01021,Victoria Hicks,Female,69,Eldoret,Middle,Naval architect,16/04/2024,sarah62@example.org,919-376-8784x947
CUST-01022,Laura Fowler,Female,62,Thika,Low,"Administrator, local government",23/10/2023,gutierrezsarah@example.net,689-874-2235x4340
CUST-01023,Paul Kelley,Male,26,Nairobi,Low,Dentist,03/09/2021,rogersdana@example.com,+1-352-354-9206x441
CUST-01024,Lisa Schroeder,Female,53,Mombasa,Upper-Middle,Statistician,20/05/2025,schmidtsteven@example.org,+1-663-843-5948x82188
CUST-01025,Willie Sullivan,Male,66,Thika,Middle,"Loss adjuster, chartered",20/11/2020,velasquezvictoria@example.org,225-343-4123
CUST-01026,Amber Carr,Female,60,Kisumu,Middle,Photographer,23/03/2025,colonjohn@example.org,386-900-3203
CUST-01027,Kevin Munoz,Male,33,Eldoret,Middle,Catering manager,25/02/2021,aguirreantonio@example.org,947.813.1719
CUST-01028,Paul Wilkerson,Male,30,Nairobi,High,"Designer, furniture",13/01/2024,gabriela90@example.net,741.594.7855x01137
CUST-01029,Christopher Wilson,Male,37,Mombasa,Upper-Middle,Dietitian,02/10/2024,amills@example.com,(879)203-7161
CUST-01030,Jose Maxwell,Male,31,Meru,Upper-Middle,"Designer, fashion/clothing",24/09/2024,patriciarhodes@example.net,+1-864-377-1837x5307
CUST-01031,Adriana Yates,Female,27,Nakuru,Low,"Administrator, local government",21/05/2025,kristen78@example.org,4243432362
CUST-01032,Amanda Holder,Female,58,Mombasa,Middle,Museum/gallery exhibitions officer,09/11/2025,melanie46@example.net,306.775.1691x3952
CUST-01033,Ashley Russell,Female,50,Meru,Upper-Middle,Dance movement psychotherapist,09/04/2023,ejones@example.org,335.508.4243
CUST-01034,Donna Wyatt,Female,63,Kisumu,Upper-Middle,Brewing technologist,05/01/2025,andrewturner@example.org,001-969-710-5302x1516
CUST-01035,Michelle Hays,Female,46,Kisumu,Low,Horticultural therapist,03/09/2026,pmarquez@example.org,+1-895-634-8110x50147
CUST-01036,Brittney Wagner,Female,34,Nakuru,High,Photographer,17/09/2025,floresjohn@example.com,912-381-7751x23959
CUST-01037,Debbie Bennett,Female,42,Kisumu,Upper-Middle,Armed forces technical officer,04/03/2026,umartin@example.com,9244465467
CUST-01038,Amy Garcia,Female,48,Meru,Upper-Middle,"Engineer, electronics",26/08/2024,serranosteven@example.com,(247)483-7031x7543
CUST-01039,Elizabeth Jones,Female,50,Mombasa,Middle,Retail manager,20/04/2023,janice26@example.org,(992)454-6862
CUST-01040,Roy Shea,Male,36,Kisumu,Middle,Pension scheme manager,20/07/2024,aking@example.com,+1-463-727-1353x8676
CUST-01041,Claudia Rice,Female,65,Mombasa,Low,Public relations officer,07/01/2025,russellemily@example.org,288-769-3205x534
CUST-01042,Michael Acevedo,Male,51,Nairobi,High,Dance movement psychotherapist,14/11/2025,agonzalez@example.net,759-876-4053
CUST-01043,Norman Porter,Male,21,Eldoret,High,Restaurant manager,03/09/2024,max26@example.org,001-803-484-2273
CUST-01044,Daniel Brown,Male,42,Nyeri,Middle,Economist,26/03/2022,timothyrodriguez@example.org,457.769.1716x204
CUST-01045,Debra Tran,Female,27,Meru,Low,Surgeon,23/08/2025,antoniothompson@example.org,(690)439-2202x69801
CUST-01046,Debra Poole,Female,42,Nairobi,Middle,"Pharmacist, hospital",01/04/2021,oneillshannon@example.org,616.537.0500
CUST-01047,Jason Ellis,Male,67,Kisumu,High,Health service manager,22/11/2022,hlane@example.com,(594)276-3808
CUST-01048,Peter Nguyen,Male,30,Kisumu,High,"Designer, graphic",02/04/2021,christina98@example.com,493-393-2727
CUST-01049,Laura Short,Female,21,Nakuru,High,Magazine features editor,16/08/2022,evanskelsey@example.com,4266676527
CUST-01050,Daniel Burns,Male,23,Eldoret,Upper-Middle,Theatre director,13/01/2026,andrew08@example.net,(440)267-5602x08019
CUST-01051,Raymond Strong,Male,21,Nakuru,Upper-Middle,Field seismologist,12/04/2023,ramirezamy@example.org,001-232-425-3332
CUST-01052,Andrea Moore,Female,49,Meru,Low,Learning disability nurse,01/12/2023,melissa01@example.net,001-535-545-0369x8884
CUST-01053,David Golden,Male,60,Thika,Low,Fine artist,29/03/2023,lellison@example.com,(408)605-9831
CUST-01054,Ann Hobbs,Female,66,Eldoret,Middle,"Producer, radio",22/03/2021,karen65@example.net,+1-992-601-2376x317
CUST-01055,Diana Jones,Female,60,Nyeri,Upper-Middle,Music tutor,10/11/2020,caitlincamacho@example.net,493-875-9192
CUST-01056,Michael Garcia,Male,52,Eldoret,High,Exhibition designer,25/11/2023,banderson@example.com,952.586.4612x0961
CUST-01057,Kenneth Moore,Male,52,Nyeri,Upper-Middle,Geophysical data processor,08/04/2025,nancy40@example.org,(311)653-5505
CUST-01058,Patricia Garcia,Female,50,Meru,Low,Civil Service fast streamer,05/03/2026,john08@example.com,597.624.7925x4221
CUST-01059,Michael Graves,Male,47,Kisumu,Middle,Clinical molecular geneticist,28/04/2025,jillcosta@example.com,001-887-770-6769x33329
CUST-01060,Shane Bender,Male,51,Eldoret,Middle,"Librarian, public",22/02/2022,qmoran@example.com,(940)485-8588x38256
CUST-01061,Christopher Singh,Male,30,Kisumu,Upper-Middle,Occupational therapist,30/12/2022,lmartinez@example.org,(443)755-1962x822
CUST-01062,Brian White,Male,61,Nakuru,High,"Optician, dispensing",19/05/2026,katherinezhang@example.com,(486)439-4201
CUST-01063,Denise Roberts,Female,65,Mombasa,High,Economist,11/08/2025,frenchcatherine@example.net,(862)570-2660x45095
CUST-01064,Karen Mitchell,Female,49,Nakuru,Middle,Advertising account executive,25/01/2021,christinawilliams@example.org,001-433-653-8922
CUST-01065,Anna Herring,Female,20,Nakuru,Low,Museum/gallery exhibitions officer,16/08/2022,nealrobert@example.org,427.870.5646x16076
CUST-01066,Michael Reeves,Male,55,Kisumu,Middle,Administrator,29/09/2023,armstrongjeremy@example.org,546.517.6231
CUST-01067,Brian Day,Male,55,Kisumu,Low,Futures trader,25/12/2025,jennifer64@example.org,416.954.4137
CUST-01068,Steven Mills,Male,35,Kisumu,High,Petroleum engineer,14/10/2024,hendersonheather@example.com,+1-942-290-4617x551
CUST-01069,Dr. Johnny Gilbert Jr.,Male,65,Eldoret,Low,"Education officer, museum",14/04/2023,khanjustin@example.org,544.841.7234x565
CUST-01070,Jerry Hodges,Male,47,Meru,High,Diagnostic radiographer,28/10/2020,morgan85@example.net,462.568.9047
CUST-01071,Nicholas Adams,Male,33,Nyeri,Middle,"Administrator, charities/voluntary organisations",15/04/2026,larsonjeremy@example.com,+1-257-542-1643x5990
CUST-01072,Billy Powers,Male,58,Eldoret,Middle,Industrial/product designer,27/02/2021,omathis@example.com,001-814-337-8844x3706
CUST-01073,Jocelyn Pearson,Female,48,Mombasa,Middle,Pathologist,21/09/2023,paula72@example.net,(236)281-5418x5899
CUST-01074,Karen Dominguez,Female,43,Kisumu,Low,Clinical molecular geneticist,22/08/2025,waterskyle@example.org,001-278-560-4356x605
CUST-01075,Jeremy Melendez,Male,31,Nyeri,Middle,Sales executive,08/10/2025,jasonsanders@example.net,930.667.1822x266
CUST-01076,Lucas Wise,Male,30,Meru,Low,Rural practice surveyor,30/07/2024,gmurphy@example.com,+1-990-867-3963x42898
CUST-01077,Ryan Lindsey,Male,24,Meru,Middle,IT trainer,27/02/2026,anthonydana@example.net,(821)970-4861
CUST-01078,James Lopez,Male,68,Nyeri,High,Building control surveyor,03/04/2021,khines@example.net,4739992891
CUST-01079,Brittany Park,Female,21,Nyeri,Middle,"Exhibitions officer, museum/gallery",21/06/2022,vdavis@example.org,-3451
CUST-01080,Melissa Nichols,Female,69,Nyeri,Upper-Middle,Farm manager,22/05/2026,craigjohn@example.com,490-314-5996x7069
CUST-01081,Robert Gonzales,Male,46,Kisumu,Upper-Middle,Mental health nurse,01/10/2020,wendy82@example.com,388.843.0217
CUST-01082,Shannon Smith,Female,68,Nakuru,Low,Mudlogger,15/02/2026,elizabeth15@example.net,290.316.4928x15037
CUST-01083,Taylor Madden,Female,57,Nyeri,Upper-Middle,Hydrogeologist,28/03/2024,griffinbrandon@example.org,480.681.7262x82968
CUST-01084,Ryan Nguyen,Male,19,Nairobi,Low,Advertising account executive,27/12/2020,gthomas@example.net,001-259-827-4116
CUST-01085,Michael Ball,Male,43,Nakuru,Upper-Middle,Clinical molecular geneticist,03/01/2024,laurensullivan@example.org,9802820391
CUST-01086,Regina Gamble,Female,42,Mombasa,Middle,"Engineer, broadcasting (operations)",25/04/2024,juan35@example.net,(424)758-7012x0424
CUST-01087,Linda Richards,Female,60,Eldoret,Upper-Middle,Environmental health practitioner,23/01/2022,adiaz@example.org,-1620
CUST-01088,Nicole Allen,Female,55,Thika,Upper-Middle,Contracting civil engineer,10/06/2023,bobby53@example.net,001-464-381-8754x03648
CUST-01089,Michelle Hayes,Female,67,Nakuru,High,Fish farm manager,21/12/2024,joshua66@example.org,823.660.6679
CUST-01090,Beverly Perkins,Female,30,Thika,High,Radio producer,22/07/2025,denniswilliams@example.com,(498)262-2699
CUST-01091,Jennifer Levy,Female,38,Thika,High,Television production assistant,29/07/2025,wthompson@example.com,+1-899-929-9833x587
CUST-01092,Jerry Lopez,Male,61,Mombasa,Middle,"Administrator, charities/voluntary organisations",03/06/2024,david48@example.org,5843931539
CUST-01093,Beth Smith,Female,69,Kisumu,Low,Broadcast engineer,08/10/2020,kenneth76@example.org,+1-514-930-4913x410
CUST-01094,Steven Bridges,Male,51,Nyeri,Upper-Middle,Consulting civil engineer,24/09/2024,vargasamber@example.net,764-522-4059x20823
CUST-01095,Timothy Holder,Male,29,Nyeri,Low,Transport planner,17/05/2024,deanjose@example.net,(529)280-5682x0175
CUST-01096,Jason Garcia,Male,28,Meru,High,Planning and development surveyor,17/03/2025,tiffany24@example.org,734-874-1253x1379
CUST-01097,Anthony Henry,Male,23,Eldoret,Middle,"Doctor, general practice",28/05/2022,crawfordtara@example.org,361.592.0259
CUST-01098,Cheryl Stevens,Female,24,Nairobi,High,Hydrogeologist,07/05/2022,lisachristian@example.com,874-489-0476x078
CUST-01099,Emily Jones,Female,58,Eldoret,Low,"Psychotherapist, dance movement",10/10/2020,xmorris@example.net,770-385-1732
CUST-01100,James Bonilla,Male,59,Meru,High,Trade union research officer,18/01/2021,grantmichael@example.org,(558)311-5744x965
CUST-01101,Anthony Vasquez,Male,31,Eldoret,Middle,"Accountant, chartered",02/10/2024,mitchellbriana@example.org,001-445-341-8403x982
CUST-01102,Alexander Clark,Male,69,Nakuru,Middle,"Nurse, mental health",27/12/2023,katierodgers@example.org,285.488.6407
CUST-01103,Christopher Wolfe,Male,42,Nakuru,Low,Museum/gallery exhibitions officer,03/07/2021,heather93@example.org,001-235-862-3039x7440
CUST-01104,Jonathan Hanna,Male,24,Eldoret,High,Radiation protection practitioner,25/06/2025,carlsonblake@example.net,001-819-891-8431x132
CUST-01105,Gabriela Hill,Female,61,Nyeri,High,"Surveyor, mining",12/08/2023,cooperlauren@example.org,(411)296-0472
CUST-01106,Kyle Ruiz,Male,52,Nairobi,Low,Publishing copy,16/10/2020,xcrane@example.net,347-708-2317x146
CUST-01107,Kenneth Fisher,Male,54,Eldoret,Upper-Middle,Naval architect,12/11/2024,aanderson@example.org,859.360.5302
CUST-01108,Elizabeth Anderson,Female,36,Nakuru,Middle,"Surveyor, building control",13/11/2024,ysmith@example.net,(205)406-3066x3605
CUST-01109,Stacy Miller,Female,44,Nairobi,Upper-Middle,"Pilot, airline",13/02/2026,mary98@example.net,503-290-9120
CUST-01110,Chad Franklin,Male,45,Mombasa,Low,"Designer, industrial/product",14/08/2023,katrinastevens@example.com,001-279-253-1926
CUST-01111,Kim Williams,Female,40,Mombasa,Upper-Middle,Magazine journalist,03/09/2024,qmichael@example.com,549-320-5489x445
CUST-01112,Alexis Hoffman,Female,63,Meru,High,"Therapist, nutritional",24/05/2025,wbailey@example.net,744.456.6229
CUST-01113,Lisa Williams,Female,68,Nakuru,Upper-Middle,Orthoptist,06/09/2026,zsmith@example.com,662-948-6070
CUST-01114,Brittany Fisher,Female,62,Meru,Low,"Administrator, sports",09/03/2024,jamesmarsh@example.org,(885)901-5301x731
CUST-01115,Emily Brown,Female,26,Eldoret,Low,Printmaker,18/03/2025,brooksharold@example.com,233-895-4794
CUST-01116,Dr. Holly Davis,Female,59,Nakuru,Middle,"Psychologist, sport and exercise",15/06/2023,floressteve@example.net,001-818-398-6646x9365
CUST-01117,Chloe Morris,Female,45,Thika,Low,"Research officer, trade union",24/11/2025,courtney87@example.com,-3351
CUST-01118,Abigail Day,Female,34,Eldoret,Low,Electronics engineer,12/07/2025,anthonyward@example.com,833.629.7323
CUST-01119,Charlotte Castro,Female,62,Thika,Low,IT technical support officer,13/11/2021,kathrynochoa@example.com,(799)424-2773x9238
CUST-01120,David White,Male,49,Thika,Upper-Middle,Chief Marketing Officer,17/08/2025,haley01@example.com,+1-433-228-4423x471
CUST-01121,John Wilkins,Male,55,Eldoret,Middle,Land/geomatics surveyor,13/06/2021,hannah26@example.org,256.899.9138x310
CUST-01122,William Lewis,Male,50,Nakuru,Middle,Educational psychologist,18/01/2022,uhaney@example.org,(277)877-3316
CUST-01123,Edwin Mendoza,Male,35,Nakuru,Middle,"Accountant, chartered certified",02/07/2024,angelicawilliams@example.com,6593529842
CUST-01124,Andrew Kennedy,Male,34,Thika,Middle,Astronomer,07/04/2023,rachaelnelson@example.net,+1-867-458-2676x2590
CUST-01125,Andrew Mann,Male,26,Mombasa,High,Rural practice surveyor,11/05/2022,cynthia64@example.com,001-514-997-4597x9318
CUST-01126,Ryan Erickson,Male,67,Nairobi,High,Careers adviser,27/10/2025,carol86@example.org,001-895-850-4932
CUST-01127,Bethany Mcgee,Female,58,Thika,High,Furniture designer,03/10/2025,ggarcia@example.org,001-689-281-1594x853
CUST-01128,Angel Cohen,Female,50,Kisumu,Upper-Middle,"Development worker, community",13/06/2024,reneevelasquez@example.net,001-447-442-2567x871
CUST-01129,Kelly Payne,Female,33,Kisumu,Low,Barrister,03/11/2024,diane41@example.com,606.813.4956x47998
CUST-01130,Meghan Robertson,Female,49,Nairobi,Upper-Middle,"Producer, radio",29/07/2026,ashley63@example.net,-2887
CUST-01131,Brenda Miller,Female,62,Kisumu,High,Consulting civil engineer,22/02/2024,garciamarcus@example.com,001-778-364-5786x5557
CUST-01132,Christopher Harrison III,Male,63,Meru,Upper-Middle,Associate Professor,16/10/2020,vmills@example.net,(482)640-5166x54512
CUST-01133,David Carrillo,Male,19,Nakuru,High,Veterinary surgeon,28/09/2025,afitzpatrick@example.org,738.968.6083
CUST-01134,Nicholas Chavez,Male,39,Thika,Upper-Middle,Osteopath,26/10/2022,brandondean@example.com,(538)260-2050
CUST-01135,Ricardo Ramirez Jr.,Male,54,Eldoret,Middle,Technical sales engineer,09/01/2023,silvaryan@example.org,+1-379-579-7245x284
CUST-01136,Lisa Rose,Female,49,Thika,Upper-Middle,"Investment banker, corporate",11/04/2023,marshallmichael@example.com,001-274-480-9573x94059
CUST-01137,Jeffrey Jackson,Male,50,Nyeri,Middle,Fitness centre manager,24/12/2025,dylan03@example.org,(489)225-8490x734
CUST-01138,Kristy Alexander,Female,63,Thika,Upper-Middle,Public affairs consultant,23/08/2024,amanda75@example.net,(414)718-6482x308
CUST-01139,Kelly Sanders,Female,36,Meru,Middle,Health and safety inspector,08/02/2025,duncanerik@example.net,001-632-560-5869x42767
CUST-01140,William Lee,Male,55,Nakuru,Low,Music tutor,02/10/2020,lwhite@example.org,+1-715-618-1788x24265
CUST-01141,Kimberly Huff,Female,70,Nakuru,High,"Designer, ceramics/pottery",23/04/2024,dennishardy@example.org,+1-271-279-8902x2379
CUST-01142,Rebecca Good,Female,31,Kisumu,Middle,Government social research officer,04/06/2023,jbrown@example.com,379.254.1767x553
CUST-01143,Nicole Ford,Female,70,Nairobi,Middle,Manufacturing engineer,19/04/2021,florescarrie@example.net,001-545-689-6268
CUST-01144,Jessica Harris,Female,50,Kisumu,Upper-Middle,"Designer, furniture",05/12/2020,jenningsraymond@example.org,396.312.1905
CUST-01145,Latasha Mccormick,Female,38,Eldoret,Low,Naval architect,07/03/2025,dixondennis@example.org,+1-970-466-9010x7923
CUST-01146,Brianna Tran,Female,25,Kisumu,Low,Environmental manager,12/09/2022,rebecca86@example.net,897-503-5067x5789
CUST-01147,Mr. Hector Griffin PhD,Male,35,Meru,Low,Fashion designer,30/06/2024,cannonmary@example.net,715.455.0570
CUST-01148,Kelly Williamson,Female,66,Thika,Upper-Middle,Environmental education officer,24/06/2026,jennifer44@example.org,458-583-1141x4701
CUST-01149,Rebecca Rosales MD,Female,42,Eldoret,Upper-Middle,"Producer, radio",16/04/2025,nguyenkaren@example.net,+1-610-697-7978x023
CUST-01150,Jose Baker,Male,45,Mombasa,Upper-Middle,"Teacher, special educational needs",03/10/2024,angel36@example.net,(340)716-3295x73783
CUST-01151,Jonathan Chavez,Male,55,Kisumu,Upper-Middle,Tourist information centre manager,04/02/2022,elainehall@example.net,(583)402-9158x5423
CUST-01152,Jamie Haney,Female,39,Meru,High,Broadcast presenter,27/11/2023,courtney48@example.org,001-966-607-3446
CUST-01153,Nicholas Reed,Male,43,Eldoret,High,"Teacher, primary school",10/02/2026,amy17@example.com,001-391-861-7050x2218
CUST-01154,Benjamin Flowers,Male,29,Thika,High,Child psychotherapist,04/03/2023,kristinevans@example.com,+1-476-809-4837x74029
CUST-01155,Mallory Allen,Female,23,Mombasa,Middle,Air cabin crew,12/06/2022,rogerfarrell@example.com,001-309-896-2183x6677
CUST-01156,Jennifer Cisneros MD,Female,33,Thika,Upper-Middle,"Nurse, mental health",26/05/2023,joshuashepherd@example.org,(322)534-9980
CUST-01157,Valerie Spencer,Female,64,Eldoret,High,Ranger/warden,24/04/2024,christina01@example.com,491.552.4461x440
CUST-01158,Shannon Brown,Female,47,Thika,High,Nutritional therapist,27/04/2023,ryan42@example.com,3187637263
CUST-01159,Maria English,Female,29,Kisumu,Low,"Lecturer, higher education",14/02/2026,brandi22@example.com,+1-776-741-4900x38502
CUST-01160,Nathan Clark,Male,65,Nakuru,Upper-Middle,Homeopath,15/01/2023,nancy67@example.org,(588)339-0473
CUST-01161,Isaiah Gray,Male,32,Kisumu,High,Charity officer,26/08/2026,gloria49@example.org,(951)714-9788
CUST-01162,Cesar Watts,Male,25,Mombasa,High,"Administrator, education",13/03/2023,justin77@example.net,(561)383-0858x00187
CUST-01163,Kevin Nguyen,Male,20,Nyeri,Low,Fitness centre manager,14/04/2021,ryannichols@example.org,+1-710-878-1871x0968
CUST-01164,Gary Gibson,Male,35,Kisumu,Low,Optometrist,08/03/2021,thomasronald@example.net,+1-233-415-4230x60023
CUST-01165,Jessica Rogers,Female,38,Nakuru,Middle,Legal executive,28/03/2026,leonardruth@example.org,(941)214-2066
CUST-01166,Angela Flores,Female,47,Kisumu,Middle,Systems developer,28/09/2025,andrewbird@example.com,(433)482-2224x00539
CUST-01167,Anthony Gray,Male,20,Nairobi,Upper-Middle,Air broker,22/04/2026,woodwardjocelyn@example.org,313-548-4339
CUST-01168,Carrie White,Female,49,Meru,Upper-Middle,Commercial horticulturist,15/12/2023,ericquinn@example.com,864-252-3428x64497
CUST-01169,Lauren Jordan,Female,27,Kisumu,High,"Geologist, wellsite",18/05/2022,julieblair@example.net,(936)577-3498x529
CUST-01170,Sandy Davis,Female,52,Eldoret,Upper-Middle,"Editor, film/video",03/08/2026,zholden@example.com,691-347-6253x80966
CUST-01171,Rachel Wood,Female,53,Nakuru,Low,Ophthalmologist,08/11/2022,erik74@example.com,(653)553-8962x98532
CUST-01172,Michelle Fritz,Female,38,Thika,High,"Therapist, drama",07/12/2024,kennethmorgan@example.org,(676)838-3543
CUST-01173,Kathryn Patterson,Female,28,Eldoret,Low,Technical brewer,03/06/2026,gutierrezcraig@example.net,-10619
CUST-01174,Scott Nunez,Male,52,Kisumu,Upper-Middle,Charity officer,26/12/2024,longkimberly@example.net,471.803.0737
CUST-01175,Melissa Hampton,Female,49,Nairobi,High,Chief of Staff,07/10/2020,amanda67@example.net,001-808-526-4931x214
CUST-01176,Elizabeth Mejia,Female,38,Nairobi,High,Educational psychologist,10/02/2024,dawn29@example.net,(964)456-3391
CUST-01177,Lauren Drake,Female,57,Nakuru,Low,Hydrologist,05/02/2026,lewislori@example.com,811.526.6497x19670
CUST-01178,Connie Rodriguez,Female,31,Nyeri,High,Neurosurgeon,16/08/2021,jacksonkristen@example.net,3165399490
CUST-01179,Denise Nelson,Female,34,Kisumu,High,Personnel officer,13/10/2024,ndouglas@example.net,981-540-9841x016
CUST-01180,Wendy Kerr,Female,33,Eldoret,Low,Civil Service administrator,05/07/2021,ssmith@example.net,+1-391-800-4202x8866
CUST-01181,Yvonne Adkins,Female,59,Nakuru,Upper-Middle,Web designer,07/05/2021,wrightdrew@example.org,885-248-4203x531
CUST-01182,Krystal Lambert,Female,60,Eldoret,High,"Therapist, art",11/11/2024,harrisamy@example.org,357-611-7132
CUST-01183,Robert Davies,Male,23,Kisumu,Middle,"Psychologist, forensic",25/04/2023,martinsarah@example.net,+1-514-811-2874x5271
CUST-01184,Katrina Henry,Female,26,Meru,High,Phytotherapist,29/03/2023,cassieallen@example.org,4745916194
CUST-01185,Barbara Campbell,Female,63,Meru,Middle,Call centre manager,20/02/2021,christopherrogers@example.com,6697626168
CUST-01186,Yvette Thompson,Female,20,Kisumu,Low,Research scientist (maths),25/04/2026,patricia02@example.net,(747)817-9899x488
CUST-01187,Douglas Hudson,Male,30,Mombasa,Upper-Middle,Environmental consultant,26/10/2025,johnsondaniel@example.net,001-456-975-6355x842
CUST-01188,Angelica Moore,Female,27,Meru,Low,Contracting civil engineer,03/03/2024,richard04@example.com,2708014413
CUST-01189,Tyler Fisher,Male,24,Kisumu,Low,Gaffer,07/04/2022,cobbwilliam@example.org,9064689041
CUST-01190,Aimee Russell,Female,32,Thika,High,Retail banker,15/05/2022,martinezmolly@example.net,(423)628-2228
CUST-01191,Diamond Murphy,Female,69,Meru,Upper-Middle,Secondary school teacher,21/01/2022,michaelobrien@example.net,300-341-0847x9135
CUST-01192,Hannah Johnson,Female,63,Nairobi,Upper-Middle,"Engineer, biomedical",29/05/2023,tammy72@example.org,001-589-220-6415x78097
CUST-01193,Joshua York,Male,67,Kisumu,Low,Hydrologist,07/12/2020,howellrenee@example.net,934-619-5281x44786
CUST-01194,Lori Pierce,Female,68,Nyeri,Low,Chartered certified accountant,23/03/2022,andrewwalker@example.com,680.537.8912x1397
CUST-01195,Jennifer Johnston,Female,30,Nakuru,Upper-Middle,Learning disability nurse,12/06/2023,susan75@example.net,001-840-284-2906
CUST-01196,Heather Hernandez,Female,19,Mombasa,Middle,Speech and language therapist,26/11/2025,esmith@example.net,7659673374
CUST-01197,Angela Flores,Female,68,Meru,Middle,Patent examiner,05/07/2024,houserobert@example.net,649-580-2530
CUST-01198,James Austin,Male,31,Meru,Low,Video editor,06/03/2026,tphillips@example.com,001-272-250-8423x24234
CUST-01199,Jesse Martinez,Male,49,Nyeri,Upper-Middle,Lawyer,03/09/2021,john69@example.org,485-657-4906x27960
CUST-01200,Jodi Allen,Female,29,Nairobi,Low,Environmental consultant,18/07/2022,christinemorgan@example.net,252-431-5828x6304
CUST-01201,Jenna Conway,Female,49,Eldoret,Middle,Waste management officer,09/08/2026,ramoscory@example.com,(492)320-4167
CUST-01202,Cynthia Thompson,Female,22,Nakuru,Low,Museum/gallery exhibitions officer,09/03/2024,thomasmooney@example.org,(732)250-3139x2804
CUST-01203,Andrew Davis,Male,59,Nyeri,Upper-Middle,Art therapist,16/09/2025,raydawn@example.org,(493)779-7190x000
CUST-01204,James Lopez,Male,29,Eldoret,Low,Mudlogger,18/08/2023,holly18@example.net,(759)540-7992x304
CUST-01205,Cynthia Rivers,Female,69,Nakuru,Low,Psychotherapist,09/04/2026,imoon@example.org,556-347-4370x1945
CUST-01206,Michael Dickson,Male,56,Meru,Middle,Petroleum engineer,16/05/2024,wmorgan@example.org,+1-876-312-0928x15780
CUST-01207,Lori Moore,Female,68,Mombasa,Middle,Broadcast presenter,29/10/2022,myersconnie@example.net,306.776.3532x237
CUST-01208,Benjamin Taylor,Male,50,Mombasa,Upper-Middle,"Scientist, forensic",21/02/2026,deborah56@example.org,711.542.9430x0037
CUST-01209,Joshua Velez,Male,22,Thika,Middle,Financial planner,30/12/2021,clarkjordan@example.com,+1-586-969-3278x417
CUST-01210,Kelly Khan,Male,27,Meru,Middle,"Engineer, materials",19/08/2023,blakegarcia@example.com,+1-406-952-6642x67351
CUST-01211,Diana Hahn,Female,54,Thika,High,Fish farm manager,11/08/2022,xclements@example.net,(456)497-6487x8496
CUST-01212,Robert Roberts,Male,20,Nyeri,Upper-Middle,Community arts worker,11/11/2023,parkercolleen@example.com,7693296568
CUST-01213,Michael Cline,Male,35,Nairobi,High,Product/process development scientist,22/10/2021,ldawson@example.net,450.397.9344
CUST-01214,Ashley Kim,Female,54,Eldoret,High,Meteorologist,27/04/2026,lopezkristin@example.com,678.204.5797x2518
CUST-01215,Dalton Santos,Male,55,Kisumu,Upper-Middle,Contractor,28/03/2025,carterangela@example.org,001-233-872-0945x16767
CUST-01216,Lorraine Lambert,Female,65,Meru,Upper-Middle,Physiological scientist,27/02/2025,adamjones@example.org,(600)584-8426
CUST-01217,Paul Henderson,Male,23,Kisumu,High,Technical author,28/07/2024,yjohnson@example.net,(789)667-1360
CUST-01218,Donna Graham,Female,35,Thika,High,Contracting civil engineer,31/10/2025,hartmitchell@example.com,790-213-2495x193
CUST-01219,Wayne Baxter,Male,68,Nyeri,Middle,Clinical cytogeneticist,23/05/2021,kelly17@example.com,208.603.8890x44104
CUST-01220,Gregory Cruz,Male,58,Thika,Middle,"Librarian, public",23/01/2025,mcdanielmartha@example.org,214.383.7475x58030
CUST-01221,Kelli Stewart,Female,65,Mombasa,High,Product/process development scientist,17/02/2023,tuckerlisa@example.net,501-990-2716x988
CUST-01222,Jeffrey Rodriguez,Male,52,Meru,Middle,Neurosurgeon,14/02/2025,hpollard@example.com,519-597-6759
CUST-01223,Ana Kane,Female,39,Nyeri,Upper-Middle,Air broker,18/06/2023,tara83@example.com,945.481.9565
CUST-01224,David Crane,Male,25,Mombasa,Low,Technical sales engineer,02/11/2022,justinhughes@example.net,(617)875-8015
CUST-01225,John Melton,Male,30,Nairobi,Middle,"Engineer, electrical",08/10/2020,hernandezzachary@example.org,(672)776-6983
CUST-01226,Jacob Rodgers,Male,50,Nakuru,Low,"Development worker, international aid",03/04/2021,david85@example.com,(513)408-7308x97207
CUST-01227,Ricky Harrison,Male,55,Nyeri,High,Community arts worker,20/09/2021,donald27@example.net,463.509.0071x21024
CUST-01228,Donna Robinson,Female,22,Thika,Middle,Associate Professor,01/07/2026,joanne77@example.com,796-819-9716
CUST-01229,James Carrillo,Male,19,Nakuru,High,Housing manager/officer,11/03/2024,lawsonjennifer@example.com,733.544.0095x22426
CUST-01230,Marcus Krueger,Male,48,Nairobi,Upper-Middle,Conference centre manager,14/04/2022,rileykathleen@example.org,+1-907-305-4736x015
CUST-01231,Theresa Johnson,Female,42,Nairobi,Upper-Middle,Chief Operating Officer,15/09/2026,jonesjeanne@example.org,(900)580-2658x93475
CUST-01232,Dylan Mason,Male,65,Mombasa,Upper-Middle,Materials engineer,30/06/2022,mkline@example.org,549-867-9146
CUST-01233,James Campbell PhD,Male,32,Mombasa,Low,Advice worker,21/01/2022,christophercooley@example.com,001-626-465-2824x685
CUST-01234,Jonathan Anderson Jr.,Male,53,Nyeri,Middle,Counsellor,09/01/2021,payneelizabeth@example.org,360-851-9085x4327
CUST-01235,Dale Brown,Male,52,Nakuru,Middle,"Engineer, civil (consulting)",21/03/2026,lukefisher@example.net,269.530.1000
CUST-01236,Jill Wilson,Female,66,Mombasa,Upper-Middle,Insurance claims handler,06/10/2020,thompsondawn@example.org,941-858-9290x93043
CUST-01237,Dana Butler,Female,63,Nyeri,Low,"Social research officer, government",08/03/2022,huntlisa@example.org,(968)215-9474
CUST-01238,Thomas Robinson,Male,69,Kisumu,High,Animator,26/06/2021,erin33@example.org,+1-367-639-7984x218
CUST-01239,Jennifer Hall,Female,61,Kisumu,High,Market researcher,16/03/2024,todddale@example.com,(771)287-7628x83636
CUST-01240,Mary Koch,Female,39,Thika,Upper-Middle,"Designer, television/film set",06/03/2026,lglass@example.net,(526)966-7880
CUST-01241,Angelica Foster,Female,67,Nyeri,Upper-Middle,"Doctor, general practice",01/07/2023,andreadavidson@example.net,001-389-407-4993x598
CUST-01242,Marcus Castillo,Male,55,Nakuru,High,Politician's assistant,11/01/2022,terri76@example.com,3836858050
CUST-01243,Jessica Mcclain,Female,42,Meru,High,Landscape architect,12/01/2024,marnold@example.net,929-356-5188
CUST-01244,Sarah Parker,Female,19,Nairobi,Upper-Middle,Archaeologist,18/05/2024,marksmichael@example.org,9927449287
CUST-01245,Willie Sims,Male,52,Kisumu,Upper-Middle,Adult guidance worker,14/03/2026,brittanysmith@example.org,001-825-701-8607x4290
CUST-01246,Christopher Perez,Male,38,Nakuru,Middle,Orthoptist,05/05/2022,loriwalters@example.org,(620)907-3024x2662
CUST-01247,Julie Sparks,Female,20,Eldoret,Middle,Homeopath,19/02/2026,terrymark@example.net,244-869-5674
CUST-01248,Johnny Clark,Male,21,Meru,Upper-Middle,Industrial buyer,24/03/2026,shelby34@example.com,001-514-666-8865x8348
CUST-01249,Scott Stanley,Male,27,Eldoret,Upper-Middle,Sports development officer,27/09/2023,asoto@example.com,966.948.5320
CUST-01250,John Glass,Male,33,Eldoret,Upper-Middle,Horticultural therapist,29/11/2025,erikstephenson@example.com,001-698-734-4369x58050
CUST-01251,Isaiah Le,Male,55,Nyeri,Middle,Economist,20/10/2025,richard20@example.org,434.729.3907x737
CUST-01252,Richard Reed,Male,65,Thika,High,"Accountant, chartered management",30/01/2026,annajohnson@example.com,(658)751-5020
CUST-01253,Cody Hart,Male,50,Mombasa,Upper-Middle,"Engineer, manufacturing systems",21/05/2023,jeremy12@example.com,+1-543-737-9531x112
CUST-01254,Donald Melton,Male,65,Nyeri,Low,Materials engineer,23/02/2024,nicolemontoya@example.org,-2575
CUST-01255,Julian Rhodes,Male,68,Thika,Upper-Middle,"Horticulturist, commercial",12/09/2023,stephanie46@example.org,+1-519-935-1174x555
CUST-01256,Tammy Butler,Female,45,Mombasa,Middle,Electronics engineer,06/10/2024,perryjames@example.com,361-421-5756x264
CUST-01257,Allen Scott,Male,59,Nyeri,Low,Sales promotion account executive,28/09/2021,amyers@example.net,+1-706-393-1963x039
CUST-01258,Kathleen Brown,Female,52,Nairobi,Upper-Middle,Amenity horticulturist,03/08/2023,jennifer98@example.org,(267)631-2343
CUST-01259,Samuel Davis,Male,39,Nakuru,Middle,"Designer, blown glass/stained glass",20/03/2023,thomascathy@example.org,(745)702-8231x3427
CUST-01260,John Obrien,Male,62,Nyeri,High,Clinical molecular geneticist,11/04/2021,kelly04@example.net,231-483-4369x531
CUST-01261,Kevin Webb,Male,33,Nyeri,Upper-Middle,Clinical biochemist,03/07/2026,alfred29@example.org,+1-379-226-5173x28162
CUST-01262,Katherine Wilkins,Female,28,Kisumu,Upper-Middle,"Designer, graphic",21/01/2022,wheelerjohn@example.net,757-437-6710
CUST-01263,Michael Freeman,Male,49,Nairobi,High,"Horticulturist, commercial",29/06/2024,melissa91@example.com,404.845.0020
CUST-01264,Kelly Castro,Female,24,Nyeri,High,Video editor,15/06/2025,eatonjulie@example.com,+1-650-229-5867x6030
CUST-01265,Nathan Harris,Male,67,Kisumu,High,Psychiatric nurse,15/03/2024,kenneth18@example.net,001-423-368-8101x3827
CUST-01266,Paul Garcia,Male,50,Nyeri,Middle,Health visitor,24/10/2022,ibrown@example.com,(520)413-8825
CUST-01267,Joshua Gonzalez,Male,34,Mombasa,Upper-Middle,Naval architect,21/05/2021,cummingsdana@example.org,(603)989-1736x90789
CUST-01268,Cathy Williams,Female,39,Mombasa,Low,"Conservation officer, nature",28/09/2023,scottjennifer@example.org,307.416.3485x0895
CUST-01269,Abigail Watson,Female,46,Thika,Upper-Middle,Television/film/video producer,02/09/2021,deanlauren@example.com,(345)469-7296x556
CUST-01270,Jonathan Young,Male,39,Thika,Low,Commercial horticulturist,12/07/2024,bbrady@example.org,001-556-212-6678
CUST-01271,Kathleen Ellis,Female,29,Thika,High,Sport and exercise psychologist,25/05/2022,cburgess@example.org,001-523-546-1446x6276
CUST-01272,Trevor Rodriguez,Male,47,Nairobi,Middle,Pension scheme manager,15/08/2024,suttongrant@example.net,852-548-3196
CUST-01273,Jason Mendoza,Male,62,Thika,Middle,Network engineer,11/11/2022,nicholas96@example.net,570.836.8830x04837
CUST-01274,Michael Miller,Male,26,Nairobi,Middle,Technical author,31/08/2023,juliethomas@example.net,+1-612-270-6593x410
CUST-01275,Timothy Thomas,Male,37,Nairobi,Upper-Middle,Ceramics designer,14/07/2021,gjackson@example.org,271-983-0181x796
CUST-01276,Jerome Salazar,Male,38,Meru,High,Forensic psychologist,28/02/2025,lkline@example.net,899.705.2217x114
CUST-01277,Henry Rojas MD,Male,40,Nakuru,Middle,"Civil engineer, consulting",12/04/2025,reynoldstravis@example.net,+1-456-831-6312x97557
CUST-01278,Kyle Lynch,Male,53,Eldoret,High,Ranger/warden,03/08/2022,davismary@example.org,899.990.6820x13071
CUST-01279,Robert Dominguez,Male,63,Nairobi,High,Neurosurgeon,17/09/2021,leahvazquez@example.com,231-279-8549
CUST-01280,Lance Brown,Male,35,Kisumu,Low,"Development worker, community",13/10/2024,kara58@example.com,435.463.9981x27439
CUST-01281,Paula Mcclain,Female,31,Eldoret,Low,Primary school teacher,19/08/2021,chad92@example.com,-3212
CUST-01282,Kimberly Hall,Female,60,Nairobi,Low,Games developer,27/10/2025,jonathan38@example.com,731-256-3093x07968
CUST-01283,Jessica Stanley,Female,61,Eldoret,Upper-Middle,TEFL teacher,25/10/2023,rtaylor@example.net,7893921773
CUST-01284,Jordan Jones,Male,20,Eldoret,High,"Engineer, structural",27/06/2022,blee@example.com,6724173402
CUST-01285,Matthew Moss,Male,43,Mombasa,Upper-Middle,Chief Marketing Officer,13/01/2023,lisabrown@example.net,323.665.4018
CUST-01286,Carol Hodges,Female,57,Mombasa,Middle,Geoscientist,08/06/2025,elizabethbarnett@example.org,001-843-350-9476x511
CUST-01287,Jason Hill DDS,Male,51,Meru,Low,Higher education careers adviser,19/08/2025,parkermichael@example.net,-1969
CUST-01288,Michael Hanson MD,Male,34,Eldoret,Upper-Middle,Musician,04/04/2022,contreraslydia@example.org,4352659429
CUST-01289,Carrie Castillo,Female,44,Kisumu,Low,Police officer,24/12/2023,xgreene@example.org,001-353-338-6194
CUST-01290,Kimberly Webster,Female,62,Thika,Upper-Middle,"Administrator, sports",29/11/2025,kristatorres@example.com,+1-624-506-6283x4633
CUST-01291,Dawn Kennedy,Female,34,Eldoret,Low,Secretary/administrator,09/08/2021,ngraham@example.com,001-408-765-4243x8269
CUST-01292,Joanna Harris,Female,43,Nairobi,Upper-Middle,Technical brewer,01/12/2020,frank88@example.net,(594)770-3969x645
CUST-01293,Ryan Ruiz,Male,28,Thika,High,Armed forces operational officer,11/07/2023,stephen88@example.org,9095954288
CUST-01294,William Stevenson,Male,24,Nyeri,Middle,Operational investment banker,04/12/2025,bblack@example.com,898.299.4706x170
CUST-01295,Debbie Alexander,Female,34,Kisumu,High,Catering manager,06/06/2021,richmondjason@example.net,371-856-7566x505
CUST-01296,Melissa Cruz,Female,57,Thika,High,"Horticulturist, commercial",14/05/2026,anna23@example.com,001-735-896-9850x450
CUST-01297,Michael Gibbs,Male,32,Kisumu,Middle,Radio producer,07/09/2022,lance24@example.org,-10295
CUST-01298,Ryan Rivera,Male,38,Kisumu,High,Financial adviser,16/07/2026,monica76@example.net,(564)881-6384
CUST-01299,Sean Lambert,Male,60,Kisumu,Upper-Middle,IT trainer,26/05/2022,jeffrey10@example.org,001-727-489-6951x93048
CUST-01300,Steven Burns,Male,54,Mombasa,Middle,"Scientist, research (physical sciences)",18/09/2023,dblake@example.org,(656)820-3634x4439
CUST-01301,Linda Burgess,Female,28,Nairobi,Upper-Middle,"Exhibitions officer, museum/gallery",24/10/2022,medinaemily@example.org,535.376.1707
CUST-01302,Elizabeth Delacruz,Female,45,Eldoret,High,"Psychologist, clinical",27/08/2024,athompson@example.org,(636)978-5089x8977
CUST-01303,Dr. Lisa Sutton,Female,28,Nakuru,Low,Film/video editor,06/04/2026,mary52@example.net,(937)674-0376x768
CUST-01304,Shane Johnson,Male,30,Nairobi,Upper-Middle,"Pharmacist, community",25/10/2024,tgomez@example.net,253.241.1573x309
CUST-01305,Anthony Rosales,Male,57,Nakuru,Middle,Osteopath,07/01/2021,raymond82@example.org,001-444-853-8565x3523
CUST-01306,Andres Sutton,Male,41,Mombasa,High,"Administrator, Civil Service",11/06/2026,greenanthony@example.net,001-811-703-4956x1199
CUST-01307,Brandon Garcia PhD,Male,51,Meru,Upper-Middle,"Engineer, structural",02/01/2025,rcobb@example.com,(914)847-7618x68704
CUST-01308,Matthew Casey,Male,43,Meru,High,Sports development officer,30/12/2023,jeansmith@example.com,001-625-465-9950x891
CUST-01309,Michael Smith,Male,29,Nakuru,Middle,"Teacher, special educational needs",08/04/2022,tylerodonnell@example.org,547-339-8622x14051
CUST-01310,James Parker,Male,45,Nairobi,Upper-Middle,"Production designer, theatre/television/film",08/05/2023,jasongarza@example.org,778-652-4744x203
CUST-01311,Alice Prince,Female,33,Nakuru,Middle,Dietitian,14/06/2026,kristacastillo@example.org,(518)766-4774x131
CUST-01312,Michael Smith,Male,30,Meru,High,"Scientist, audiological",04/10/2023,james65@example.net,953-798-8521
CUST-01313,Lisa Harvey,Female,48,Nakuru,High,"Scientist, research (medical)",23/08/2025,janice12@example.net,(355)581-6759x2383
CUST-01314,Pamela Armstrong,Female,68,Nairobi,High,Architectural technologist,23/05/2025,haneysusan@example.org,963-542-9242x195
CUST-01315,Sarah Pittman PhD,Female,44,Nairobi,Low,Early years teacher,06/08/2021,robertsoneric@example.org,211-346-1331x5553
CUST-01316,Amanda Brown,Female,48,Nairobi,Middle,Housing manager/officer,07/05/2023,coleamanda@example.net,001-810-896-5984x557
CUST-01317,Rebecca Nguyen,Female,66,Nairobi,High,Communications engineer,26/04/2023,carlagarcia@example.com,+1-894-352-0641x910
CUST-01318,Paul Hendrix,Male,31,Eldoret,High,Warden/ranger,21/12/2023,smithpaula@example.net,001-482-324-2168x2682
CUST-01319,Kathryn Reilly,Female,38,Eldoret,High,"Doctor, hospital",26/02/2024,khouston@example.com,(208)734-7910
CUST-01320,Charles Marsh,Male,46,Eldoret,Low,Management consultant,13/02/2026,ianderson@example.net,+1-970-432-2007x4859
CUST-01321,Corey Ford,Male,48,Meru,Low,Dance movement psychotherapist,09/10/2021,christopher52@example.net,2586028606
CUST-01322,Christopher Mcconnell,Male,30,Kisumu,High,Garment/textile technologist,13/04/2022,barnesmichael@example.com,747.869.5090x4189
CUST-01323,Melissa Harris,Female,39,Meru,Low,Neurosurgeon,13/07/2021,courtney56@example.org,788.878.8876
CUST-01324,Thomas Austin,Male,48,Nakuru,High,"Buyer, retail",03/10/2022,pedrohaley@example.com,+1-622-990-1138x6047
CUST-01325,Bobby Ray,Male,35,Thika,Middle,"Engineer, site",11/11/2020,clarkdavid@example.net,001-348-695-3829x4419
CUST-01326,Justin Williams,Male,24,Mombasa,High,"Exhibitions officer, museum/gallery",23/10/2023,scott83@example.net,(216)673-0953x267
CUST-01327,Olivia Powell,Female,24,Nyeri,Middle,Seismic interpreter,24/01/2026,vdavenport@example.com,001-329-525-8228x280
CUST-01328,Jacqueline Williams,Female,54,Nyeri,Low,"Scientist, audiological",26/01/2025,ronald46@example.com,(778)909-6458x37449
CUST-01329,Bobby Howard,Male,40,Kisumu,Middle,Ceramics designer,10/06/2022,wmorris@example.net,001-359-628-9748x741
CUST-01330,Mr. Stephen Mcfarland,Male,30,Nairobi,High,"Producer, radio",18/05/2024,kathleen19@example.net,664.353.4965x5156
CUST-01331,Jessica George,Female,38,Meru,Upper-Middle,Actuary,03/10/2022,knightjamie@example.net,420.416.3015x97224
CUST-01332,Peter Conner,Male,26,Kisumu,Middle,Industrial/product designer,24/07/2022,timothyortiz@example.org,001-284-560-1804
CUST-01333,Elijah Smith,Male,58,Eldoret,Low,English as a foreign language teacher,28/07/2023,xadkins@example.net,(467)815-5446x0539
CUST-01334,Stephanie Washington,Female,50,Meru,Low,Operational researcher,03/01/2023,tylerwilliams@example.com,001-936-449-9119x2856
CUST-01335,Holly Williams,Female,34,Nakuru,High,Marketing executive,17/06/2021,jennifer38@example.org,8774558212
CUST-01336,Claudia Lawson,Female,45,Meru,Low,Purchasing manager,12/02/2024,keith60@example.com,-3355
CUST-01337,Jacob Hernandez,Male,34,Eldoret,Middle,Health and safety inspector,01/07/2026,cody49@example.org,631-964-9828x38597
CUST-01338,Gregory Deleon,Male,30,Kisumu,Low,Animator,08/09/2025,deborah34@example.org,001-268-977-1569x22094
CUST-01339,Tiffany Allen,Female,21,Kisumu,Low,Logistics and distribution manager,09/09/2021,michaelford@example.org,6016154773
CUST-01340,Andrea Kline,Female,40,Mombasa,Low,Software engineer,19/12/2022,wanderson@example.com,885.764.1354x741
CUST-01341,James Lewis,Male,45,Kisumu,Middle,Interior and spatial designer,23/05/2026,johnthomas@example.com,(358)809-5794x758
CUST-01342,Brittney Hurst,Female,58,Kisumu,High,Garment/textile technologist,01/04/2025,frankrobert@example.org,847.904.0714
CUST-01343,Anne Blair,Female,21,Mombasa,Upper-Middle,Therapeutic radiographer,03/12/2024,zle@example.net,541.985.5950
CUST-01344,Jacqueline Wang,Female,42,Nyeri,Low,Community education officer,18/01/2021,mjohnson@example.com,901-275-9001
CUST-01345,Julia Gibbs,Female,54,Mombasa,Upper-Middle,"Teacher, special educational needs",10/01/2023,burnsryan@example.net,(585)851-6215
CUST-01346,Megan Gomez,Female,27,Mombasa,Upper-Middle,Phytotherapist,01/06/2022,xcooke@example.net,(589)660-7072x288
CUST-01347,Tracy Hall,Female,52,Nyeri,Middle,Clinical biochemist,03/09/2023,cheryljones@example.org,8978427493
CUST-01348,Thomas Edwards,Male,58,Nairobi,Low,Patent attorney,25/07/2025,emack@example.net,480-830-0735x658
CUST-01349,Jose Mccann,Male,49,Eldoret,High,"Education officer, community",25/08/2023,uyoung@example.com,001-341-328-8669
CUST-01350,Megan Krueger,Female,35,Thika,Middle,Call centre manager,23/02/2022,courtney25@example.org,(911)697-8925x9465
CUST-01351,Denise Melendez,Female,52,Meru,High,"Engineer, site",09/09/2026,nicholasfuentes@example.com,211-781-8513x6738
CUST-01352,Daniel Petersen,Male,58,Nakuru,Upper-Middle,"Solicitor, Scotland",17/03/2026,vaughnjavier@example.net,(684)518-4714x62201
CUST-01353,Franklin Proctor,Male,19,Mombasa,Low,Clinical psychologist,24/07/2021,scottweaver@example.com,2302876477
CUST-01354,Mary Webb MD,Female,59,Mombasa,Middle,Fast food restaurant manager,10/05/2025,vbennett@example.net,(607)867-1621x720
CUST-01355,Mary Garcia,Female,45,Nairobi,Upper-Middle,"Teacher, special educational needs",19/01/2024,bradleymercado@example.net,(664)356-4967
CUST-01356,Angela Johnson,Female,54,Nakuru,Low,Exercise physiologist,23/07/2026,hughesrhonda@example.net,9972034251
CUST-01357,Benjamin Boyer,Male,63,Eldoret,Upper-Middle,"Teacher, secondary school",26/06/2025,lopezvictoria@example.org,001-567-307-4215
CUST-01358,Mark Sanders,Male,38,Eldoret,Upper-Middle,Licensed conveyancer,29/11/2021,richardsmith@example.org,269-408-8754
CUST-01359,Timothy Hall,Male,26,Thika,Upper-Middle,Sports administrator,12/11/2023,katelyncarey@example.org,+1-891-506-5735x17454
CUST-01360,Michelle Martinez,Female,65,Nairobi,Middle,Ceramics designer,13/02/2022,brandon12@example.net,231.595.5897
CUST-01361,Peter Morrison,Male,40,Thika,High,"Research officer, government",01/08/2021,fmiller@example.net,6303568709
CUST-01362,Susan Hale,Female,70,Nairobi,Middle,Landscape architect,09/10/2020,richmondjon@example.org,001-989-953-3768x41876
CUST-01363,Jessica Brown,Female,28,Meru,Upper-Middle,Health service manager,12/01/2024,kyledavid@example.net,001-897-931-7303x324
CUST-01364,Nicole Porter,Female,69,Nyeri,Low,"Librarian, public",24/12/2022,chankevin@example.com,-4736
CUST-01365,Glenda Roberts,Female,55,Thika,Low,Arts development officer,05/11/2024,lwheeler@example.com,001-947-861-1107
CUST-01366,Jerry Roberts,Male,55,Thika,Upper-Middle,Personal assistant,20/09/2023,steven89@example.com,(226)593-4854
CUST-01367,Lee Scott,Male,28,Eldoret,Low,Museum/gallery conservator,25/07/2026,judith06@example.com,001-999-926-1382x6870
CUST-01368,Jessica Brooks,Female,43,Kisumu,High,"Engineer, land",30/01/2021,othomas@example.com,892.471.1073x512
CUST-01369,Ricky Russell,Male,57,Mombasa,Upper-Middle,Diplomatic Services operational officer,16/04/2026,james33@example.net,001-830-623-9934x46060
CUST-01370,Melanie Smith,Female,64,Nairobi,Upper-Middle,Local government officer,09/12/2025,jameskim@example.com,629-741-2853x70064
CUST-01371,Karen Valentine,Female,24,Meru,Middle,Clinical biochemist,27/10/2022,nixoncrystal@example.net,7425554280
CUST-01372,Mrs. Wendy Arellano,Female,47,Eldoret,Middle,"Lecturer, further education",03/11/2023,castillomichele@example.com,-1175
CUST-01373,Stacy Stark,Female,30,Mombasa,Upper-Middle,Chief Financial Officer,09/01/2021,ann63@example.net,001-492-687-9872x87314
CUST-01374,Robert Thompson,Male,68,Nakuru,Low,Public relations account executive,11/09/2021,hcollins@example.com,2332288807
CUST-01375,Meredith White,Female,51,Nairobi,High,Insurance underwriter,18/11/2024,gail20@example.org,+1-420-317-5454x16487
CUST-01376,Stephen Sullivan,Male,31,Thika,High,"Psychologist, prison and probation services",07/11/2021,debra01@example.com,(869)274-4203
CUST-01377,Susan Peterson,Female,68,Thika,Middle,Energy engineer,08/05/2025,alexanderponce@example.net,923.483.6806x0145
CUST-01378,James Jones,Male,52,Kisumu,Middle,Ship broker,18/05/2026,vincent19@example.net,201.450.1967x972
CUST-01379,Kenneth Williams,Male,48,Nyeri,Low,"Designer, fashion/clothing",08/07/2025,david32@example.net,704.793.7958x291
CUST-01380,Robert Jones,Male,38,Nairobi,Low,Trade mark attorney,12/07/2022,mmiller@example.org,9755741424
CUST-01381,Brooke Anderson,Female,48,Nairobi,Low,Cartographer,06/11/2025,heatherthompson@example.net,001-677-536-7724
CUST-01382,Christina Ware,Female,20,Eldoret,Middle,Writer,28/04/2023,kstone@example.net,(257)515-6438x0299
CUST-01383,Kimberly Smith,Female,31,Nakuru,Upper-Middle,Comptroller,05/04/2023,thomas60@example.net,9095409165
CUST-01384,Bethany Koch,Female,53,Thika,High,Museum/gallery exhibitions officer,07/03/2024,davidgreen@example.org,2363930914
CUST-01385,Charles Allen,Male,36,Kisumu,Middle,Psychiatrist,13/09/2021,lorifoster@example.org,575-569-0018x429
CUST-01386,Lisa Mercer MD,Female,26,Nairobi,Low,"Development worker, community",04/05/2023,barbarawalsh@example.net,001-859-466-7715x39022
CUST-01387,John Chan,Male,53,Thika,Upper-Middle,"Journalist, broadcasting",28/02/2024,williamsjames@example.net,001-309-600-6476
CUST-01388,Jocelyn Burns,Female,28,Eldoret,Middle,"Investment banker, corporate",01/07/2023,donna04@example.org,+1-531-569-7920x6754
CUST-01389,David Andrews,Male,23,Eldoret,Upper-Middle,Advertising account executive,24/09/2025,luis39@example.org,001-352-587-8357x338
CUST-01390,Taylor Hall,Female,22,Kisumu,Low,Fish farm manager,18/08/2023,brentodom@example.com,412-224-7409x8537
CUST-01391,Hannah Nguyen,Female,62,Nairobi,Low,Office manager,08/05/2021,martinezlorraine@example.com,207-615-5587
CUST-01392,Melissa Hill,Female,22,Mombasa,High,Hydrographic surveyor,11/01/2022,phillip11@example.net,+1-325-351-2538x078
CUST-01393,Samantha Oconnor,Female,30,Meru,Upper-Middle,Advertising art director,02/09/2023,jennifer34@example.net,819-571-5755x716
CUST-01394,Kayla Banks,Female,40,Nakuru,Low,Outdoor activities/education manager,04/02/2023,andrebowers@example.org,001-862-318-5635x2007
CUST-01395,Donna Brown,Female,55,Kisumu,Low,"Surveyor, planning and development",24/11/2025,wmason@example.net,+1-269-377-1433x6080
CUST-01396,Sydney Hubbard,Female,25,Meru,Upper-Middle,Chief Operating Officer,14/04/2024,oconnorcarol@example.com,388.881.8930x46163
CUST-01397,Mrs. Kimberly Gomez,Female,49,Nakuru,Middle,Manufacturing engineer,21/03/2025,cgalvan@example.com,+1-209-265-6882x6728
CUST-01398,Christopher Freeman,Male,58,Eldoret,Upper-Middle,"Surveyor, building",30/09/2020,nunezsherry@example.com,223.573.5640x783
CUST-01399,Jennifer Ramos,Female,30,Thika,Upper-Middle,"Therapist, sports",27/02/2025,dakota45@example.com,+1-883-867-1467x490
CUST-01400,Miranda Cole,Female,50,Nairobi,Low,"Surveyor, mining",25/04/2021,kathryn11@example.com,256-905-9563x4318
CUST-01401,Tara Smith,Female,26,Thika,High,Contractor,03/01/2021,allison56@example.com,001-333-477-7303x16787
CUST-01402,Ashley Campbell,Female,29,Eldoret,Upper-Middle,"Designer, exhibition/display",26/10/2024,christiandouglas@example.net,6252455005
CUST-01403,Patrick Johnson,Male,51,Mombasa,High,Theatre director,11/07/2025,ashleycrawford@example.net,538.687.2461x630
CUST-01404,Daniel Lambert,Male,39,Mombasa,Upper-Middle,Air traffic controller,19/12/2020,carterlawrence@example.net,893-807-4179x9654
CUST-01405,Lisa Steele,Female,44,Nyeri,Middle,Chiropodist,16/10/2023,vmoore@example.org,256.700.2230x234
CUST-01406,John Castaneda,Male,54,Kisumu,High,Educational psychologist,08/08/2021,christian58@example.net,001-204-318-2805x1666
CUST-01407,Claudia Martinez,Female,23,Thika,Middle,Surgeon,20/03/2025,kelsey79@example.org,001-886-736-1527
CUST-01408,Rita Foley,Female,69,Nyeri,Upper-Middle,Immunologist,17/02/2023,eric22@example.com,001-982-348-8631x373
CUST-01409,Andrew Hahn,Male,30,Mombasa,High,Site engineer,01/09/2021,dominguezomar@example.com,+1-691-941-9396x0610
CUST-01410,Richard Marks,Male,56,Meru,Upper-Middle,Company secretary,25/07/2025,olsenlinda@example.net,(556)692-4768
CUST-01411,Andrew Green,Male,47,Kisumu,Upper-Middle,Chief Financial Officer,14/02/2023,katelynblack@example.org,-2543
CUST-01412,Mary Collins,Female,23,Mombasa,High,Arboriculturist,25/07/2024,robert94@example.org,(771)848-7831x0314
CUST-01413,Kara Potts,Female,50,Nairobi,Low,"Programmer, systems",11/01/2022,doris79@example.com,9742033744
CUST-01414,David Franklin,Male,27,Nairobi,Middle,"Nurse, learning disability",05/09/2022,christopher64@example.org,3602326753
CUST-01415,Timothy Sanders,Male,47,Eldoret,High,Animator,24/06/2021,johnsonamanda@example.com,+1-254-661-2536x0640
CUST-01416,Tiffany Ross,Female,31,Nakuru,Upper-Middle,Hydrologist,31/10/2025,ohampton@example.net,994.984.8170x36100
CUST-01417,Andrea Tucker,Female,55,Eldoret,High,Quarry manager,15/08/2022,audrey49@example.org,807.281.1171
CUST-01418,Diana Johnson DVM,Female,24,Nairobi,High,Historic buildings inspector/conservation officer,05/01/2023,christopher55@example.net,(374)933-3849x65523
CUST-01419,Alexander Clark,Male,37,Nairobi,Upper-Middle,Media buyer,22/09/2022,rebeccawalter@example.org,999-592-6653x6197
CUST-01420,Jesse Nixon,Male,19,Thika,Low,Physiotherapist,25/04/2023,joshuasimpson@example.net,(438)958-6539
CUST-01421,Jasmine Chavez,Female,20,Nakuru,High,Games developer,09/07/2021,rittersusan@example.com,001-231-779-6706
CUST-01422,Margaret Woods,Female,59,Thika,High,IT consultant,06/09/2022,hlawson@example.net,562-750-6989
CUST-01423,Jennifer Morales,Female,43,Nyeri,Middle,Social researcher,09/10/2025,michael03@example.net,001-734-427-1866x925
CUST-01424,Samuel Brown,Male,49,Kisumu,Middle,Wellsite geologist,08/12/2020,pedrobrown@example.org,+1-611-601-5616x19738
CUST-01425,Dr. Lori Miller,Female,42,Nyeri,Middle,Exercise physiologist,24/06/2021,williamsjodi@example.net,(838)946-9908
CUST-01426,Megan Robinson,Female,61,Kisumu,Middle,"Geneticist, molecular",03/04/2021,allison77@example.net,365.456.1922
CUST-01427,Alex Lewis,Male,23,Nairobi,Middle,Secondary school teacher,05/06/2021,hshort@example.com,(513)702-3641x6936
CUST-01428,Lisa Jones,Female,61,Nyeri,Middle,Politician's assistant,31/08/2024,alexis32@example.org,001-819-932-5282
CUST-01429,Christopher Barron,Male,27,Nyeri,High,"Psychologist, clinical",11/10/2022,cassidy99@example.com,(625)529-6444
CUST-01430,Nicole Patterson,Female,58,Kisumu,High,Special effects artist,19/09/2026,hhunter@example.org,933-306-4098x0587
CUST-01431,Emily Bailey,Female,54,Meru,High,Banker,22/06/2026,khale@example.com,479.302.5912x04637
CUST-01432,Stacey Levy,Female,33,Kisumu,High,Advice worker,05/02/2024,dustinnguyen@example.com,980-929-5599
CUST-01433,Nathan Cordova,Male,55,Meru,Middle,"Engineer, building services",04/08/2025,tiffany95@example.com,992-547-4111
CUST-01434,Tracey Bryant MD,Female,45,Thika,Low,"Physicist, medical",22/03/2025,susanlong@example.net,261.212.5842x330
CUST-01435,Tyler Johnson,Male,55,Meru,Upper-Middle,Dancer,20/01/2025,courtneygamble@example.net,(587)332-1078
CUST-01436,Jeremy Moran,Male,56,Meru,Low,Horticultural therapist,27/09/2023,edward07@example.org,9196708428
CUST-01437,Benjamin Maldonado,Male,65,Eldoret,High,Recruitment consultant,04/02/2022,ngill@example.net,(251)329-5551x0051
CUST-01438,Michael Mack,Male,52,Mombasa,Middle,"Conservation officer, historic buildings",30/10/2021,nwiley@example.net,7032607223
CUST-01439,Martha Hall,Female,59,Mombasa,Upper-Middle,Energy manager,25/09/2026,felicia43@example.com,339-816-9280x91663
CUST-01440,Richard Salazar,Male,40,Nairobi,High,Public affairs consultant,25/06/2025,albert30@example.com,(244)210-6166x497
CUST-01441,Donna Mccormick,Female,51,Meru,Upper-Middle,Sub,21/07/2023,garciajessica@example.org,364.729.6280x9241
CUST-01442,Sabrina Pena,Female,41,Eldoret,Upper-Middle,Warden/ranger,15/03/2024,ugarcia@example.org,252-755-2322
CUST-01443,Joshua Riggs,Male,21,Eldoret,Upper-Middle,"Producer, television/film/video",31/03/2026,jimmy40@example.net,001-347-762-5395x011
CUST-01444,Robert Flores,Male,59,Meru,Middle,"Presenter, broadcasting",26/07/2026,stevenpadilla@example.net,-2476
CUST-01445,Terry Howard,Male,61,Eldoret,Low,"Runner, broadcasting/film/video",09/04/2025,mannbrittany@example.org,-4337
CUST-01446,Holly Suarez,Female,50,Mombasa,Middle,"Journalist, magazine",12/02/2021,anna75@example.com,999.811.3798x3045
CUST-01447,Mr. David Wang,Male,69,Eldoret,Upper-Middle,Civil Service administrator,17/07/2026,osbornaaron@example.net,(889)870-1522x133
CUST-01448,Thomas Gonzalez,Male,58,Eldoret,Upper-Middle,Police officer,19/08/2024,andersonwilliam@example.net,499.930.7461x13997
CUST-01449,Susan Murphy,Female,19,Mombasa,Middle,Art therapist,31/01/2024,jasonrhodes@example.net,-7110
CUST-01450,Randall Parsons,Male,61,Meru,Upper-Middle,"Psychologist, sport and exercise",17/08/2025,dhorton@example.net,001-600-673-7949
CUST-01451,Michael Day,Male,35,Nakuru,High,Insurance claims handler,18/11/2022,daniel07@example.com,001-926-726-5434
CUST-01452,Brian Myers DVM,Male,70,Nairobi,Upper-Middle,Fisheries officer,09/12/2022,bethany83@example.net,959.707.9965x85783
CUST-01453,William Arnold,Male,28,Kisumu,High,Publishing rights manager,14/12/2023,wendy34@example.net,3735071776
CUST-01454,Allison Sims,Female,68,Nyeri,Middle,Rural practice surveyor,01/12/2024,paulmoore@example.org,785.440.3369
CUST-01455,Felicia Cannon,Female,65,Kisumu,Middle,Environmental manager,29/04/2022,hubbardsuzanne@example.net,(653)227-3551x4972
CUST-01456,Tracy Sanchez,Female,22,Eldoret,Low,"Radiographer, therapeutic",31/10/2024,carterlaura@example.com,4932555570
CUST-01457,Brian King,Male,29,Meru,High,Personal assistant,22/05/2022,joseph59@example.com,861.721.8939x1270
CUST-01458,Nancy Garcia,Female,38,Meru,Middle,Dispensing optician,15/01/2022,rebeccaweaver@example.org,+1-705-764-4685x3045
CUST-01459,Gina Cook,Female,62,Nyeri,High,Orthoptist,21/10/2021,janicepatterson@example.com,278.694.3327x6399
CUST-01460,Jennifer Johnson,Female,28,Nyeri,Low,Financial risk analyst,31/03/2022,ucunningham@example.net,(969)702-2209
CUST-01461,Megan Morales,Female,70,Meru,High,Trading standards officer,17/08/2024,reynoldssheena@example.com,5156120039
CUST-01462,Amanda Graham,Female,52,Nairobi,Low,"Development worker, community",11/10/2024,reyesjessica@example.net,+1-233-739-1929x6921
CUST-01463,Karen Moore,Female,46,Eldoret,Upper-Middle,Archivist,15/04/2024,hurstdavid@example.org,937.474.2705x49857
CUST-01464,Taylor Brown,Female,36,Mombasa,Upper-Middle,Dentist,19/05/2022,heatherstone@example.net,001-701-426-9804x4665
CUST-01465,Debra Ortiz,Female,48,Nakuru,Middle,Pension scheme manager,25/07/2025,lucasolivia@example.com,924.952.5737x874
CUST-01466,Kimberly Smith,Female,62,Kisumu,Upper-Middle,Trading standards officer,06/10/2020,robert77@example.com,001-806-212-9889x72842
CUST-01467,Chad Hogan,Male,62,Nairobi,Low,Oncologist,24/12/2021,zimmermankatelyn@example.com,870-205-3718
CUST-01468,Nicholas Sanders,Male,45,Mombasa,Low,Administrator,12/02/2025,charlesfranco@example.net,(464)679-5127x9831
CUST-01469,Melinda Allen,Female,41,Nakuru,Upper-Middle,Geophysicist/field seismologist,28/11/2023,robersonlatoya@example.org,001-991-298-4808
CUST-01470,Bailey Smith,Female,31,Nairobi,Low,Office manager,09/02/2025,gbrennan@example.com,(607)571-0740
CUST-01471,William Riley,Male,22,Nakuru,Low,"Therapist, speech and language",01/07/2024,jchavez@example.net,361-905-1109x0070
CUST-01472,Ivan Barber,Male,24,Kisumu,High,Microbiologist,31/10/2020,hernandezelizabeth@example.net,923.692.0102x9759
CUST-01473,Michael Valdez,Male,26,Kisumu,Upper-Middle,Event organiser,28/07/2023,vmorris@example.com,001-844-625-2694x2041
CUST-01474,Paula Clark,Female,48,Mombasa,High,Archaeologist,20/03/2023,christopher33@example.com,001-793-776-6997x68160
CUST-01475,Anita Flynn,Female,68,Nyeri,Upper-Middle,Tour manager,18/04/2023,marshabigail@example.net,001-768-881-4499x0803
CUST-01476,Morgan Craig,Female,29,Mombasa,Upper-Middle,Freight forwarder,06/07/2024,mark99@example.net,-6638
CUST-01477,Bruce Holt,Male,43,Nyeri,Upper-Middle,"Scientist, marine",20/03/2021,lauren18@example.com,(368)598-5932x13596
CUST-01478,Matthew Cummings,Male,35,Eldoret,Middle,Haematologist,03/06/2022,richbill@example.org,(764)725-9720
CUST-01479,Samantha Carson,Female,23,Meru,Middle,Radio broadcast assistant,17/02/2025,higginsdonald@example.org,001-547-949-8474x60429
CUST-01480,Karen Kelley,Female,30,Meru,Low,Public relations account executive,17/11/2022,christopherjordan@example.com,(475)880-4529
CUST-01481,Tommy Patterson,Male,53,Nyeri,Middle,"Scientist, marine",06/01/2025,ilawrence@example.net,675.244.5847x413
CUST-01482,Leroy Carney,Male,47,Eldoret,Low,"Engineer, production",04/09/2025,avang@example.net,296-327-5193x46389
CUST-01483,Douglas Madden,Male,23,Mombasa,Upper-Middle,Hospital pharmacist,03/03/2023,bmunoz@example.net,+1-256-811-5686x22307
CUST-01484,Darlene Johnson,Female,20,Meru,Middle,Exhibition designer,04/06/2023,graydavid@example.org,443.630.3727x186
CUST-01485,Shane Bell,Male,21,Nyeri,Upper-Middle,Biomedical scientist,02/05/2022,andersoncharles@example.net,001-707-682-8780x661
CUST-01486,Scott Rivera,Male,63,Thika,High,Mudlogger,23/02/2024,michaelnguyen@example.com,380-428-8252
CUST-01487,Joseph Fernandez,Male,51,Meru,High,Television/film/video producer,31/05/2024,pruittleslie@example.net,969-298-4288x284
CUST-01488,Amanda Miller,Female,44,Mombasa,Middle,Diplomatic Services operational officer,10/08/2022,udavis@example.org,420.936.6864
CUST-01489,Paul Gardner,Male,43,Meru,Low,Physiotherapist,22/11/2021,jacob28@example.com,001-360-232-0877x8347
CUST-01490,Mary Perez,Female,40,Eldoret,High,Geographical information systems officer,15/08/2022,lisa57@example.org,762-932-7700x45358
CUST-01491,Todd Parsons,Male,59,Mombasa,Upper-Middle,Computer games developer,11/08/2022,andreacabrera@example.com,6428402555
CUST-01492,Molly Graves,Female,24,Meru,Upper-Middle,Technical sales engineer,18/08/2022,dstafford@example.net,7418167881
CUST-01493,Sean Ross,Male,30,Nairobi,High,Psychiatrist,21/03/2026,allisonskinner@example.com,(390)444-8467x3322
CUST-01494,Lance Bell,Male,38,Nyeri,Low,Primary school teacher,09/09/2024,smithmelinda@example.org,694.259.9426
CUST-01495,Allison Peters,Female,50,Mombasa,High,"Engineer, maintenance",25/06/2023,millersherry@example.org,339.880.1387
CUST-01496,Danny Kelly,Male,27,Nairobi,Middle,Astronomer,29/05/2025,patricia81@example.org,-5296
CUST-01497,Carl Rios,Male,65,Nakuru,High,Diagnostic radiographer,28/11/2024,ujones@example.com,(796)795-7945x759
CUST-01498,Allison Cooper DVM,Female,23,Eldoret,High,Naval architect,10/10/2022,annawelch@example.com,748-454-1839
CUST-01499,Bonnie Castaneda,Female,20,Nairobi,Upper-Middle,Customer service manager,09/11/2023,dunlappatricia@example.net,+1-982-616-5119x2145
CUST-01500,Francisco Brown,Male,40,Nairobi,High,Architect,22/06/2022,thomascruz@example.net,473-308-8240x353
CUST-01501,Oscar Mitchell,Male,32,Meru,Middle,Acupuncturist,01/03/2023,brandilutz@example.com,240.794.1218
CUST-01502,Matthew Gomez,Male,23,Nairobi,Middle,Investment analyst,06/08/2025,zimmermanjustin@example.com,+1-341-323-2546x018
CUST-01503,Elizabeth Richmond,Female,60,Nairobi,High,Garment/textile technologist,19/09/2022,thomas33@example.net,001-396-327-6861x27342
CUST-01504,Raymond Harvey,Male,34,Kisumu,Low,"Engineer, electronics",26/08/2026,mcknightbenjamin@example.com,001-348-802-9890
CUST-01505,Eric Ward,Male,59,Nairobi,Upper-Middle,Commercial horticulturist,02/05/2022,lowemisty@example.org,821.933.5683x17236
CUST-01506,Eric Frost,Male,48,Kisumu,Low,Broadcast presenter,26/08/2026,pmiller@example.org,001-389-519-1874x050
CUST-01507,Richard Johnson,Male,26,Meru,Middle,Glass blower/designer,07/11/2022,brittany60@example.com,748-476-5077
CUST-01508,Scott Stevens,Male,70,Nakuru,High,Call centre manager,28/08/2022,navila@example.org,(803)578-1105x7039
CUST-01509,Jennifer Murray,Female,70,Nyeri,Upper-Middle,Location manager,06/11/2020,richard96@example.com,+1-293-923-3700x71580
CUST-01510,Austin Douglas,Male,62,Kisumu,Upper-Middle,Petroleum engineer,29/06/2025,johnrobinson@example.org,5654874488
CUST-01511,George Oconnor,Male,67,Nairobi,Middle,"Research officer, government",25/08/2025,douglasrosales@example.com,-5460
CUST-01512,Tina Harrington,Female,23,Mombasa,Upper-Middle,Insurance risk surveyor,24/07/2022,kimberlyyoung@example.com,-4762
CUST-01513,Andrew Neal,Male,67,Nyeri,Middle,Freight forwarder,25/03/2024,tdiaz@example.com,(548)367-4163x71206
CUST-01514,Haley Jackson,Female,54,Kisumu,High,Quarry manager,30/06/2024,qjohnson@example.com,640.581.1441x57281
CUST-01515,Steven Jones,Male,56,Nairobi,Middle,Museum/gallery curator,26/04/2025,garciapaul@example.org,761.718.9260
CUST-01516,Mark Gray,Male,69,Nyeri,Middle,Further education lecturer,19/09/2023,judithmason@example.org,(684)737-7140x3445
CUST-01517,Hector Jenkins,Male,50,Mombasa,Low,Air cabin crew,04/05/2024,halladam@example.org,896-922-7238
CUST-01518,Michael Vaughn,Male,30,Mombasa,Upper-Middle,"Producer, television/film/video",11/04/2026,petermoreno@example.net,(309)857-0934x099
CUST-01519,Susan Johnson,Female,63,Meru,Middle,Building control surveyor,12/09/2021,robertsteele@example.com,001-403-948-4843x77006
CUST-01520,Gary Guerrero,Male,28,Eldoret,High,Company secretary,03/08/2023,lisa95@example.com,996-769-5421x7562
CUST-01521,Aimee Smith,Female,34,Kisumu,Low,Broadcast engineer,06/04/2024,tharris@example.com,001-545-592-3516
CUST-01522,Jay Blankenship,Male,64,Meru,Low,Trading standards officer,09/02/2025,rhiggins@example.net,6017707812
CUST-01523,Tiffany Rojas,Female,41,Nyeri,Low,Architect,08/10/2022,morgan94@example.net,914-723-5528x3372
CUST-01524,Matthew Berry,Male,31,Mombasa,Low,Company secretary,14/06/2025,brandontaylor@example.com,(247)671-1588x2187
CUST-01525,Mikayla Smith,Female,67,Nakuru,High,Community arts worker,22/08/2025,zhangdavid@example.com,(644)461-1983x0975
CUST-01526,Eric Hull,Male,36,Nairobi,Middle,"Scientist, clinical (histocompatibility and immunogenetics)",18/07/2022,tara23@example.com,001-774-587-7007x8812
CUST-01527,Timothy Moore,Male,69,Kisumu,High,"Surveyor, building control",05/04/2026,piercefrank@example.org,(779)590-9666x0286
CUST-01528,Cindy Duncan,Female,30,Kisumu,Low,Psychiatric nurse,21/10/2023,ortizrichard@example.net,221.800.3709x07037
CUST-01529,Michael Hamilton,Male,60,Thika,Upper-Middle,Equality and diversity officer,01/09/2025,benjaminmcbride@example.net,8989348492
CUST-01530,Joshua Grimes,Male,46,Eldoret,Upper-Middle,"Editor, commissioning",21/07/2026,ebailey@example.com,+1-445-365-7267x65419
CUST-01531,Laurie Jimenez,Female,21,Mombasa,Low,Maintenance engineer,23/08/2025,villarreallindsay@example.org,452-820-2626x9303
CUST-01532,Stuart Reed,Male,29,Nairobi,High,Probation officer,22/11/2023,johncarr@example.net,001-607-940-6351x68522
CUST-01533,John Martinez,Male,23,Nakuru,High,"Surveyor, insurance",25/08/2023,timothychen@example.net,4059366933
CUST-01534,Claudia Scott,Female,45,Nakuru,Upper-Middle,Site engineer,02/01/2022,heidi28@example.org,523.972.2593x103
CUST-01535,Nicholas Klein,Male,68,Mombasa,Upper-Middle,Actor,09/03/2021,douglas34@example.org,570.643.3331
CUST-01536,Mark Donaldson,Male,25,Nakuru,High,Media buyer,27/10/2021,omacdonald@example.org,873-271-9851x769
CUST-01537,Matthew Hughes,Male,43,Nakuru,Low,Marketing executive,17/11/2023,kevin21@example.com,583.879.2640x5327
CUST-01538,Heidi Harris,Female,56,Meru,Low,Secondary school teacher,11/11/2021,cynthiaarmstrong@example.org,+1-479-397-8331x503
CUST-01539,Jacqueline Perkins,Female,28,Nakuru,High,Petroleum engineer,20/06/2026,lauren10@example.org,906-366-8606x73476
CUST-01540,Ronald Ray,Male,43,Thika,Middle,Phytotherapist,04/04/2025,douglassilva@example.net,+1-410-338-5242x762
CUST-01541,Kylie Morales,Female,65,Nakuru,Upper-Middle,Private music teacher,29/06/2026,jamie63@example.net,+1-649-859-4038x955
CUST-01542,Peggy Delgado,Female,31,Thika,Middle,Cabin crew,03/06/2022,fbrown@example.org,8025102736
CUST-01543,William Bell,Male,63,Nairobi,Upper-Middle,"Psychologist, clinical",21/01/2024,jenniferserrano@example.org,001-334-387-4939x1660
CUST-01544,Adam Dunn,Male,26,Meru,High,Occupational hygienist,25/05/2024,adkinsjared@example.net,(764)747-8937
CUST-01545,Diana Washington,Female,29,Thika,Middle,Barrister,25/05/2024,greenetyler@example.com,658-610-4573x4669
CUST-01546,Rebecca Barker,Female,57,Kisumu,Middle,"Solicitor, Scotland",21/09/2022,dtate@example.net,001-652-989-0566x51837
CUST-01547,Kevin Nielsen,Male,24,Nyeri,High,Retail buyer,28/04/2025,tiffanyhill@example.com,(709)268-5938x062
CUST-01548,Andrew Valencia,Male,56,Meru,High,"Therapist, art",21/03/2026,zramirez@example.net,+1-324-434-3548x6952
CUST-01549,Melissa Price,Female,19,Nyeri,Middle,Retail merchandiser,25/09/2022,hbrown@example.net,2356469466
CUST-01550,Anthony Woods,Male,39,Nyeri,Middle,Prison officer,10/12/2022,stephen91@example.net,001-716-812-2150x3965
CUST-01551,Michael Miles,Male,55,Nairobi,High,"Surveyor, quantity",01/03/2026,williamsmaria@example.org,789-733-3528x66013
CUST-01552,Randall Johnson,Male,21,Meru,Low,Lexicographer,20/09/2025,hlee@example.org,301-724-5718
CUST-01553,Janice Rocha,Female,52,Nyeri,High,"Therapist, sports",03/07/2021,cathy91@example.org,(950)355-1919x3968
CUST-01554,Robert Vasquez,Male,47,Meru,Middle,Actor,03/11/2024,maychelsey@example.org,+1-532-585-0719x612
CUST-01555,Benjamin Lee,Male,54,Nairobi,High,Manufacturing engineer,21/08/2025,suzannewilliams@example.com,7038717758
CUST-01556,Jerry Weaver,Male,27,Thika,Upper-Middle,Office manager,15/01/2024,jonessamantha@example.org,(320)330-6951x65712
CUST-01557,Anthony Day,Male,60,Mombasa,Low,Ceramics designer,06/05/2025,contrerasdavid@example.net,001-939-493-3025x598
CUST-01558,Rachel Walker,Female,61,Eldoret,Middle,Licensed conveyancer,25/02/2023,speters@example.net,001-791-209-6196x804
CUST-01559,Ann Thomas,Female,55,Nairobi,High,"Engineer, water",24/02/2021,hsmith@example.com,318-604-4608x197
CUST-01560,Patricia Randall,Female,68,Kisumu,High,"Physicist, medical",21/01/2023,joseph95@example.org,(509)758-0627x4566
CUST-01561,Andrew Scott,Male,69,Thika,High,Graphic designer,28/11/2025,torreselizabeth@example.net,5496577625
CUST-01562,Paul Jacobs,Male,59,Mombasa,High,Location manager,03/11/2025,bradymyers@example.com,828.461.7468x5902
CUST-01563,Jill Hughes,Female,52,Nairobi,Upper-Middle,Newspaper journalist,05/10/2021,utaylor@example.net,(960)234-9824x6896
CUST-01564,Jaclyn Moore,Female,67,Eldoret,Middle,Recycling officer,19/12/2024,bradley15@example.com,(731)425-2423
CUST-01565,Patrick Guerra,Male,58,Thika,Low,"Scientist, research (life sciences)",27/09/2020,julie89@example.com,+1-561-772-1505x205
CUST-01566,Anita Ball,Female,22,Mombasa,High,Glass blower/designer,11/02/2025,samantha05@example.net,+1-634-623-2210x912
CUST-01567,Courtney Rodriguez,Female,48,Nairobi,Upper-Middle,Cabin crew,03/02/2023,michelle87@example.net,243.477.9824
CUST-01568,Ashley Arias,Female,30,Mombasa,Middle,Estate agent,26/12/2021,robinsoncindy@example.net,+1-981-881-0096x24265
CUST-01569,Michael Ward,Male,40,Nakuru,Low,Production engineer,05/10/2024,kimberly52@example.com,748.688.2372
CUST-01570,Charlene Fowler,Female,66,Nakuru,Middle,"Journalist, newspaper",16/06/2022,jonessteven@example.net,+1-482-980-5034x55388
CUST-01571,Victoria Alexander,Female,41,Eldoret,High,"Presenter, broadcasting",02/10/2024,therman@example.org,-5401
CUST-01572,Kaitlyn Clark,Female,22,Mombasa,Upper-Middle,"Engineer, structural",21/07/2026,mpeters@example.org,352-662-1074
CUST-01573,Deborah Smith,Female,47,Meru,Low,"Administrator, local government",08/10/2021,smiller@example.com,(599)564-5744
CUST-01574,Rebecca Horn,Female,64,Eldoret,High,Community education officer,22/07/2021,jeremy34@example.net,529.669.7010x034
CUST-01575,Linda Diaz,Female,70,Mombasa,Middle,Market researcher,08/05/2025,usims@example.net,681.578.6021x59927
CUST-01576,Vanessa Robinson,Female,24,Mombasa,High,Recycling officer,26/10/2021,brandy03@example.org,222-923-9548
CUST-01577,Jerry Jennings,Male,37,Mombasa,Low,"Scientist, water quality",22/05/2023,laurenpeters@example.com,877.240.7036x665
CUST-01578,Walter Gray,Male,36,Mombasa,Middle,"Designer, television/film set",01/12/2021,davidrasmussen@example.net,+1-982-419-3868x2784
CUST-01579,Michelle Lewis,Female,28,Nakuru,Low,"Engineer, civil (consulting)",26/06/2022,escobarjennifer@example.com,+1-596-392-0666x0485
CUST-01580,Dawn Sloan,Female,45,Kisumu,High,"Librarian, public",25/06/2022,beth81@example.org,346.951.2421x06378
CUST-01581,Alicia Hansen,Female,45,Meru,Low,Mudlogger,26/08/2022,connie81@example.org,001-565-995-5859x421
CUST-01582,Christina Garcia,Female,31,Mombasa,Low,"Engineer, biomedical",22/03/2024,frogers@example.org,867.368.7775x9358
CUST-01583,Reginald Davis,Male,52,Thika,High,"Therapist, nutritional",01/12/2022,richardsjeffrey@example.net,5882426723
CUST-01584,Katherine Sullivan,Female,60,Thika,High,Air broker,28/10/2023,davischristopher@example.net,854-680-4423
CUST-01585,Brooke Jones,Female,48,Eldoret,Middle,Trade mark attorney,16/09/2025,millermichelle@example.net,(516)247-9049x9157
CUST-01586,Lisa Armstrong,Female,29,Eldoret,Middle,Exercise physiologist,29/08/2024,chayes@example.net,+1-861-902-3726x43205
CUST-01587,Stephanie Pruitt DDS,Female,42,Eldoret,Low,Civil Service administrator,21/09/2024,michael79@example.org,(377)901-1549
CUST-01588,Daniel Stokes,Male,41,Eldoret,High,"Accountant, chartered management",02/04/2024,aromero@example.net,-2407
CUST-01589,Jonathan Downs,Male,58,Kisumu,Upper-Middle,"Therapist, art",21/10/2024,maria36@example.com,870-626-3276x765
CUST-01590,Joseph Rios,Male,30,Kisumu,Middle,Musician,11/01/2024,lori47@example.net,455-634-7450
CUST-01591,Jacob Ramos,Male,26,Nairobi,Upper-Middle,Tourism officer,06/03/2022,hansenjoshua@example.net,296.953.9450x37548
CUST-01592,James Patel,Male,47,Eldoret,Upper-Middle,"Social research officer, government",04/06/2022,sara93@example.org,001-591-936-9648x0407
CUST-01593,Walter Hutchinson,Male,32,Nairobi,Upper-Middle,Management consultant,23/06/2021,griffithpaul@example.org,001-940-851-0265x838
CUST-01594,Stephanie Middleton,Female,28,Thika,High,Health visitor,15/09/2024,yadams@example.com,(403)232-7399x74159
CUST-01595,Peter Campbell,Male,53,Eldoret,Low,Astronomer,29/04/2021,smithcourtney@example.com,6789195164
CUST-01596,Mark Harris,Male,44,Meru,Middle,Fashion designer,27/05/2022,simmonsjoseph@example.org,475-947-8935x05260
CUST-01597,Jennifer Rose,Female,39,Kisumu,Low,Police officer,30/07/2023,fbrown@example.net,001-481-529-2361x391
CUST-01598,Dawn George,Female,60,Eldoret,High,"Scientist, research (life sciences)",26/09/2025,susan13@example.org,768.370.5807x9106
CUST-01599,Sabrina Adams,Female,67,Kisumu,High,Animal technologist,13/12/2024,wrose@example.net,+1-847-784-8303x48573
CUST-01600,Melissa Smith,Female,63,Mombasa,High,Garment/textile technologist,18/03/2023,timothypalmer@example.net,5313788364
CUST-01601,Patrick Nguyen,Male,27,Mombasa,Upper-Middle,Retail buyer,16/01/2026,stacy40@example.net,-2107
CUST-01602,Ryan Summers,Male,44,Nakuru,High,Pharmacologist,18/01/2022,martinezmichael@example.org,+1-502-799-9663x3092
CUST-01603,Jennifer Baker,Female,24,Thika,Low,Financial risk analyst,04/10/2020,alexanderdawn@example.org,(540)327-3201x295
CUST-01604,Thomas Smith,Male,56,Nakuru,Upper-Middle,"Conservation officer, historic buildings",21/03/2023,christianmeza@example.org,001-206-782-0481x093
CUST-01605,Dwayne West,Male,20,Mombasa,High,Mechanical engineer,14/02/2025,favila@example.net,339.482.4553x815
CUST-01606,Scott Lopez,Male,51,Nyeri,Middle,Corporate investment banker,11/02/2025,ifrederick@example.net,(718)752-5576x881
CUST-01607,Dana Giles,Female,39,Nairobi,Upper-Middle,"Teacher, special educational needs",15/10/2021,nluna@example.com,348-776-1504x8849
CUST-01608,Kayla Taylor,Female,28,Nyeri,Upper-Middle,Homeopath,27/11/2022,cjoseph@example.org,307-269-5559x35588
CUST-01609,Michelle Beck,Female,42,Nairobi,Upper-Middle,Print production planner,13/07/2024,kevin77@example.com,659-525-4123x872
CUST-01610,Julie Johnson,Female,41,Eldoret,High,Biomedical engineer,06/12/2024,morgan59@example.com,-5181
CUST-01611,Glen Fisher,Male,32,Meru,High,Commercial/residential surveyor,20/11/2024,markwillis@example.com,6273674906
CUST-01612,Susan Odom,Female,37,Kisumu,High,Data scientist,27/11/2024,msanders@example.org,551-634-1700x5455
CUST-01613,Lisa Rogers,Female,27,Mombasa,Middle,"Presenter, broadcasting",29/10/2023,susancoleman@example.net,+1-333-257-6680x89504
CUST-01614,Peter Williams,Male,38,Meru,Upper-Middle,Cartographer,11/06/2022,vdavis@example.net,285.521.9793x3686
CUST-01615,Michael Fisher,Male,56,Nyeri,Low,Teaching laboratory technician,09/03/2025,debbie01@example.org,(458)839-1115x320
CUST-01616,Andrew Erickson,Male,45,Eldoret,High,Field seismologist,27/07/2026,shelbyhamilton@example.com,001-402-303-8878
CUST-01617,Lucas Rice,Male,54,Meru,Middle,"Production assistant, television",22/02/2023,mullinsrobert@example.com,(863)842-0834x81242
CUST-01618,Donald Luna,Male,30,Nyeri,Upper-Middle,Information systems manager,31/03/2024,melanie47@example.net,-7747
CUST-01619,Krista Wallace,Female,21,Eldoret,Upper-Middle,Government social research officer,22/04/2023,larryfox@example.net,544-369-3995
CUST-01620,Erin Kim,Female,54,Meru,Middle,Cytogeneticist,19/05/2023,christinasmith@example.org,+1-369-308-9649x6668
CUST-01621,Joshua Franco,Male,69,Nairobi,Middle,Dancer,21/08/2025,elizabethsantos@example.net,(946)587-2203
CUST-01622,Michelle Ayala,Female,38,Meru,Low,Naval architect,09/03/2021,harrisrobert@example.com,001-785-978-3045x596
CUST-01623,Marissa Wade,Female,45,Kisumu,High,Psychiatrist,24/11/2023,ahoffman@example.org,(851)526-7644x943
CUST-01624,Andrew Jenkins,Male,20,Mombasa,Upper-Middle,Politician's assistant,27/11/2022,james44@example.org,9043218674
CUST-01625,Breanna Wright,Female,23,Thika,High,"Teacher, special educational needs",09/06/2021,armstrongallison@example.net,+1-605-565-1335x85081
CUST-01626,Sandra Mckinney,Female,35,Meru,Low,Publishing copy,28/12/2024,njenkins@example.org,390.942.3381x0608
CUST-01627,Heidi Martinez,Female,51,Nairobi,Upper-Middle,Seismic interpreter,05/06/2021,michael49@example.com,(899)305-2702x599
CUST-01628,Robert Lewis,Male,56,Nairobi,Middle,"Engineer, biomedical",07/01/2025,collinsmichelle@example.net,875.913.0610x9221
CUST-01629,Regina Harris,Female,48,Kisumu,Upper-Middle,Clinical molecular geneticist,23/08/2024,yesenia32@example.org,731-892-7431x2666
CUST-01630,Christopher Harris,Male,22,Eldoret,Upper-Middle,Patent attorney,20/06/2021,matthew06@example.org,975-255-2672x036
CUST-01631,Misty Rodriguez,Female,59,Thika,Low,Market researcher,18/10/2020,cpierce@example.com,001-305-871-1218
CUST-01632,Melissa Harris,Female,37,Mombasa,Middle,Financial adviser,07/04/2022,lauren39@example.org,001-930-654-8495x16570
CUST-01633,Scott Mccarthy,Male,67,Mombasa,Middle,Ambulance person,31/08/2022,josephfoster@example.com,(285)751-9020x41154
CUST-01634,Lisa Lee,Female,39,Eldoret,Upper-Middle,Medical sales representative,23/01/2024,jeffreybutler@example.org,6573543700
CUST-01635,Wendy Hall,Female,25,Thika,Middle,Amenity horticulturist,20/07/2024,codyford@example.net,970-312-5928x339
CUST-01636,Ryan Ryan,Male,27,Eldoret,Upper-Middle,Seismic interpreter,21/12/2023,gibsoncassie@example.com,3592173930
CUST-01637,Michelle Stafford,Female,45,Thika,Middle,Charity officer,01/10/2025,jobrien@example.org,617.693.6470
CUST-01638,Gregory Love,Male,32,Kisumu,Middle,Housing manager/officer,01/02/2026,maria59@example.org,(970)776-5094x620
CUST-01639,Matthew Griffith,Male,69,Mombasa,High,Clinical psychologist,24/07/2024,robertwolf@example.net,+1-361-618-6801x09360
CUST-01640,April Peters,Female,23,Mombasa,Middle,"Psychologist, sport and exercise",17/04/2026,williamsjames@example.org,662.980.5877x7701
CUST-01641,James Anderson,Male,49,Thika,Upper-Middle,Civil Service fast streamer,03/08/2021,ronald96@example.com,(207)773-5956x91922
CUST-01642,Stephanie Wilson,Female,27,Meru,Upper-Middle,"Merchandiser, retail",22/06/2022,uallen@example.net,001-974-689-2500x7516
CUST-01643,Nathan Perry,Male,64,Eldoret,Low,Energy engineer,03/10/2024,amber82@example.net,577-748-7477
CUST-01644,Lucas Dean,Male,33,Kisumu,Middle,"Lecturer, further education",02/07/2026,javier35@example.com,+1-299-871-2520x193
CUST-01645,Jeffery Lane,Male,38,Kisumu,Middle,Museum/gallery curator,31/12/2021,khayden@example.org,553.203.1387
CUST-01646,James Anderson,Male,24,Nyeri,Low,Midwife,17/10/2024,joecameron@example.org,(420)829-4874x78112
CUST-01647,Matthew Gonzalez,Male,20,Meru,High,Community education officer,13/11/2023,khall@example.org,(293)517-7865
CUST-01648,Donald Griffith,Male,31,Mombasa,Low,Midwife,21/06/2024,stewarttammy@example.net,+1-577-791-7431x24345
CUST-01649,Tim Jones,Male,49,Mombasa,Upper-Middle,Lawyer,08/08/2026,lbell@example.org,720.894.8036x957
CUST-01650,Logan Gonzalez,Male,23,Eldoret,Low,Chiropodist,21/08/2025,yherrera@example.com,5886550694
CUST-01651,Brian Floyd,Male,69,Mombasa,Middle,"Administrator, sports",22/04/2021,dustin79@example.com,893-354-9210x181
CUST-01652,Christopher Abbott,Male,30,Thika,Low,Theatre director,27/01/2026,mikemaddox@example.com,284.581.1157
CUST-01653,Jacob Brown,Male,28,Eldoret,Upper-Middle,Paramedic,09/07/2021,mckenzie26@example.org,455-446-2021x3546
CUST-01654,Laura Smith,Female,29,Nakuru,Low,"Producer, television/film/video",10/06/2021,elizabethperez@example.com,(309)254-7006x0398
CUST-01655,Zachary Howard,Male,56,Nairobi,Middle,Energy manager,23/01/2024,dennis41@example.net,(302)824-1756
CUST-01656,Taylor Rogers,Male,37,Kisumu,Low,Chartered certified accountant,20/11/2022,joseph33@example.net,366.750.2859
CUST-01657,Michael Suarez,Male,32,Meru,Upper-Middle,Commercial horticulturist,05/06/2025,glucas@example.net,(378)329-0524x922
CUST-01658,Brian Campbell,Male,47,Mombasa,Middle,Television floor manager,02/08/2025,william41@example.com,3136856993
CUST-01659,Jennifer Moore,Female,43,Nyeri,Middle,"Designer, textile",05/10/2021,rodriguezkevin@example.org,(809)884-4698
CUST-01660,Edward Jones,Male,45,Mombasa,Upper-Middle,Data processing manager,07/05/2025,zlopez@example.net,636-375-9164
CUST-01661,Dr. Corey Hernandez Jr.,Male,48,Mombasa,Middle,Agricultural engineer,20/04/2026,garciabryan@example.com,(431)656-8234
CUST-01662,Valerie Acosta,Female,67,Thika,Upper-Middle,Food technologist,27/12/2021,zthompson@example.com,532-802-5342
CUST-01663,Andrew West,Male,24,Thika,High,Air traffic controller,03/01/2024,kendra93@example.net,+1-398-276-6740x8772
CUST-01664,George Leon,Male,43,Eldoret,High,Associate Professor,03/08/2026,allenjeffery@example.org,(810)797-2472x542
CUST-01665,Amy Mcgee,Female,62,Meru,Middle,Ship broker,27/05/2026,brittneywashington@example.com,001-839-585-2381x82893
CUST-01666,Miss Paula Stevens,Female,37,Nyeri,Middle,Physiological scientist,09/04/2026,mendozatonya@example.org,523-357-3189x959
CUST-01667,Nicholas Maldonado,Male,70,Meru,Upper-Middle,"Embryologist, clinical",11/10/2025,curtislucas@example.com,001-670-650-7077x508
CUST-01668,Leon Sparks,Male,19,Meru,Low,"Engineer, civil (consulting)",18/02/2024,stephen86@example.net,(721)638-0595x19484
CUST-01669,Carla Wood,Female,47,Mombasa,Low,Legal secretary,26/07/2023,gonzalezmeghan@example.org,001-305-391-5419x635
CUST-01670,Jason Parker,Male,44,Nyeri,Low,Event organiser,24/08/2021,wperez@example.com,001-690-450-4173x7223
CUST-01671,Michael Bridges,Male,23,Thika,Middle,Archaeologist,12/09/2024,nicolemckenzie@example.org,581.728.1718
CUST-01672,Elizabeth Ramos,Female,31,Nyeri,Low,IT consultant,14/07/2026,stephaniewilson@example.org,559.363.7311x493
CUST-01673,Zachary Gordon,Male,46,Meru,Upper-Middle,Financial adviser,10/02/2022,velasquezjessica@example.com,001-540-803-8180
CUST-01674,Tiffany Espinoza,Female,67,Nyeri,Upper-Middle,Applications developer,30/06/2026,andersonvincent@example.com,640-881-7028
CUST-01675,Madison Ruiz,Female,61,Nyeri,High,"Engineer, agricultural",10/07/2024,katherinecampbell@example.net,001-970-632-0434
CUST-01676,Christine Torres,Female,28,Meru,Low,Armed forces logistics/support/administrative officer,15/08/2021,cward@example.org,960-610-4131x3555
CUST-01677,Nathan Wolf,Male,35,Meru,High,Conference centre manager,24/12/2021,candicehoward@example.net,921.976.1898x987
CUST-01678,Nicolas Hardin,Male,59,Kisumu,Low,"Engineer, water",10/04/2021,emarshall@example.org,498.218.9397
CUST-01679,John Williams,Male,66,Nairobi,Low,Commercial horticulturist,22/10/2023,luis86@example.net,873-641-8807
CUST-01680,Amanda Sims,Female,62,Nairobi,Middle,Magazine features editor,23/08/2021,gballard@example.com,+1-639-518-5362x054
CUST-01681,Lauren West,Female,57,Thika,Middle,"Surveyor, rural practice",20/06/2026,johnathan63@example.net,267-702-0715x37842
CUST-01682,Mariah Ball,Female,58,Mombasa,Low,IT consultant,06/08/2022,justin07@example.net,001-296-277-8889x221
CUST-01683,Brenda Wade,Female,69,Meru,Middle,Advertising copywriter,03/02/2023,troy11@example.org,861-875-7804x1048
CUST-01684,Kelly Scott,Female,61,Meru,High,Database administrator,22/01/2023,qbrown@example.net,-1364
CUST-01685,Brooke Ford,Female,53,Thika,Low,Higher education lecturer,18/02/2021,jeffrey07@example.org,(246)568-9974
CUST-01686,Anthony Yates,Male,46,Mombasa,High,Scientific laboratory technician,02/09/2022,langscott@example.net,001-389-392-4692x4704
CUST-01687,Melanie Brown,Female,39,Nyeri,High,Physiological scientist,31/01/2025,john31@example.com,(265)218-1275x917
CUST-01688,Dana Blake,Female,21,Nairobi,Middle,"Engineer, civil (consulting)",14/01/2023,michaeljames@example.net,740.653.6251x2311
CUST-01689,Andrea Vargas,Female,64,Kisumu,High,"Copywriter, advertising",17/12/2020,graytracy@example.org,001-869-930-0522x1442
CUST-01690,Theresa Goodman,Female,27,Eldoret,High,"Engineer, communications",04/11/2023,elizabeth56@example.org,461-859-9944
CUST-01691,Angela Hill,Female,67,Mombasa,High,International aid/development worker,15/07/2023,samuelschroeder@example.com,-10515
CUST-01692,Lauren Christian,Female,49,Kisumu,Low,Ambulance person,19/05/2023,laurenanderson@example.com,-8728
CUST-01693,Tammy Simpson,Female,35,Meru,High,Research scientist (medical),13/02/2021,willisnicole@example.net,935.644.2524x777
CUST-01694,Susan Cunningham,Female,68,Eldoret,Upper-Middle,Theatre manager,25/12/2022,austinsimmons@example.org,6608698826
CUST-01695,Patrick Ellis,Male,20,Nairobi,Middle,"Engineer, maintenance (IT)",03/11/2023,oford@example.net,(446)709-1210x407
CUST-01696,Vanessa Simon,Female,41,Nairobi,Upper-Middle,"Presenter, broadcasting",11/11/2025,davisryan@example.net,+1-332-947-0792x625
CUST-01697,Belinda Long,Female,25,Nyeri,Upper-Middle,"Engineer, water",20/03/2021,nathanbanks@example.org,001-794-439-8844x2789
CUST-01698,Dana Davis,Female,45,Thika,Low,"Therapist, art",24/12/2024,ashley45@example.com,+1-659-457-8127x317
CUST-01699,Brian Perez,Male,34,Nakuru,Upper-Middle,Health service manager,19/12/2021,martincarol@example.org,(727)761-7640x4046
CUST-01700,Christopher Gray,Male,63,Mombasa,Upper-Middle,Cartographer,09/01/2025,hannamichael@example.org,001-428-992-0745x952
CUST-01701,Steven Henry,Male,40,Kisumu,Low,"Education officer, environmental",20/01/2023,colleenflores@example.com,837.432.7839
CUST-01702,Tina Wilson,Female,21,Meru,High,Corporate investment banker,01/11/2020,csmith@example.org,543-948-6965
CUST-01703,Stephanie Alvarez,Female,36,Nairobi,High,Agricultural engineer,06/09/2021,hunter89@example.net,918.573.0950
CUST-01704,John Horn,Male,39,Nyeri,High,Civil Service fast streamer,02/09/2022,cherylzhang@example.com,248-450-2759
CUST-01705,Michelle Smith,Female,55,Mombasa,High,Public house manager,26/03/2021,geraldcastro@example.net,812.218.9452x3959
CUST-01706,Daniel Hess,Male,63,Nakuru,Upper-Middle,Youth worker,05/01/2026,hshah@example.com,(879)203-2308x880
CUST-01707,Diane Jones,Female,51,Thika,Middle,"Administrator, charities/voluntary organisations",05/08/2023,stephanienavarro@example.org,900.778.8675
CUST-01708,Kimberly Herring,Female,42,Nyeri,Middle,Theatre manager,10/10/2020,bailey14@example.com,6498723669
CUST-01709,Cassandra Patterson,Female,59,Mombasa,Middle,Civil Service administrator,14/08/2023,robertshannah@example.org,538-645-0462x1764
CUST-01710,Christina Berry,Female,35,Nairobi,Upper-Middle,Clinical biochemist,04/03/2023,tmueller@example.com,940.678.8698x585
CUST-01711,Tina Miller,Female,70,Nakuru,Low,Press sub,05/02/2024,bdavidson@example.com,787-593-9789
CUST-01712,Anthony Rasmussen,Male,56,Thika,Upper-Middle,"Teacher, special educational needs",08/02/2023,natasharodriguez@example.net,259-682-4378x047
CUST-01713,Mark Harris,Male,55,Meru,High,Broadcast journalist,31/08/2023,ybrooks@example.net,(769)920-3273
CUST-01714,Jackson Vance,Male,41,Mombasa,Upper-Middle,"Buyer, industrial",21/04/2022,melissasmith@example.net,001-857-889-5915x32425
CUST-01715,Lauren Mueller,Female,46,Thika,Middle,"Lecturer, further education",27/09/2020,nshepherd@example.com,+1-790-830-3413x6532
CUST-01716,Kimberly Jensen,Female,44,Eldoret,High,Town planner,07/07/2026,zglenn@example.com,3706600746
CUST-01717,David Wallace,Male,20,Kisumu,High,Health physicist,02/03/2021,blairdonna@example.com,736-987-1638x7621
CUST-01718,Robert Wall,Male,61,Meru,Upper-Middle,Freight forwarder,01/07/2023,martha66@example.org,624.387.4142x78531
CUST-01719,Lindsey Mason,Female,55,Nairobi,Middle,Personal assistant,16/03/2022,jeanneparks@example.org,322-733-9982
CUST-01720,Allison Murray,Female,48,Kisumu,Middle,"Engineer, mining",11/10/2021,dorothysmith@example.net,884-856-7715x417
CUST-01721,Ethan Kelley,Male,66,Eldoret,High,Technical author,11/09/2022,mcclainrichard@example.net,957-867-7657x6664
CUST-01722,Heather Smith,Female,39,Mombasa,Middle,"Lighting technician, broadcasting/film/video",11/06/2026,brendacollins@example.com,(917)450-4998
CUST-01723,Kathryn Ferrell,Female,36,Eldoret,Middle,Media planner,18/09/2024,joy22@example.org,(618)250-6929x87386
CUST-01724,Rebecca Taylor,Female,62,Nakuru,High,Podiatrist,06/04/2024,breannasanchez@example.org,330-331-8393x301
CUST-01725,Jordan Barnett,Male,26,Kisumu,Middle,Manufacturing systems engineer,21/02/2024,warren55@example.net,555.824.5296x1514
CUST-01726,Timothy Reed,Male,34,Eldoret,High,"Engineer, mining",08/03/2025,charles79@example.net,887.513.5566
CUST-01727,Christina Randall,Female,54,Nyeri,High,Marine scientist,16/08/2025,ebeck@example.com,+1-682-856-0199x9162
CUST-01728,Eric Ruiz,Male,31,Kisumu,Upper-Middle,Dispensing optician,20/09/2026,phillipmcclure@example.net,226-385-1797x3679
CUST-01729,Aaron Pena,Male,20,Eldoret,Upper-Middle,Camera operator,09/12/2024,frazierwendy@example.com,001-220-638-7212x1519
CUST-01730,Nicholas Reyes,Male,60,Nairobi,High,Geoscientist,29/04/2023,jbarker@example.org,765-266-3393
CUST-01731,Dwayne Dennis,Male,22,Mombasa,Upper-Middle,"Conservation officer, historic buildings",29/12/2023,john81@example.com,3306755984
CUST-01732,Amy Henson,Female,23,Nyeri,Upper-Middle,Human resources officer,27/03/2025,karenreed@example.com,950-293-3280x999
CUST-01733,Derrick Turner,Male,44,Kisumu,Middle,Chartered legal executive (England and Wales),15/06/2022,solomonalexander@example.com,582-935-3277
CUST-01734,Greg Alexander,Male,55,Mombasa,Upper-Middle,Primary school teacher,14/04/2021,scottalvarez@example.org,554-581-4712x66615
CUST-01735,Laura Berg,Female,24,Nakuru,Low,Geographical information systems officer,24/11/2025,stevenwilliams@example.org,250-813-4339
CUST-01736,Lisa Yang,Female,40,Nyeri,Middle,Lawyer,12/12/2025,patriciaburnett@example.com,939.312.9903
CUST-01737,Ashley Downs,Female,32,Kisumu,Low,Tour manager,06/09/2023,ashleycobb@example.com,314.221.1622x065
CUST-01738,Donald King,Male,32,Eldoret,High,Food technologist,31/01/2024,philiproberts@example.org,(296)991-4220
CUST-01739,Carmen Small,Female,35,Nairobi,High,Occupational therapist,27/06/2024,luismurray@example.org,+1-587-285-7109x3385
CUST-01740,Leah Lam,Female,63,Mombasa,Upper-Middle,Pharmacologist,24/05/2026,cynthiataylor@example.net,001-667-975-4658x6172
CUST-01741,Daisy Hill,Female,49,Nakuru,Upper-Middle,"Engineer, technical sales",25/04/2024,ivanmitchell@example.com,(768)941-5463x517
CUST-01742,William Avila,Male,42,Meru,Upper-Middle,Medical technical officer,10/02/2025,cobbmegan@example.com,(596)959-5965x6003
CUST-01743,Brittany Hudson,Female,20,Nairobi,Low,Glass blower/designer,04/02/2024,dana10@example.net,(722)551-4557
CUST-01744,Carlos Washington,Male,35,Nyeri,Upper-Middle,Armed forces technical officer,31/03/2024,chad26@example.com,902.497.0813
CUST-01745,Kristin Martinez,Female,70,Mombasa,Middle,"Engineer, control and instrumentation",03/01/2026,danielle24@example.net,892.429.5014
CUST-01746,Allison Trujillo,Female,43,Nairobi,High,"Therapist, art",28/06/2026,james08@example.com,-9309
CUST-01747,Jennifer Hooper,Female,38,Mombasa,Middle,Translator,11/12/2023,gwendolyn36@example.net,2947386825
CUST-01748,Catherine Cobb,Female,32,Kisumu,High,Diagnostic radiographer,14/05/2024,ysparks@example.com,001-623-825-7273
CUST-01749,Sally Obrien,Female,70,Nyeri,Low,Public librarian,21/02/2022,lunajoseph@example.org,734.346.6610
CUST-01750,Elizabeth Daniel,Female,24,Meru,High,Chartered loss adjuster,08/01/2024,bairdmolly@example.com,(688)668-8792
CUST-01751,Victoria Preston,Female,40,Nyeri,Low,Writer,28/10/2022,christopher69@example.net,261-334-4088x33183
CUST-01752,Patrick Adams,Male,63,Eldoret,Low,Textile designer,24/04/2024,ballarddeanna@example.org,579.339.8012x2016
CUST-01753,Holly Johnson,Female,45,Thika,High,"Designer, ceramics/pottery",25/01/2026,bethanycox@example.org,433-363-1409
CUST-01754,Angel Sanchez,Male,67,Nairobi,Middle,"Therapist, nutritional",28/05/2025,cwebb@example.org,(795)890-3177
CUST-01755,Melissa Smith,Female,69,Kisumu,Low,"Accountant, chartered public finance",06/09/2026,douglasdanielle@example.net,576-653-2448
CUST-01756,Rachel Dixon PhD,Female,31,Eldoret,Upper-Middle,Microbiologist,13/09/2021,edwardsjennifer@example.com,(291)617-0870x27282
CUST-01757,Marcus Douglas,Male,26,Kisumu,Middle,Acupuncturist,25/02/2025,justinreeves@example.net,523-421-6005
CUST-01758,Billy Hall,Male,57,Nyeri,Upper-Middle,Maintenance engineer,18/07/2026,jennifercruz@example.com,(702)613-1167
CUST-01759,Tiffany Mcgee,Female,49,Kisumu,Upper-Middle,Nature conservation officer,27/02/2022,gfrazier@example.net,001-416-778-1167x86290
CUST-01760,Colin Sanders,Male,62,Thika,Upper-Middle,"Doctor, general practice",01/12/2022,xramos@example.org,(520)299-4175
CUST-01761,Michael Ward,Male,24,Nyeri,Upper-Middle,Careers adviser,31/05/2022,kimberly05@example.org,955.908.4852x846
CUST-01762,Richard Gordon,Male,44,Nyeri,Middle,Production engineer,11/06/2024,awilliams@example.net,+1-230-376-4405x8355
CUST-01763,Christopher Jackson,Male,20,Nakuru,Low,"Therapist, nutritional",10/03/2026,usanchez@example.org,-9349
CUST-01764,Brooke Mckenzie,Female,31,Eldoret,Middle,Air broker,28/11/2022,ywoodard@example.net,2198905024
CUST-01765,Austin Harrison,Male,44,Nyeri,Upper-Middle,Public relations officer,21/01/2023,ballsteven@example.net,(648)257-9688x6312
CUST-01766,Matthew Johnson,Male,24,Thika,Middle,Human resources officer,18/02/2026,caseamy@example.net,319.701.1456x76776
CUST-01767,Justin Rojas,Male,19,Nyeri,High,Radio broadcast assistant,21/07/2021,carrollkristy@example.com,(545)617-7022x38045
CUST-01768,Shelly Alexander,Female,26,Nakuru,Middle,Copy,28/04/2026,michelle20@example.net,(992)484-8987x358
CUST-01769,Tyler Harvey PhD,Male,69,Eldoret,Upper-Middle,"Engineer, structural",08/05/2022,jackie02@example.net,809-639-8663x984
CUST-01770,Deborah Byrd,Female,43,Kisumu,High,Textile designer,05/11/2022,luisblake@example.net,(923)591-8867x622
CUST-01771,William Perez,Male,57,Nakuru,Upper-Middle,Insurance underwriter,24/09/2022,crosbycrystal@example.org,466-333-4014
CUST-01772,Michael Scott,Male,45,Kisumu,High,Lobbyist,05/08/2026,teresaperry@example.com,(288)662-3357
CUST-01773,Jack Lloyd,Male,20,Eldoret,Upper-Middle,Information officer,24/09/2021,josephroberts@example.org,711-975-4944
CUST-01774,Christopher Hess,Male,58,Meru,Middle,"Surveyor, building",08/02/2026,hayden46@example.org,815.612.9116x47924
CUST-01775,Linda Mason,Female,56,Meru,Low,Early years teacher,29/06/2024,scott35@example.org,+1-799-387-5915x3007
CUST-01776,William Curtis,Male,49,Kisumu,Upper-Middle,English as a second language teacher,26/03/2025,timothy92@example.net,305.278.2453
CUST-01777,Anna King,Female,62,Nakuru,High,Field trials officer,14/04/2023,rnichols@example.com,(843)801-4606
CUST-01778,Allison Lamb,Female,66,Eldoret,Low,Patent attorney,17/10/2025,karengentry@example.net,221-887-9065
CUST-01779,Raymond Kim,Male,54,Nairobi,Low,Television camera operator,17/09/2023,garciarachel@example.com,4239160040
CUST-01780,Tanya Oliver,Female,34,Meru,Upper-Middle,Sales promotion account executive,08/04/2024,daniellerodriguez@example.org,7862149842
CUST-01781,Luke Hines,Male,19,Eldoret,High,Trade union research officer,27/12/2025,qwagner@example.org,8012414424
CUST-01782,Courtney Freeman,Female,44,Thika,Middle,"Social research officer, government",31/10/2022,wjones@example.net,(928)459-9475x763
CUST-01783,Allen Edwards,Male,56,Kisumu,Upper-Middle,"Teacher, special educational needs",18/10/2024,mkeller@example.net,-1752
CUST-01784,Larry Blair,Male,51,Meru,Upper-Middle,"Civil engineer, contracting",15/04/2025,adam43@example.net,8358602858
CUST-01785,Alexis Williamson,Female,27,Mombasa,Upper-Middle,Marketing executive,14/07/2022,erica60@example.com,612-310-1842x62264
CUST-01786,Sherri Anderson,Female,28,Eldoret,Low,Location manager,03/02/2023,bruce59@example.net,956.953.5243
CUST-01787,Theresa Rivera,Female,21,Kisumu,High,Pensions consultant,15/07/2024,kiara57@example.org,948.252.5122x5846
CUST-01788,Katherine Nguyen,Female,66,Thika,High,"Designer, industrial/product",06/03/2022,ochapman@example.org,+1-249-465-2396x749
CUST-01789,Courtney Holmes,Female,35,Eldoret,Upper-Middle,Applications developer,09/01/2023,petersonjennifer@example.org,926-895-7538x5139
CUST-01790,Felicia Gilbert,Female,29,Thika,High,Building services engineer,13/04/2024,david62@example.org,308-952-0633x461
CUST-01791,Colin Thomas,Male,54,Meru,Low,Museum/gallery exhibitions officer,05/04/2022,wendy33@example.net,704.619.1716x03330
CUST-01792,Joseph Turner,Male,28,Nairobi,Middle,Planning and development surveyor,20/04/2024,ortegaerica@example.net,+1-531-837-8802x109
CUST-01793,William Frederick,Male,21,Meru,Upper-Middle,"Programmer, systems",22/12/2024,agibson@example.com,001-776-645-5459x03481
CUST-01794,Raymond Bowen,Male,64,Meru,High,Arts administrator,26/08/2021,patrickharris@example.com,(733)308-9233x313
CUST-01795,Matthew Edwards,Male,50,Nairobi,High,"Psychologist, forensic",22/12/2020,thomasjohn@example.com,(660)667-4151
CUST-01796,Karen Moore,Female,64,Meru,High,Higher education lecturer,22/04/2024,jessicascott@example.org,997.430.2940x695
CUST-01797,Mary Moore,Female,26,Kisumu,Low,"Runner, broadcasting/film/video",22/10/2023,shawntate@example.org,(782)384-8891x994
CUST-01798,Molly Weber,Female,24,Nakuru,Upper-Middle,Television production assistant,21/04/2021,lee64@example.com,(845)923-9004x15242
CUST-01799,Gary Snyder,Male,29,Eldoret,Middle,Broadcast presenter,24/10/2020,mgill@example.net,(701)246-7093x672
CUST-01800,Terry Wolfe,Male,52,Kisumu,High,Insurance claims handler,22/03/2021,murrayrachel@example.org,+1-973-446-0316x1340
CUST-01801,Patrick Cruz,Male,34,Meru,Low,Maintenance engineer,06/01/2023,lmorris@example.com,(742)283-2867x851
CUST-01802,Stacey Meyer,Female,20,Eldoret,Low,Building control surveyor,20/01/2025,michael71@example.net,556-861-6689x40936
CUST-01803,Margaret Peterson,Female,42,Mombasa,Upper-Middle,Interior and spatial designer,20/11/2023,dominguezdarryl@example.org,739.356.3224
CUST-01804,Jake Lawson,Male,20,Mombasa,High,"Therapist, horticultural",22/04/2021,christopherthomas@example.net,(897)548-6978x48798
CUST-01805,Jessica Walker,Female,48,Eldoret,Low,"Designer, television/film set",09/09/2023,qsims@example.net,669.422.5916
CUST-01806,Teresa Anderson,Female,21,Meru,Upper-Middle,"Optician, dispensing",16/02/2023,rodriguezpeter@example.org,001-291-898-6370x85536
CUST-01807,Christopher Smith,Male,32,Nairobi,Upper-Middle,Magazine features editor,03/05/2022,pruiz@example.net,(277)656-9429x841
CUST-01808,Sara Mckinney,Female,70,Nairobi,Low,"Designer, jewellery",31/07/2022,nharris@example.org,382-474-6352x3561
CUST-01809,Dana Cantrell,Female,24,Nyeri,Upper-Middle,"Pilot, airline",05/10/2020,william62@example.net,385-931-1128
CUST-01810,Larry Pacheco,Male,34,Nyeri,Low,"Nurse, adult",06/07/2022,ocruz@example.com,+1-694-772-8132x6598
CUST-01811,Curtis Sutton,Male,32,Kisumu,High,Artist,06/12/2025,elizabethburke@example.org,675.735.3132
CUST-01812,Melissa Benton,Female,37,Kisumu,Low,Patent examiner,17/07/2023,lrivas@example.net,703-405-6878x07126
CUST-01813,Sarah Carter,Female,50,Nyeri,Upper-Middle,Trade mark attorney,05/05/2025,masonernest@example.net,+1-983-988-2015x149
CUST-01814,Derrick Davis,Male,41,Mombasa,Upper-Middle,Chartered accountant,19/02/2024,cvincent@example.com,(428)622-6195x490
CUST-01815,Dennis Osborne,Male,50,Meru,High,Furniture conservator/restorer,07/05/2022,stephen66@example.org,001-738-886-5500x9159
CUST-01816,Kaylee Thomas,Female,36,Nyeri,Low,"Surveyor, rural practice",04/07/2022,susan93@example.com,8193412706
CUST-01817,Erin Hall,Female,70,Thika,Middle,Set designer,09/01/2021,cnichols@example.org,4202338811
CUST-01818,Laura Simmons,Female,59,Nyeri,Low,Phytotherapist,15/10/2024,scottblackburn@example.org,+1-373-244-8365x6707
CUST-01819,Matthew Nguyen,Male,51,Thika,High,"Engineer, biomedical",05/03/2023,cburns@example.com,767-639-3164x909
CUST-01820,Steven Valdez MD,Male,60,Kisumu,High,Arts administrator,14/10/2022,zachary86@example.net,802-853-1292
CUST-01821,Dillon Simpson,Male,37,Meru,High,Art therapist,21/01/2025,elliottzachary@example.com,2142615970
CUST-01822,Kevin Brown,Male,70,Meru,Upper-Middle,"Production designer, theatre/television/film",11/01/2021,aprilhurley@example.com,(673)347-4369x3908
CUST-01823,Kenneth Stewart,Male,27,Eldoret,Middle,Multimedia specialist,17/08/2025,ojones@example.org,730-354-2842
CUST-01824,Tracy Aguilar,Female,37,Nairobi,Low,"Engineer, chemical",02/02/2021,carolyn09@example.com,(294)512-5979
CUST-01825,Charles Grant,Male,51,Mombasa,High,Personal assistant,16/07/2024,bprice@example.org,+1-962-589-5134x0399
CUST-01826,Donna Caldwell,Female,25,Meru,Upper-Middle,"Engineer, broadcasting (operations)",14/04/2026,ricewilliam@example.com,829.539.7026
CUST-01827,Sherry Kennedy,Female,35,Mombasa,Low,Insurance broker,11/09/2023,piercedavid@example.org,817-986-0577
CUST-01828,Kevin Huerta,Male,66,Meru,Middle,"Surveyor, land/geomatics",22/05/2026,kathrynbaxter@example.org,(487)557-4058
CUST-01829,Adam Butler,Male,44,Nairobi,Low,Primary school teacher,13/12/2023,hmoreno@example.net,+1-624-897-2655x7136
CUST-01830,Deanna Cox,Female,64,Eldoret,Upper-Middle,Insurance broker,22/08/2026,jeremy52@example.com,344.788.2526x990
CUST-01831,Pamela Garcia,Female,67,Meru,Upper-Middle,International aid/development worker,08/09/2021,palvarez@example.org,-7474
CUST-01832,Jennifer Glenn,Female,70,Kisumu,Middle,Acupuncturist,05/04/2025,williamclark@example.org,001-834-265-0275
CUST-01833,Mario Francis,Male,24,Eldoret,Low,Mudlogger,30/08/2023,haileydickerson@example.net,001-923-249-5245
CUST-01834,Emily Gilmore,Female,53,Nairobi,Low,"Psychotherapist, dance movement",08/08/2023,richardnichols@example.org,+1-832-942-7161x8628
CUST-01835,Danielle Butler,Female,26,Nairobi,Middle,"Engineer, structural",06/04/2022,rjohnson@example.net,(447)487-2681x931
CUST-01836,Tiffany Davis,Female,48,Nyeri,High,Environmental health practitioner,24/03/2022,williamterry@example.com,(753)794-1854
CUST-01837,Sarah Salazar,Female,58,Thika,High,Solicitor,10/06/2023,christophercannon@example.org,856.930.3282
CUST-01838,Mary Pitts,Female,24,Kisumu,Middle,Insurance account manager,23/10/2020,wriley@example.net,(257)816-8962x1325
CUST-01839,Joshua Solomon,Male,31,Mombasa,Low,Nature conservation officer,27/05/2023,susan34@example.com,(608)882-3092x5872
CUST-01840,Shaun Lewis,Male,20,Nakuru,High,Careers adviser,07/07/2022,bharris@example.net,660-217-2628x0336
CUST-01841,Robert Patton,Male,60,Nakuru,High,Restaurant manager,30/05/2026,ashley16@example.org,430-431-0166x366
CUST-01842,Jack Flores,Male,24,Eldoret,High,Horticultural therapist,07/05/2021,fergusonmark@example.net,(222)895-1108x4861
CUST-01843,Raymond Burgess,Male,49,Nyeri,Low,Best boy,07/05/2026,michellemacdonald@example.com,(690)617-4953x89162
CUST-01844,Alexander Price,Male,29,Kisumu,High,Sports administrator,30/11/2024,luis73@example.org,565-702-4238
CUST-01845,Dawn Houston,Female,49,Nairobi,High,Camera operator,27/08/2024,mayalexis@example.com,001-329-685-0230x50667
CUST-01846,David Walker,Male,31,Eldoret,High,Community development worker,05/06/2022,qgallagher@example.com,001-655-441-2982
CUST-01847,Robert White,Male,40,Nairobi,Low,Stage manager,12/06/2026,kellydesiree@example.org,495.721.7680x12696
CUST-01848,Dr. Olivia Woods,Female,45,Meru,Upper-Middle,Copy,03/09/2022,kara91@example.org,+1-843-403-2502x749
CUST-01849,David Hall,Male,50,Nyeri,High,Hotel manager,17/02/2023,blakesarah@example.net,676.454.3999
CUST-01850,Kristina Kelly,Female,33,Nairobi,Low,Advertising account executive,12/03/2025,jeffreyjohnson@example.com,+1-741-248-6329x0850
CUST-01851,Denise Lambert,Female,55,Thika,Low,Claims inspector/assessor,12/12/2024,rhondaowens@example.org,509-307-4447
CUST-01852,Kaitlyn Washington,Female,60,Nyeri,High,Administrator,15/11/2022,gonzalezjonathan@example.com,884.286.5737x44966
CUST-01853,Daniel Gray,Male,50,Thika,High,"Horticulturist, commercial",24/03/2021,jbaker@example.org,-8013
CUST-01854,Brandi Ferguson,Female,20,Kisumu,Upper-Middle,Herbalist,18/09/2025,torresbeverly@example.com,760-426-9577
CUST-01855,Jeffrey Castro,Male,49,Thika,High,Arts development officer,27/06/2025,elizabethgarcia@example.org,(978)817-5248x1353
CUST-01856,Christopher Greer,Male,51,Nakuru,Upper-Middle,Event organiser,11/02/2025,alexanderhuber@example.com,595.426.0885
CUST-01857,Kristin Mcdonald,Female,27,Eldoret,High,Horticultural therapist,30/09/2022,davisjonathan@example.net,247.854.7377x0499
CUST-01858,Andrea Collins,Female,62,Thika,High,Legal secretary,17/01/2024,obautista@example.net,(210)234-0573x6891
CUST-01859,Brian Craig,Male,58,Nakuru,Upper-Middle,"Pilot, airline",27/05/2023,pamela07@example.net,(318)887-7169
CUST-01860,Joel Hall,Male,61,Meru,Middle,Insurance account manager,02/11/2022,wilsonjoseph@example.com,486.371.2657x281
CUST-01861,John Hart,Male,31,Kisumu,High,"Social research officer, government",10/03/2026,rhonda24@example.net,+1-991-596-0841x58553
CUST-01862,Robert Lewis,Male,69,Nyeri,High,"Engineer, electronics",10/04/2024,morenomiguel@example.com,207.216.9448x1440
CUST-01863,Denise Mueller,Female,34,Nakuru,Low,Paediatric nurse,17/11/2023,hernandezkim@example.org,8644079729
CUST-01864,Justin Stanley,Male,41,Eldoret,Upper-Middle,Industrial/product designer,17/07/2023,shawnharris@example.com,897-799-2519x736
CUST-01865,Jeremy Ayers MD,Male,30,Nairobi,Low,"Surveyor, minerals",28/08/2024,stephaniewashington@example.org,9539925906
CUST-01866,Erica Espinoza,Female,46,Mombasa,Middle,Clinical biochemist,01/10/2020,oroberts@example.net,3405256004
CUST-01867,Jason Sanders,Male,54,Nakuru,High,"Psychologist, occupational",08/12/2024,dylan07@example.org,(279)871-7635
CUST-01868,Paige White,Female,40,Thika,Low,Proofreader,28/08/2026,ashleylawson@example.org,001-943-288-1767x622
CUST-01869,Hannah Wright,Female,28,Mombasa,Low,Occupational hygienist,06/05/2021,autumnflores@example.com,(847)225-6046x78203
CUST-01870,Susan Flores,Female,70,Meru,Low,Make,17/09/2026,alvaradojack@example.org,240.897.3122
CUST-01871,Jeffrey Cordova,Male,69,Mombasa,Low,"Accountant, chartered management",04/03/2023,jimmy24@example.org,+1-216-794-3532x8617
CUST-01872,Barry Daugherty,Male,29,Mombasa,Middle,Ambulance person,24/02/2025,shawn21@example.org,(378)286-4555x2615
CUST-01873,Wendy Bailey,Female,29,Eldoret,High,Research scientist (medical),04/11/2023,diazsusan@example.net,(808)468-7441x235
CUST-01874,Emily Sanders,Female,65,Mombasa,Middle,Oceanographer,05/01/2022,leejohnson@example.com,+1-525-951-5179x7519
CUST-01875,Danielle Cook,Female,40,Kisumu,Low,Drilling engineer,20/04/2021,rlang@example.com,680-819-7621x34616
CUST-01876,Charles Graves,Male,47,Nyeri,Low,Legal executive,27/05/2024,edwardthomas@example.net,970-381-0148x129
CUST-01877,Joseph Williams,Male,70,Meru,Upper-Middle,Tourist information centre manager,17/06/2025,john48@example.net,001-212-768-1793x00805
CUST-01878,Susan Romero,Female,51,Kisumu,Low,Community arts worker,19/05/2025,allen34@example.net,7508810563
CUST-01879,Leslie Johnson,Female,42,Nyeri,Upper-Middle,Claims inspector/assessor,20/04/2022,yvonnedavis@example.net,(394)460-2124x67642
CUST-01880,Nathaniel Reed,Male,28,Nyeri,Middle,Energy manager,10/03/2025,dwaters@example.com,498-284-9591x260
CUST-01881,Bob Bridges,Male,70,Nyeri,High,Merchant navy officer,31/05/2024,wschmitt@example.com,001-716-265-7813x049
CUST-01882,Tammy Hudson,Female,48,Thika,Low,Horticultural therapist,07/02/2024,sandersmichael@example.net,(929)853-2230x7248
CUST-01883,Sydney Gutierrez,Female,28,Nairobi,Low,"Teacher, adult education",01/08/2022,lisa57@example.com,586-718-0583x93408
CUST-01884,Robert Ramirez,Male,40,Thika,High,Public relations account executive,06/12/2021,anne81@example.net,(406)796-5693
CUST-01885,Kyle Patrick,Male,46,Nairobi,High,Press photographer,19/08/2024,dominicperry@example.org,727-753-4183
CUST-01886,John Hoffman,Male,61,Kisumu,Low,"Designer, multimedia",04/01/2021,patriciasmith@example.com,610.962.9450x2694
CUST-01887,Holly Lewis,Female,45,Nyeri,Upper-Middle,Herbalist,18/07/2021,christinejohnson@example.org,(831)886-6790
CUST-01888,Tina Scott,Female,41,Nairobi,Upper-Middle,Copy,31/10/2024,marquezconnor@example.net,4408838437
CUST-01889,Bradley Payne,Male,63,Nyeri,High,Publishing copy,20/09/2024,dawn34@example.org,(453)793-9224
CUST-01890,Johnathan Hayes,Male,53,Meru,Upper-Middle,"Programmer, applications",11/04/2022,cking@example.net,202-518-8521x14846
CUST-01891,Chelsey Hall,Female,68,Nakuru,Upper-Middle,Social researcher,08/02/2024,gweaver@example.com,(604)975-9835
CUST-01892,Anthony Reyes,Male,21,Thika,High,Financial risk analyst,13/09/2026,aliciaallen@example.net,+1-902-354-6167x9467
CUST-01893,Philip Black,Male,52,Eldoret,Middle,"Engineer, structural",06/06/2024,ffrancis@example.org,001-759-945-9211
CUST-01894,Troy Cook,Male,51,Eldoret,Upper-Middle,Arts development officer,04/02/2026,montgomerysteven@example.com,996.926.3896x5499
CUST-01895,Michael Spencer,Male,20,Nairobi,Upper-Middle,"Designer, exhibition/display",08/02/2026,andrewpierce@example.net,200-814-2866
CUST-01896,Brady Freeman,Male,68,Eldoret,High,"Librarian, public",20/09/2025,kingbrandi@example.org,001-767-910-8004
CUST-01897,Don Hopkins,Male,65,Nairobi,Upper-Middle,Hospital doctor,06/11/2024,thenderson@example.net,(394)983-0517
CUST-01898,Evelyn White,Female,59,Thika,Low,Furniture conservator/restorer,31/07/2022,katherineyoung@example.org,(775)277-7734x26587
CUST-01899,Benjamin Evans,Male,67,Mombasa,High,Therapeutic radiographer,28/03/2026,qgreene@example.org,871.828.0619x9074
CUST-01900,Veronica Munoz,Female,55,Nairobi,High,Government social research officer,18/12/2024,vhernandez@example.org,412.743.5668x303
CUST-01901,Jasmine Zhang,Female,34,Nakuru,Upper-Middle,Meteorologist,09/08/2025,nicolenguyen@example.com,001-567-635-0781x0728
CUST-01902,Sarah Adams,Female,37,Kisumu,High,Building surveyor,06/04/2024,erindavis@example.net,001-693-663-1962x756
CUST-01903,Sean Johnson,Male,25,Thika,Middle,Bonds trader,11/06/2023,phillip63@example.org,8636621051
CUST-01904,Katrina Berg,Female,48,Mombasa,Middle,Automotive engineer,31/03/2026,mary81@example.org,953.473.9652
CUST-01905,Linda Carpenter,Female,45,Mombasa,Low,"Nurse, children's",12/05/2025,smurray@example.org,354-789-9071x29969
CUST-01906,Joshua Dickson,Male,46,Kisumu,High,Acupuncturist,19/10/2024,sandovalaudrey@example.org,001-513-826-8937x46021
CUST-01907,Ryan Mitchell,Male,47,Mombasa,Upper-Middle,Restaurant manager,17/10/2023,imiller@example.net,+1-818-742-5195x617
CUST-01908,Lindsay Moore,Female,56,Nyeri,Upper-Middle,"Merchandiser, retail",17/08/2026,nicole85@example.net,406.930.2282x9335
CUST-01909,Kathleen Brooks,Female,59,Nyeri,High,Make,20/05/2022,kevans@example.com,247.346.4550x72831
CUST-01910,Dr. Molly Williams DDS,Female,65,Nyeri,Middle,Quantity surveyor,29/04/2025,richard45@example.org,001-958-910-5801x0886
CUST-01911,David Porter,Male,51,Kisumu,High,Theatre stage manager,29/05/2021,seanshepherd@example.net,-5754
CUST-01912,Jill Hill,Female,27,Mombasa,Middle,Osteopath,13/08/2025,jamesmendoza@example.org,(462)581-9150
CUST-01913,Christine Mercado,Female,49,Nairobi,Middle,Financial risk analyst,22/12/2024,valerie05@example.org,894-205-0472
CUST-01914,Sharon May,Female,26,Nyeri,Low,"Development worker, community",13/05/2024,nelsonstefanie@example.com,336.960.9859x198
CUST-01915,John Le,Male,42,Eldoret,Low,Press photographer,16/01/2024,jamie78@example.net,(687)648-9557x131
CUST-01916,Ricky Burke,Male,26,Thika,Upper-Middle,Bookseller,20/01/2024,ksanchez@example.com,(957)447-7743
CUST-01917,Courtney Hill,Female,38,Eldoret,High,"Producer, television/film/video",08/08/2024,patrick19@example.org,-6870
CUST-01918,Robert Williams,Male,69,Kisumu,Middle,Best boy,22/12/2020,bridget54@example.com,001-517-636-5854x0591
CUST-01919,Cathy Ortiz,Female,22,Eldoret,Upper-Middle,"Psychotherapist, child",30/04/2026,hooperjacob@example.org,906.753.3535
CUST-01920,Roberto Lambert,Male,30,Meru,Low,"Teacher, English as a foreign language",26/11/2020,kbright@example.net,(719)960-8787
CUST-01921,Scott Thomas,Male,54,Thika,Low,Publishing copy,13/09/2026,stevenayers@example.org,8978739836
CUST-01922,Jonathan Hudson,Male,45,Meru,Upper-Middle,Retail manager,22/12/2024,sarah00@example.net,+1-244-950-7296x2901
CUST-01923,Michelle Norris,Female,40,Nyeri,High,Ophthalmologist,27/12/2021,dylan82@example.com,963-905-9415x6711
CUST-01924,Kevin Larsen,Male,67,Kisumu,High,"Development worker, international aid",30/06/2024,laurie58@example.org,001-598-270-8840x755
CUST-01925,Natalie Morgan,Female,61,Meru,Middle,Publishing rights manager,23/01/2026,samuelrobinson@example.net,(407)305-1306x967
CUST-01926,Kimberly Stewart,Female,24,Nyeri,High,Financial manager,23/05/2025,lharrington@example.com,953.379.8214x92413
CUST-01927,Aaron Mercado,Male,44,Thika,Low,"Engineer, agricultural",04/08/2026,pooleallison@example.net,306.884.8368
CUST-01928,Christina Foster,Female,66,Eldoret,Low,Patent attorney,04/08/2023,villathomas@example.com,(495)773-5410x577
CUST-01929,Edward White DDS,Male,64,Nairobi,Upper-Middle,Volunteer coordinator,08/04/2025,johnsonamber@example.com,287-423-5784x57208
CUST-01930,Brian Mcguire,Male,60,Mombasa,Middle,Merchant navy officer,18/06/2021,mccormickjill@example.com,001-331-366-0816
CUST-01931,Jacob Reyes,Male,55,Nakuru,High,Chartered public finance accountant,12/06/2024,deborahsmith@example.com,450.400.4584x089
CUST-01932,Alexander Sawyer,Male,26,Kisumu,Low,Writer,03/08/2025,mcintoshpatrick@example.net,893-656-5803x6383
CUST-01933,Shelby Torres,Female,69,Nakuru,Middle,"Sales professional, IT",02/07/2023,washingtonalexandria@example.org,851.542.4496
CUST-01934,Amanda Williams,Female,24,Thika,High,Gaffer,11/01/2021,jason80@example.com,001-388-967-2514x096
CUST-01935,Kevin Landry,Male,50,Nairobi,Upper-Middle,"Buyer, retail",11/07/2022,lsummers@example.net,666-888-1303
CUST-01936,Meghan Dunn,Female,30,Nyeri,Low,Audiological scientist,02/11/2023,jamesmark@example.com,(825)973-1253x6127
CUST-01937,Patricia Martin,Female,43,Eldoret,Low,Marine scientist,13/09/2025,oconner@example.net,574-550-8098x9717
CUST-01938,George Crawford,Male,25,Kisumu,Upper-Middle,Animator,05/05/2024,gerald14@example.com,616.750.4415x264
CUST-01939,Jonathan Chen,Male,30,Eldoret,Low,Patent examiner,31/10/2025,jessica54@example.org,+1-591-537-8049x87620
CUST-01940,Kristopher Galvan,Male,38,Nyeri,Middle,Insurance underwriter,18/02/2022,lisasantiago@example.org,001-574-714-6440x261
CUST-01941,Christopher Gomez,Male,58,Thika,Middle,Chartered legal executive (England and Wales),05/01/2024,douglasduffy@example.net,(213)784-1551
CUST-01942,Casey Faulkner,Male,64,Nairobi,Upper-Middle,Counsellor,24/10/2023,xmorgan@example.com,-9670
CUST-01943,Jeanne Harris,Female,25,Thika,Middle,Educational psychologist,04/01/2021,tracymayer@example.net,826.472.7332
CUST-01944,Sydney Jordan,Female,39,Eldoret,High,Politician's assistant,19/03/2023,rhonda81@example.net,+1-546-387-7492x9449
CUST-01945,John Walsh,Male,22,Nakuru,Middle,"Designer, graphic",10/12/2024,qortiz@example.net,+1-305-836-6783x203
CUST-01946,Micheal Waters,Male,50,Nyeri,Low,Radio broadcast assistant,24/08/2021,vcarlson@example.org,303-888-3331x5180
CUST-01947,Kimberly Smith,Female,22,Thika,High,Pharmacologist,09/11/2022,amandamelton@example.net,688.595.3115
CUST-01948,Kimberly Davis,Female,23,Meru,Low,Financial trader,08/11/2024,lisa59@example.org,7662086236
CUST-01949,Amanda Thomas,Female,59,Nakuru,Low,Ecologist,15/04/2026,larrycrane@example.net,+1-892-425-1826x1350
CUST-01950,Kendra Johnson,Female,54,Mombasa,Middle,Quantity surveyor,25/06/2023,bleblanc@example.com,(498)810-9975
CUST-01951,Jason Brooks,Male,38,Nyeri,High,"Engineer, site",09/04/2025,wtran@example.com,-8533
CUST-01952,Douglas Gonzalez,Male,59,Nakuru,Middle,"Engineer, broadcasting (operations)",19/11/2020,morrisonstephanie@example.org,6569260702
CUST-01953,Samantha Orozco,Female,53,Kisumu,Middle,Youth worker,20/07/2024,bryanjackson@example.org,-10658
CUST-01954,Mrs. Amanda Phillips,Female,54,Meru,Low,Fish farm manager,09/06/2026,tracy54@example.org,+1-918-486-4594x7800
CUST-01955,Derrick Patterson,Male,48,Eldoret,Middle,Paediatric nurse,19/02/2024,timothybell@example.net,+1-950-245-8387x5007
CUST-01956,Anthony Lopez,Male,22,Meru,Upper-Middle,Dance movement psychotherapist,04/07/2024,mccoychristian@example.org,001-659-280-4333x15696
CUST-01957,Angela Sullivan,Female,62,Nyeri,Upper-Middle,Waste management officer,03/07/2021,vanessasellers@example.com,(306)822-6093
CUST-01958,Carlos Hughes,Male,56,Eldoret,Low,Exercise physiologist,30/08/2022,graykelly@example.net,(631)701-7171
CUST-01959,Oscar Williams,Male,66,Mombasa,Upper-Middle,Trade mark attorney,02/09/2021,anthony19@example.net,5057673526
CUST-01960,Brandon Marsh,Male,44,Mombasa,Middle,Medical illustrator,06/10/2022,josephallen@example.org,(728)867-1066
CUST-01961,Elizabeth Jackson,Female,46,Nakuru,Upper-Middle,Medical technical officer,18/05/2022,salexander@example.org,+1-949-705-7175x32279
CUST-01962,Victoria Stewart,Female,59,Eldoret,High,"Scientist, research (medical)",07/09/2024,moralesjessica@example.org,671-351-1142
CUST-01963,Mia Mason,Female,34,Thika,Upper-Middle,Industrial/product designer,31/10/2023,egonzales@example.net,871.774.1906
CUST-01964,Tony Pena,Male,48,Thika,Low,Management consultant,08/05/2025,ayang@example.org,201-317-6170x613
CUST-01965,Calvin Lewis,Male,60,Nairobi,High,Chemical engineer,14/08/2022,gibsonanthony@example.org,479-865-6400x19154
CUST-01966,Michael Marks,Male,19,Kisumu,High,Database administrator,08/06/2025,charles64@example.org,624-411-4754x662
CUST-01967,Tiffany Brown,Female,67,Nyeri,Low,Hospital doctor,08/05/2024,juliahogan@example.com,846.803.8951x59234
CUST-01968,Austin Molina,Male,53,Nairobi,High,Photographer,04/03/2023,mark31@example.com,001-549-650-6054x11371
CUST-01969,Patrick Clarke,Male,41,Nyeri,Upper-Middle,Civil Service fast streamer,11/02/2026,pottsamy@example.net,3785695760
CUST-01970,Denise Dominguez MD,Female,30,Nairobi,Low,Herpetologist,06/02/2023,ftorres@example.org,943.259.7369
CUST-01971,Jessica Ingram,Female,42,Nakuru,High,Medical laboratory scientific officer,23/01/2022,charlesstokes@example.net,850.940.9370x1185
CUST-01972,Albert Oliver,Male,33,Nairobi,Upper-Middle,Systems analyst,04/03/2022,murphykristin@example.com,6959792818
CUST-01973,Jeanette Wagner,Female,31,Mombasa,Upper-Middle,"Engineer, land",09/02/2024,keithsimmons@example.net,219-254-0627
CUST-01974,Robert Davis,Male,33,Meru,Upper-Middle,Dealer,11/10/2021,stevensbrandi@example.net,(882)923-3125
CUST-01975,Gregory Summers,Male,36,Meru,Middle,"Scientist, physiological",22/07/2022,sherri61@example.com,(971)541-3427
CUST-01976,Ethan Vasquez,Male,31,Nyeri,Low,Recruitment consultant,07/09/2026,hector14@example.net,(909)642-0793
CUST-01977,Marie Gibson,Female,55,Meru,Middle,Warehouse manager,26/12/2025,douglas05@example.net,(953)509-5587
CUST-01978,Michael White,Male,61,Kisumu,Low,Psychiatrist,12/07/2022,shawn38@example.net,+1-516-512-9213x5111
CUST-01979,Allen Murphy,Male,66,Mombasa,Middle,Armed forces operational officer,27/11/2023,mirandasullivan@example.net,984-512-3222x320
CUST-01980,Erica Padilla,Female,55,Nakuru,Upper-Middle,Barrister's clerk,08/10/2024,jamie13@example.com,4853878379
CUST-01981,William Coleman,Male,62,Nairobi,Upper-Middle,Electronics engineer,11/06/2025,nicholasbrown@example.org,+1-693-671-5193x178
CUST-01982,Kimberly Buchanan,Female,19,Nyeri,Low,"Sound technician, broadcasting/film/video",30/10/2022,gonzalezdana@example.net,838.411.3370x494
CUST-01983,Holly Parker,Female,46,Nyeri,Upper-Middle,Ranger/warden,21/06/2024,smithrobin@example.com,588-723-4811x80829
CUST-01984,Timothy Daniel,Male,62,Meru,High,Health visitor,14/04/2025,jolson@example.org,287-953-7156x41533
CUST-01985,Jane Butler,Female,52,Nairobi,Middle,"Biochemist, clinical",05/12/2024,olewis@example.org,591-261-1955
CUST-01986,John Barber,Male,36,Nyeri,High,Freight forwarder,09/05/2022,nsmith@example.com,001-230-661-8920
CUST-01987,Jacqueline Anderson DDS,Female,19,Nyeri,Middle,"Nurse, adult",21/07/2021,mariacole@example.net,724-468-4732x5506
CUST-01988,Lisa Rogers,Female,24,Nairobi,Middle,Music tutor,05/08/2022,hweber@example.org,2725095789
CUST-01989,Vanessa Flores,Female,23,Nakuru,Middle,Child psychotherapist,20/04/2025,zryan@example.net,245-765-7817x442
CUST-01990,Timothy Fields,Male,40,Eldoret,Low,Merchant navy officer,15/06/2021,robert40@example.net,(201)267-5993
CUST-01991,Stephen Shields,Male,20,Meru,High,Immunologist,26/05/2021,baileycrystal@example.org,(270)291-4465x4840
CUST-01992,Edward Johnson,Male,56,Thika,Upper-Middle,Forest/woodland manager,29/03/2024,johnathan76@example.net,648.475.2560
CUST-01993,James Taylor,Male,25,Meru,Middle,"Pharmacist, hospital",03/07/2024,millerjames@example.org,001-479-751-1812x165
CUST-01994,Megan Richardson,Female,22,Thika,Middle,Town planner,16/07/2023,parkerdaniel@example.org,217.541.6477x631
CUST-01995,Christopher Wright,Male,68,Meru,Low,Proofreader,13/09/2025,kruiz@example.com,461-668-4446x9645
CUST-01996,Angela Beck,Female,56,Mombasa,Low,Electrical engineer,03/09/2022,delacruzmelissa@example.org,624.647.9297x591
CUST-01997,Dr. Kenneth Torres,Male,21,Nyeri,Upper-Middle,"Teacher, special educational needs",10/10/2020,patrick84@example.com,992.548.8780
CUST-01998,Maxwell Nunez,Male,69,Kisumu,Low,Personal assistant,17/10/2024,melissa73@example.com,405.934.2519x18716
CUST-01999,Jessica Ellis,Female,22,Eldoret,High,Office manager,07/05/2024,holtchristopher@example.org,+1-935-826-4259x931
CUST-02000,Jon Hebert,Male,25,Nairobi,Low,Set designer,12/11/2020,robert75@example.net,605-663-9670
