service_id,vehicle_id,service_date,service_type,cost_kes,mileage_at_service_km,parts_replaced,workshop,warranty_claim
SRV-000001,VEH-00685,05/06/2025,Wheel Alignment,2210,69202,1,Christopherfurt Auto Care,FALSE
SRV-000002,VEH-00113,27/05/2024,Battery Replacement,17056,83409,2,South Christopher Auto Care,TRUE
SRV-000003,VEH-01573,24/03/2024,AC Repair,20163,2561,1,Williamschester Auto Care,FALSE
SRV-000004,VEH-01662,30/01/2024,Tire Rotation,1611,18869,0,Maxwellchester Auto Care,FALSE
SRV-000005,VEH-00446,06/06/2023,Full Service,12401,55021,1,South William Auto Care,FALSE
SRV-000006,VEH-01940,11/09/2025,Bodywork/Panel Repair,49955,2738,3,Fordmouth Auto Care,FALSE
SRV-000007,VEH-00030,05/04/2023,Tire Rotation,1459,45707,0,North Barbara Auto Care,TRUE
SRV-000008,VEH-01582,28/02/2025,Brake Inspection,2925,56531,3,Port Heather Auto Care,FALSE
SRV-000009,VEH-00860,11/06/2026,Brake Inspection,2527,44984,2,South Noahfort Auto Care,FALSE
SRV-000010,VEH-01248,27/09/2022,Battery Replacement,15785,11815,0,Walshtown Auto Care,FALSE
SRV-000011,VEH-00985,11/04/2023,Full Service,38467,37375,0,Lake Samuel Auto Care,TRUE
SRV-000012,VEH-02630,26/05/2026,Battery Replacement,9000,14317,0,Hamptonview Auto Care,FALSE
SRV-000013,VEH-02108,14/01/2024,Engine Diagnostic,4584,60277,0,Isaachaven Auto Care,FALSE
SRV-000014,VEH-01627,04/05/2026,Full Service,35194,47902,0,Stacytown Auto Care,TRUE
SRV-000015,VEH-01388,16/09/2025,AC Repair,17918,126,0,East Catherinefort Auto Care,FALSE
SRV-000016,VEH-02331,11/11/2024,Engine Diagnostic,2348,27812,2,South Vanessaport Auto Care,TRUE
SRV-000017,VEH-00308,15/07/2024,Wheel Alignment,1863,105887,1,Marthaport Auto Care,FALSE
SRV-000018,VEH-00714,15/11/2025,Recall Fix,0,107342,3,Lake Kathrynside Auto Care,TRUE
SRV-000019,VEH-02972,01/07/2024,Transmission Service,24030,37897,0,Carolynhaven Auto Care,FALSE
SRV-000020,VEH-02678,20/10/2024,Wheel Alignment,3745,62977,0,Carrieborough Auto Care,TRUE
SRV-000021,VEH-01124,15/09/2025,Bodywork/Panel Repair,101493,3636,0,North Jason Auto Care,TRUE
SRV-000022,VEH-01132,17/03/2025,Tire Rotation,2513,25147,1,East Nicholas Auto Care,FALSE
SRV-000023,VEH-02912,22/05/2026,Wheel Alignment,3431,362,0,Masontown Auto Care,TRUE
SRV-000024,VEH-00090,28/06/2025,Suspension Repair,36011,30206,2,South Michael Auto Care,FALSE
SRV-000025,VEH-00473,15/11/2025,Brake Inspection,3836,51137,0,Schmidtport Auto Care,FALSE
SRV-000026,VEH-00107,17/02/2024,Suspension Repair,26427,205595,2,Thorntonfurt Auto Care,TRUE
SRV-000027,VEH-01842,04/07/2026,Full Service,16804,2019,2,Jasonshire Auto Care,FALSE
SRV-000028,VEH-00469,06/05/2023,Battery Replacement,15911,34669,0,Juliechester Auto Care,FALSE
SRV-000029,VEH-00679,17/12/2023,Engine Diagnostic,3455,38621,3,North Rhonda Auto Care,FALSE
SRV-000030,VEH-01345,18/03/2023,Transmission Service,37685,3240,0,East Edward Auto Care,FALSE
SRV-000031,VEH-02655,16/03/2024,Tire Rotation,2540,41676,2,Woodview Auto Care,FALSE
SRV-000032,VEH-00844,22/01/2023,Tire Rotation,2710,11291,3,East Robert Auto Care,TRUE
SRV-000033,VEH-00060,14/01/2024,Engine Diagnostic,4568,17809,1,Lake Lauren Auto Care,FALSE
SRV-000034,VEH-02076,04/11/2025,Battery Replacement,11831,58070,0,New Juanmouth Auto Care,TRUE
SRV-000035,VEH-01015,22/04/2024,Brake Inspection,2883,17989,0,Hallport Auto Care,FALSE
SRV-000036,VEH-00598,04/01/2026,Brake Inspection,3783,27556,1,Lake Susan Auto Care,FALSE
SRV-000037,VEH-01976,12/07/2024,Tire Rotation,1952,70514,1,East Lindsey Auto Care,FALSE
SRV-000038,VEH-02336,24/10/2023,Suspension Repair,14686,4714,0,Gonzalestown Auto Care,TRUE
SRV-000039,VEH-00786,04/08/2023,Tire Rotation,1923,46562,0,Port Erin Auto Care,FALSE
SRV-000040,VEH-02686,14/11/2024,Wheel Alignment,3187,2203,1,South Suzanneton Auto Care,FALSE
SRV-000041,VEH-00228,11/12/2022,Brake Inspection,4777,12362,1,West Leslie Auto Care,FALSE
SRV-000042,VEH-00339,08/01/2026,Bodywork/Panel Repair,12474,25121,1,Nelsonmouth Auto Care,TRUE
SRV-000043,VEH-02683,09/07/2025,Wheel Alignment,1500,9196,2,New Carrie Auto Care,FALSE
SRV-000044,VEH-01977,22/05/2024,Oil Change,2851,2134,0,Morrisonbury Auto Care,TRUE
SRV-000045,VEH-02516,13/12/2025,Transmission Service,16895,39714,3,East William Auto Care,TRUE
SRV-000046,VEH-01161,25/10/2025,AC Repair,10309,18432,3,New Sean Auto Care,FALSE
SRV-000047,VEH-01332,24/07/2024,Tire Rotation,2927,29808,2,New Jennifer Auto Care,FALSE
SRV-000048,VEH-02805,06/06/2024,Engine Diagnostic,2298,15078,0,West William Auto Care,FALSE
SRV-000049,VEH-01227,21/08/2024,Bodywork/Panel Repair,78780,5199,0,New Monica Auto Care,FALSE
SRV-000050,VEH-00330,30/07/2024,Tire Rotation,1395,41878,1,South Michaelberg Auto Care,FALSE
SRV-000051,VEH-00904,18/10/2023,Battery Replacement,10719,7532,0,Benjaminbury Auto Care,FALSE
SRV-000052,VEH-00743,10/10/2024,Oil Change,4899,15980,3,Hallstad Auto Care,FALSE
SRV-000053,VEH-00258,20/04/2023,Recall Fix,0,15180,3,New Cassandratown Auto Care,TRUE
SRV-000054,VEH-00633,03/05/2024,Bodywork/Panel Repair,33893,23436,1,Sandrafurt Auto Care,FALSE
SRV-000055,VEH-02985,12/11/2022,Brake Inspection,3425,61541,0,East Sarah Auto Care,FALSE
SRV-000056,VEH-00099,27/06/2023,Tire Rotation,2694,27210,0,Brianfurt Auto Care,FALSE
SRV-000057,VEH-00937,15/09/2024,Engine Diagnostic,4896,8321,0,Lake Eric Auto Care,FALSE
SRV-000058,VEH-02036,21/07/2025,Bodywork/Panel Repair,117336,101800,0,Lopezland Auto Care,FALSE
SRV-000059,VEH-01410,22/07/2026,Battery Replacement,17605,1332,2,South Richardmouth Auto Care,FALSE
SRV-000060,VEH-01405,20/11/2025,Suspension Repair,13680,171,0,Drakeside Auto Care,FALSE
SRV-000061,VEH-01967,13/05/2026,AC Repair,9703,56979,2,Nixonbury Auto Care,FALSE
SRV-000062,VEH-00909,19/09/2025,Battery Replacement,17374,10065,1,Jonesland Auto Care,FALSE
SRV-000063,VEH-02196,28/04/2025,Engine Diagnostic,2556,103434,0,West Denisemouth Auto Care,FALSE
SRV-000064,VEH-02881,11/11/2023,Full Service,18201,16643,1,Masonshire Auto Care,FALSE
SRV-000065,VEH-00771,16/07/2026,Tire Rotation,2349,46498,2,East Antonio Auto Care,TRUE
SRV-000066,VEH-02836,26/08/2023,Suspension Repair,32522,156224,0,Ramirezchester Auto Care,FALSE
SRV-000067,VEH-01443,29/05/2023,Suspension Repair,41454,2740,1,Donaldville Auto Care,FALSE
SRV-000068,VEH-01406,20/12/2022,Brake Inspection,3817,40218,0,East Edward Auto Care,FALSE
SRV-000069,VEH-01577,05/02/2025,Transmission Service,31357,214083,3,Jimenezfurt Auto Care,FALSE
SRV-000070,VEH-00624,22/03/2024,Engine Diagnostic,3896,113481,2,New Amandaville Auto Care,FALSE
SRV-000071,VEH-00107,06/05/2025,Oil Change,3322,197717,0,Websterland Auto Care,FALSE
SRV-000072,VEH-00880,20/08/2023,Bodywork/Panel Repair,16388,70087,1,New Kevin Auto Care,FALSE
SRV-000073,VEH-01025,08/06/2024,AC Repair,16792,1002,1,West Teresa Auto Care,FALSE
SRV-000074,VEH-00151,06/07/2023,Full Service,34924,6035,1,Tannerborough Auto Care,FALSE
SRV-000075,VEH-02942,14/04/2025,AC Repair,20682,4716,2,Thomasberg Auto Care,FALSE
SRV-000076,VEH-02729,04/03/2026,Oil Change,4730,8200,2,Guerrerohaven Auto Care,FALSE
SRV-000077,VEH-01747,09/02/2024,Transmission Service,41392,8775,0,North Stevenside Auto Care,FALSE
SRV-000078,VEH-01431,07/09/2026,Bodywork/Panel Repair,25834,36901,0,Meganhaven Auto Care,FALSE
SRV-000079,VEH-02350,29/06/2025,Transmission Service,46405,38938,2,Aliciatown Auto Care,TRUE
SRV-000080,VEH-02684,06/11/2022,Recall Fix,0,8575,1,Hamiltonshire Auto Care,FALSE
SRV-000081,VEH-02218,03/06/2023,Recall Fix,0,3159,1,Deannamouth Auto Care,TRUE
SRV-000082,VEH-01336,02/09/2025,Brake Inspection,6716,69043,0,West Calvinview Auto Care,FALSE
SRV-000083,VEH-00861,10/05/2025,Battery Replacement,13692,296,0,West Wesleymouth Auto Care,TRUE
SRV-000084,VEH-02217,30/11/2025,Oil Change,3556,151956,3,West Jennifer Auto Care,FALSE
SRV-000085,VEH-01143,22/10/2024,Transmission Service,59984,77319,0,Joshuaport Auto Care,FALSE
SRV-000086,VEH-01104,11/02/2026,Full Service,26594,123298,2,Jimmyfurt Auto Care,FALSE
SRV-000087,VEH-01468,24/04/2026,Wheel Alignment,1592,43170,1,Christinefurt Auto Care,FALSE
SRV-000088,VEH-00026,28/02/2023,Battery Replacement,13815,10215,3,South Victorshire Auto Care,FALSE
SRV-000089,VEH-01102,23/04/2025,Wheel Alignment,2189,25762,1,Bryantberg Auto Care,TRUE
SRV-000090,VEH-02640,02/06/2023,Recall Fix,0,67675,2,Lake Ruben Auto Care,FALSE
SRV-000091,VEH-00150,08/06/2026,Brake Inspection,3387,2561,0,Crossland Auto Care,FALSE
SRV-000092,VEH-01411,13/12/2025,Brake Inspection,4625,26871,1,Sarahbury Auto Care,FALSE
SRV-000093,VEH-02074,18/11/2022,Brake Inspection,5704,3582,1,East Tylerberg Auto Care,FALSE
SRV-000094,VEH-01401,09/09/2024,Engine Diagnostic,2499,18067,0,Judyfort Auto Care,FALSE
SRV-000095,VEH-00887,26/04/2026,Transmission Service,46540,14145,0,Ballardfort Auto Care,TRUE
SRV-000096,VEH-02335,25/12/2025,Suspension Repair,41014,1197,1,Bensonbury Auto Care,FALSE
SRV-000097,VEH-01439,18/05/2026,Engine Diagnostic,2856,22781,0,West Danielstad Auto Care,FALSE
SRV-000098,VEH-00954,04/10/2023,Engine Diagnostic,3945,1516,2,Bankstown Auto Care,FALSE
SRV-000099,VEH-01393,26/03/2023,Transmission Service,38773,109027,0,Blackland Auto Care,TRUE
SRV-000100,VEH-02057,24/05/2023,Full Service,24116,13027,0,South Matthewtown Auto Care,FALSE
SRV-000101,VEH-02449,19/12/2022,AC Repair,8347,48016,3,South Cherylland Auto Care,FALSE
SRV-000102,VEH-02002,19/03/2024,Wheel Alignment,1508,7855,0,Alyssastad Auto Care,FALSE
SRV-000103,VEH-01580,06/09/2026,AC Repair,12798,130378,1,Port Brenda Auto Care,FALSE
SRV-000104,VEH-00300,19/07/2025,Engine Diagnostic,4827,113596,3,Port Douglas Auto Care,FALSE
SRV-000105,VEH-00313,01/11/2023,Wheel Alignment,2128,11689,2,Luischester Auto Care,FALSE
SRV-000106,VEH-02883,05/03/2024,Transmission Service,52295,20395,2,East Hunter Auto Care,FALSE
SRV-000107,VEH-00949,22/02/2023,Wheel Alignment,2998,227,1,Juliaside Auto Care,FALSE
SRV-000108,VEH-00331,08/05/2025,Transmission Service,35789,54602,0,Joshualand Auto Care,FALSE
SRV-000109,VEH-02576,17/07/2023,Brake Inspection,7824,89163,1,Dianamouth Auto Care,FALSE
SRV-000110,VEH-02307,11/06/2024,Recall Fix,0,12961,1,East Sharon Auto Care,TRUE
SRV-000111,VEH-02491,01/10/2023,AC Repair,6299,1279,1,West Ryanmouth Auto Care,FALSE
SRV-000112,VEH-00494,26/03/2025,Recall Fix,0,36372,1,South Alexanderchester Auto Care,FALSE
SRV-000113,VEH-02684,11/04/2025,Full Service,34694,10362,0,Jeanettetown Auto Care,FALSE
SRV-000114,VEH-02810,22/04/2026,Battery Replacement,9424,7329,2,Shortborough Auto Care,FALSE
SRV-000115,VEH-02952,25/06/2024,Oil Change,3849,6533,2,Lake Kristenberg Auto Care,TRUE
SRV-000116,VEH-00479,10/12/2024,Engine Diagnostic,3631,21391,2,Carterhaven Auto Care,FALSE
SRV-000117,VEH-02469,28/06/2025,Oil Change,5708,2470,2,North Shawnborough Auto Care,FALSE
SRV-000118,VEH-02623,03/11/2022,Oil Change,5035,78375,1,Lanebury Auto Care,FALSE
SRV-000119,VEH-00115,11/04/2026,Engine Diagnostic,4023,66649,1,North Joshua Auto Care,FALSE
SRV-000120,VEH-02941,19/04/2023,Full Service,37229,73976,3,Smallhaven Auto Care,FALSE
SRV-000121,VEH-01893,19/03/2025,Full Service,27873,1991,2,Taylorshire Auto Care,FALSE
SRV-000122,VEH-00875,23/09/2026,AC Repair,21716,47518,1,North Kimberly Auto Care,FALSE
SRV-000123,VEH-02550,13/07/2023,Engine Diagnostic,3325,12735,2,Brianberg Auto Care,FALSE
SRV-000124,VEH-01303,20/01/2023,Brake Inspection,7106,9018,1,Brandonfurt Auto Care,TRUE
SRV-000125,VEH-01231,30/05/2026,Full Service,15832,45378,3,New Shariville Auto Care,FALSE
SRV-000126,VEH-02124,28/02/2025,Brake Inspection,3711,6992,1,East Deniseton Auto Care,FALSE
SRV-000127,VEH-00160,08/11/2023,Suspension Repair,12259,22453,0,Juliehaven Auto Care,FALSE
SRV-000128,VEH-01483,23/02/2025,Full Service,23791,41912,1,Nguyenside Auto Care,FALSE
SRV-000129,VEH-02547,09/01/2023,Transmission Service,28231,8992,0,Josephtown Auto Care,FALSE
SRV-000130,VEH-02198,06/04/2025,Tire Rotation,1305,16020,2,New Sherry Auto Care,FALSE
SRV-000131,VEH-00840,07/04/2026,Suspension Repair,40565,32236,1,Gomezport Auto Care,TRUE
SRV-000132,VEH-01720,08/09/2024,AC Repair,11473,122579,3,New Kellifort Auto Care,FALSE
SRV-000133,VEH-01521,18/06/2025,Recall Fix,0,361,0,Lake Stephanieview Auto Care,FALSE
SRV-000134,VEH-02289,26/11/2024,Transmission Service,32243,27407,2,Torresfort Auto Care,TRUE
SRV-000135,VEH-01429,22/11/2022,Engine Diagnostic,2448,11733,3,Raymondberg Auto Care,FALSE
SRV-000136,VEH-00273,10/09/2023,Transmission Service,48216,66647,3,Port Kristiton Auto Care,FALSE
SRV-000137,VEH-01668,13/04/2026,Tire Rotation,1409,23629,2,Philiptown Auto Care,TRUE
SRV-000138,VEH-01134,21/03/2025,Battery Replacement,18161,16703,1,Josephfurt Auto Care,FALSE
SRV-000139,VEH-02986,10/06/2026,Suspension Repair,30134,115601,0,West Alexville Auto Care,FALSE
SRV-000140,VEH-02027,29/04/2023,Recall Fix,0,55145,3,West Brian Auto Care,FALSE
SRV-000141,VEH-01743,31/05/2024,AC Repair,19443,45919,0,Michelechester Auto Care,FALSE
SRV-000142,VEH-02790,17/04/2026,Recall Fix,0,4753,0,Port Triciastad Auto Care,FALSE
SRV-000143,VEH-02637,10/11/2022,Engine Diagnostic,3323,95124,0,Christinahaven Auto Care,FALSE
SRV-000144,VEH-01233,12/05/2026,Battery Replacement,13722,5828,0,Dawnmouth Auto Care,TRUE
SRV-000145,VEH-02529,22/07/2024,Brake Inspection,3341,22643,0,Toddshire Auto Care,FALSE
SRV-000146,VEH-02885,22/08/2023,Bodywork/Panel Repair,107964,18669,0,Berrybury Auto Care,FALSE
SRV-000147,VEH-00652,20/03/2025,Full Service,21762,102611,1,New Kyleview Auto Care,FALSE
SRV-000148,VEH-01493,11/09/2023,Transmission Service,52235,3669,1,Hernandezshire Auto Care,FALSE
SRV-000149,VEH-01868,28/04/2026,Transmission Service,18386,3836,0,Lake Jamesberg Auto Care,FALSE
SRV-000150,VEH-00756,01/02/2023,Oil Change,2941,19814,1,Mortontown Auto Care,FALSE
SRV-000151,VEH-01778,03/04/2025,Bodywork/Panel Repair,64415,651,1,North Devinchester Auto Care,FALSE
SRV-000152,VEH-00368,04/08/2026,Tire Rotation,2804,62392,0,Tylerport Auto Care,TRUE
SRV-000153,VEH-00991,13/07/2023,Battery Replacement,13036,17933,2,Emmabury Auto Care,FALSE
SRV-000154,VEH-00171,14/06/2023,Recall Fix,0,144190,0,North Charlesshire Auto Care,FALSE
SRV-000155,VEH-02751,11/12/2022,Tire Rotation,2244,18067,2,South Deborah Auto Care,FALSE
SRV-000156,VEH-00800,22/12/2025,AC Repair,14585,1038,1,East Todd Auto Care,TRUE
SRV-000157,VEH-00973,21/07/2023,Wheel Alignment,2525,562,0,Port Jeffreybury Auto Care,TRUE
SRV-000158,VEH-01216,07/10/2022,Bodywork/Panel Repair,80717,6798,1,North Wendy Auto Care,FALSE
SRV-000159,VEH-02934,22/04/2024,Tire Rotation,1587,37284,0,East Travis Auto Care,FALSE
SRV-000160,VEH-00379,27/08/2026,Oil Change,3864,112122,3,East Kyleborough Auto Care,FALSE
SRV-000161,VEH-02329,20/02/2026,AC Repair,16838,13899,2,Lake Nicole Auto Care,FALSE
SRV-000162,VEH-01445,03/12/2024,Wheel Alignment,3308,14929,1,Bakerberg Auto Care,FALSE
SRV-000163,VEH-02899,24/02/2026,AC Repair,21388,29494,1,Robertfurt Auto Care,TRUE
SRV-000164,VEH-00512,23/07/2026,Full Service,19902,64410,3,Gutierrezside Auto Care,FALSE
SRV-000165,VEH-00770,17/11/2022,Full Service,30032,35810,1,Samanthaton Auto Care,FALSE
SRV-000166,VEH-01024,13/11/2022,Tire Rotation,1938,13366,0,Lake Michaelside Auto Care,TRUE
SRV-000167,VEH-01813,08/03/2025,Brake Inspection,6620,38534,0,Samanthaborough Auto Care,FALSE
SRV-000168,VEH-02421,18/01/2025,Recall Fix,0,11938,2,West Taylorstad Auto Care,TRUE
SRV-000169,VEH-01733,31/05/2026,Bodywork/Panel Repair,46037,12031,0,North Melissaview Auto Care,FALSE
SRV-000170,VEH-01127,04/09/2023,Full Service,32463,2506,0,Shawnville Auto Care,FALSE
SRV-000171,VEH-01715,11/02/2025,AC Repair,19480,20516,0,South Shawnview Auto Care,FALSE
SRV-000172,VEH-00029,14/05/2025,Battery Replacement,10689,4245,2,Port Julianhaven Auto Care,FALSE
SRV-000173,VEH-01360,11/12/2024,AC Repair,21265,1589,1,West Elizabethville Auto Care,FALSE
SRV-000174,VEH-02986,28/12/2023,Full Service,19170,100924,0,Ronaldland Auto Care,FALSE
SRV-000175,VEH-02952,07/07/2026,Bodywork/Panel Repair,47033,5358,0,Johnnymouth Auto Care,FALSE
SRV-000176,VEH-01125,17/02/2023,Tire Rotation,2020,81390,0,North Mikaylachester Auto Care,FALSE
SRV-000177,VEH-00899,23/08/2026,Brake Inspection,6657,62745,3,Robertberg Auto Care,FALSE
SRV-000178,VEH-01162,10/08/2026,Tire Rotation,1299,2126,0,Myersside Auto Care,FALSE
SRV-000179,VEH-02508,01/02/2025,Oil Change,3734,2649,2,Kellymouth Auto Care,FALSE
SRV-000180,VEH-02010,28/07/2025,Suspension Repair,44696,24248,0,Jimmyfurt Auto Care,FALSE
SRV-000181,VEH-00083,02/09/2023,Battery Replacement,15930,117973,3,Velazquezfort Auto Care,FALSE
SRV-000182,VEH-01215,18/07/2024,Wheel Alignment,1935,1142,1,Wardstad Auto Care,FALSE
SRV-000183,VEH-01070,13/05/2025,Tire Rotation,1489,32086,3,East Elizabethview Auto Care,FALSE
SRV-000184,VEH-02881,07/12/2023,Recall Fix,0,16611,3,East Patricia Auto Care,FALSE
SRV-000185,VEH-00433,13/02/2025,Brake Inspection,4609,107240,1,Port Ronaldburgh Auto Care,FALSE
SRV-000186,VEH-00684,10/05/2024,AC Repair,19772,196061,0,Comptonhaven Auto Care,FALSE
SRV-000187,VEH-00174,02/05/2026,Engine Diagnostic,4693,860,0,Christinaville Auto Care,FALSE
SRV-000188,VEH-01103,21/12/2024,Tire Rotation,1618,7092,2,Davisfurt Auto Care,FALSE
SRV-000189,VEH-00222,04/07/2026,Full Service,34045,18993,0,New Zachary Auto Care,FALSE
SRV-000190,VEH-00279,14/06/2024,Full Service,39294,11947,1,Lake Matthew Auto Care,FALSE
SRV-000191,VEH-01104,25/09/2026,Tire Rotation,1332,120747,3,Lake Nathanielborough Auto Care,FALSE
SRV-000192,VEH-00522,03/08/2023,Brake Inspection,2135,32833,1,Lake Michaelborough Auto Care,FALSE
SRV-000193,VEH-02617,23/01/2023,Battery Replacement,19902,19618,1,West Ryan Auto Care,FALSE
SRV-000194,VEH-00098,15/03/2026,Wheel Alignment,1789,20711,1,South Peggyburgh Auto Care,TRUE
SRV-000195,VEH-01548,18/10/2024,Wheel Alignment,1750,57535,0,Thomasport Auto Care,TRUE
SRV-000196,VEH-01994,15/01/2024,Transmission Service,33445,11040,0,Spenceshire Auto Care,FALSE
SRV-000197,VEH-01425,02/02/2026,Wheel Alignment,2033,33710,1,South George Auto Care,TRUE
SRV-000198,VEH-02847,25/06/2023,Engine Diagnostic,2055,1514,1,Port Christine Auto Care,TRUE
SRV-000199,VEH-00343,01/03/2026,Bodywork/Panel Repair,82669,90666,3,South Kathrynland Auto Care,FALSE
SRV-000200,VEH-01402,30/04/2025,Bodywork/Panel Repair,86878,17366,0,Grantburgh Auto Care,FALSE
SRV-000201,VEH-02013,16/03/2024,AC Repair,12826,23039,2,Elizabethhaven Auto Care,TRUE
SRV-000202,VEH-00195,14/09/2026,Engine Diagnostic,2126,4,0,Dorisville Auto Care,FALSE
SRV-000203,VEH-02506,26/08/2023,Transmission Service,38928,11125,0,Heatherfort Auto Care,FALSE
SRV-000204,VEH-00027,11/01/2024,Tire Rotation,1838,2132,1,New Sethmouth Auto Care,FALSE
SRV-000205,VEH-02662,25/11/2023,AC Repair,6834,540,1,Port Shannonfort Auto Care,FALSE
SRV-000206,VEH-01819,19/05/2023,Full Service,17843,8553,1,Garciafort Auto Care,FALSE
SRV-000207,VEH-01981,18/03/2024,Battery Replacement,12845,41878,3,Petersonfort Auto Care,FALSE
SRV-000208,VEH-02671,30/03/2025,Wheel Alignment,1537,7985,2,South Davidbury Auto Care,FALSE
SRV-000209,VEH-01649,19/11/2025,Bodywork/Panel Repair,90810,10343,1,Josemouth Auto Care,FALSE
SRV-000210,VEH-00761,07/04/2023,Oil Change,4851,4973,1,New Benjaminmouth Auto Care,FALSE
SRV-000211,VEH-00705,04/11/2023,Suspension Repair,33713,48537,1,Lawrenceshire Auto Care,TRUE
SRV-000212,VEH-01354,21/07/2026,Recall Fix,0,18819,1,West Dan Auto Care,FALSE
SRV-000213,VEH-02985,28/08/2026,Recall Fix,0,73143,3,New Susan Auto Care,FALSE
SRV-000214,VEH-02453,29/09/2023,Wheel Alignment,3877,4860,0,Amytown Auto Care,FALSE
SRV-000215,VEH-01268,07/01/2023,Battery Replacement,18042,27946,0,Kirkland Auto Care,TRUE
SRV-000216,VEH-02786,03/08/2025,Suspension Repair,29687,9434,1,Williamsfurt Auto Care,FALSE
SRV-000217,VEH-01484,22/10/2023,Wheel Alignment,3148,52412,2,West Kevinborough Auto Care,TRUE
SRV-000218,VEH-02187,12/10/2023,Brake Inspection,1951,2435,1,Norrisstad Auto Care,TRUE
SRV-000219,VEH-02903,27/04/2026,AC Repair,22579,142,0,North Cole Auto Care,FALSE
SRV-000220,VEH-01787,06/04/2024,Wheel Alignment,3452,97969,1,Austinview Auto Care,FALSE
SRV-000221,VEH-01416,02/08/2024,AC Repair,11343,44087,0,South Gailport Auto Care,FALSE
SRV-000222,VEH-02271,22/01/2023,Brake Inspection,6882,20982,2,Nicolebury Auto Care,FALSE
SRV-000223,VEH-01100,14/07/2023,Engine Diagnostic,4649,47707,0,Colemanhaven Auto Care,FALSE
SRV-000224,VEH-02324,19/11/2023,Battery Replacement,16016,741,1,Lake Christineborough Auto Care,FALSE
SRV-000225,VEH-02080,14/11/2023,Oil Change,5335,21761,1,Lake Travisland Auto Care,TRUE
SRV-000226,VEH-01099,20/10/2022,Transmission Service,22504,1528,0,South Danielstad Auto Care,FALSE
SRV-000227,VEH-01933,13/10/2024,Brake Inspection,2948,72088,3,Lake Susanstad Auto Care,FALSE
SRV-000228,VEH-02236,02/03/2023,Tire Rotation,1126,3171,1,Brandiville Auto Care,TRUE
SRV-000229,VEH-01362,04/12/2023,Transmission Service,44418,51327,2,Markborough Auto Care,FALSE
SRV-000230,VEH-01995,15/01/2025,Engine Diagnostic,4893,311,0,Mathewsfurt Auto Care,FALSE
SRV-000231,VEH-00978,25/01/2025,Brake Inspection,7233,19624,1,Port Stuartfurt Auto Care,FALSE
SRV-000232,VEH-02789,19/07/2024,Brake Inspection,3714,14427,1,Port Mistyton Auto Care,FALSE
SRV-000233,VEH-00169,04/01/2025,Bodywork/Panel Repair,84598,5900,1,Johnhaven Auto Care,FALSE
SRV-000234,VEH-02811,09/12/2024,Oil Change,3912,3017,1,South Mariaport Auto Care,TRUE
SRV-000235,VEH-02828,26/12/2024,Suspension Repair,25833,21627,1,Port Taylor Auto Care,FALSE
SRV-000236,VEH-00930,16/06/2023,Brake Inspection,7741,7548,0,Lake Nicole Auto Care,FALSE
SRV-000237,VEH-01194,27/03/2026,Recall Fix,0,13911,0,South Sarahport Auto Care,TRUE
SRV-000238,VEH-00475,23/10/2025,Transmission Service,23022,169156,0,Hillmouth Auto Care,FALSE
SRV-000239,VEH-01352,30/09/2022,Bodywork/Panel Repair,40871,10691,0,North Elizabeth Auto Care,FALSE
SRV-000240,VEH-01971,04/05/2024,Oil Change,4141,14671,3,West Michaelville Auto Care,TRUE
SRV-000241,VEH-00863,08/08/2025,Full Service,20266,11628,3,New Christopherhaven Auto Care,TRUE
SRV-000242,VEH-01347,09/10/2024,Suspension Repair,25201,62,1,East Brian Auto Care,TRUE
SRV-000243,VEH-02107,28/06/2023,Engine Diagnostic,4668,46229,1,Littlefurt Auto Care,FALSE
SRV-000244,VEH-00234,02/10/2023,Brake Inspection,3864,5311,0,Port Yolanda Auto Care,FALSE
SRV-000245,VEH-01584,07/07/2023,Oil Change,4934,2812,0,East Kimberly Auto Care,TRUE
SRV-000246,VEH-02977,05/09/2023,Bodywork/Panel Repair,17672,28625,3,Austinmouth Auto Care,FALSE
SRV-000247,VEH-01040,27/12/2022,Recall Fix,0,28331,3,Mariahberg Auto Care,FALSE
SRV-000248,VEH-02400,20/08/2026,Wheel Alignment,3222,59401,0,Zamoramouth Auto Care,FALSE
SRV-000249,VEH-01928,22/03/2025,Transmission Service,43942,13866,3,West Stevenstad Auto Care,FALSE
SRV-000250,VEH-01645,19/08/2023,Bodywork/Panel Repair,51184,33213,1,Meganburgh Auto Care,FALSE
SRV-000251,VEH-00366,06/07/2024,Recall Fix,0,31200,0,Jorgeborough Auto Care,FALSE
SRV-000252,VEH-00416,16/12/2022,Engine Diagnostic,2262,56348,3,Michelleshire Auto Care,FALSE
SRV-000253,VEH-02944,22/09/2024,Transmission Service,26505,12538,0,Port Kevin Auto Care,TRUE
SRV-000254,VEH-00947,21/04/2024,Bodywork/Panel Repair,25613,6599,3,East Ericastad Auto Care,FALSE
SRV-000255,VEH-02673,06/03/2026,Full Service,38830,35946,1,Phillipschester Auto Care,FALSE
SRV-000256,VEH-02524,27/12/2022,AC Repair,18128,51637,1,Hollowaytown Auto Care,FALSE
SRV-000257,VEH-01497,30/04/2025,Oil Change,5546,3752,3,Mooreview Auto Care,TRUE
SRV-000258,VEH-02366,27/06/2026,Oil Change,3640,3832,0,Lake Leonview Auto Care,FALSE
SRV-000259,VEH-01286,09/07/2025,Transmission Service,27016,36335,1,North Sabrina Auto Care,FALSE
SRV-000260,VEH-01220,18/05/2024,Brake Inspection,6013,23517,3,Christopherland Auto Care,FALSE
SRV-000261,VEH-02596,27/04/2025,Bodywork/Panel Repair,13594,143,1,Lake Jamesstad Auto Care,FALSE
SRV-000262,VEH-02589,09/07/2024,Full Service,13305,9781,0,Jenniferburgh Auto Care,TRUE
SRV-000263,VEH-01679,14/09/2025,Transmission Service,51856,12062,1,Sandraburgh Auto Care,TRUE
SRV-000264,VEH-02120,21/07/2024,Battery Replacement,14752,52907,3,North Robertside Auto Care,FALSE
SRV-000265,VEH-00675,07/12/2025,AC Repair,15387,4952,1,East Jaime Auto Care,FALSE
SRV-000266,VEH-02147,03/11/2023,AC Repair,17986,5122,1,West Melissa Auto Care,FALSE
SRV-000267,VEH-01183,29/04/2025,Battery Replacement,8739,68367,3,New Debbie Auto Care,TRUE
SRV-000268,VEH-00670,03/02/2024,Tire Rotation,2905,83431,1,Michaelside Auto Care,FALSE
SRV-000269,VEH-01322,20/02/2025,Battery Replacement,15675,7388,0,East Mark Auto Care,TRUE
SRV-000270,VEH-00375,17/06/2025,AC Repair,19701,23827,1,Ramirezfort Auto Care,FALSE
SRV-000271,VEH-00431,08/02/2024,Transmission Service,23186,9954,3,New Joseph Auto Care,FALSE
SRV-000272,VEH-02612,17/08/2024,Bodywork/Panel Repair,62113,6016,1,Kellystad Auto Care,FALSE
SRV-000273,VEH-02673,27/01/2024,Oil Change,5360,34031,1,East Zacharyhaven Auto Care,FALSE
SRV-000274,VEH-01750,06/08/2025,Transmission Service,59009,99807,0,Wandaborough Auto Care,TRUE
SRV-000275,VEH-01969,05/01/2025,Engine Diagnostic,4239,61839,0,South Tracy Auto Care,TRUE
SRV-000276,VEH-01202,14/07/2024,Brake Inspection,6985,66020,1,Kendraton Auto Care,FALSE
SRV-000277,VEH-00752,18/08/2023,Transmission Service,34950,789,1,Lake Aaronburgh Auto Care,FALSE
SRV-000278,VEH-01788,12/04/2023,AC Repair,10841,57786,1,East Jeffreyhaven Auto Care,FALSE
SRV-000279,VEH-00880,30/10/2024,Wheel Alignment,3840,85226,3,Kristiview Auto Care,FALSE
SRV-000280,VEH-02440,30/06/2023,Battery Replacement,18571,29660,0,West Justinhaven Auto Care,TRUE
SRV-000281,VEH-00796,25/08/2023,Tire Rotation,1425,6313,0,Keithmouth Auto Care,FALSE
SRV-000282,VEH-02542,11/12/2025,Recall Fix,0,31769,1,Robertshaven Auto Care,FALSE
SRV-000283,VEH-02482,21/12/2024,AC Repair,23736,10237,1,New Roger Auto Care,FALSE
SRV-000284,VEH-00159,12/12/2024,Transmission Service,28505,113869,3,New Heather Auto Care,FALSE
SRV-000285,VEH-01210,10/04/2024,Oil Change,4177,23850,1,West Mikayla Auto Care,FALSE
SRV-000286,VEH-01785,26/08/2023,Recall Fix,0,89915,0,New Mercedesmouth Auto Care,FALSE
SRV-000287,VEH-02128,31/08/2025,AC Repair,16392,107945,3,Port Matthew Auto Care,FALSE
SRV-000288,VEH-00918,03/01/2023,Recall Fix,0,717,3,Bryanborough Auto Care,TRUE
SRV-000289,VEH-00327,17/08/2025,Bodywork/Panel Repair,119160,161,0,Kristinechester Auto Care,FALSE
SRV-000290,VEH-02034,08/05/2026,Brake Inspection,6746,60130,3,Port Ryanside Auto Care,TRUE
SRV-000291,VEH-00458,24/10/2025,Battery Replacement,11734,10006,2,Lake Jonathan Auto Care,FALSE
SRV-000292,VEH-02668,03/03/2023,Suspension Repair,21342,169698,1,Thomasmouth Auto Care,TRUE
SRV-000293,VEH-01816,02/07/2024,Full Service,39274,29711,1,North Amyland Auto Care,TRUE
SRV-000294,VEH-00471,25/11/2022,AC Repair,23169,1735,1,Port Andrew Auto Care,TRUE
SRV-000295,VEH-00264,01/07/2023,AC Repair,7312,3907,1,Lake Donaldshire Auto Care,FALSE
SRV-000296,VEH-01475,04/03/2024,Recall Fix,0,5934,1,Danielville Auto Care,FALSE
SRV-000297,VEH-02221,24/05/2026,Transmission Service,42060,46779,0,Carlsonbury Auto Care,TRUE
SRV-000298,VEH-02807,25/04/2023,AC Repair,9693,7219,3,East Angela Auto Care,FALSE
SRV-000299,VEH-00036,11/08/2026,AC Repair,5452,21870,0,Coreyberg Auto Care,FALSE
SRV-000300,VEH-02172,18/09/2026,Transmission Service,22360,24109,0,South Lori Auto Care,FALSE
SRV-000301,VEH-00735,28/05/2025,Wheel Alignment,1544,6426,3,South Julia Auto Care,FALSE
SRV-000302,VEH-01923,28/11/2025,Brake Inspection,3625,930,0,North Kenneth Auto Care,FALSE
SRV-000303,VEH-02574,04/02/2024,Recall Fix,0,14642,1,South Daniel Auto Care,FALSE
SRV-000304,VEH-01901,25/06/2025,AC Repair,9026,136347,3,West Marcfurt Auto Care,FALSE
SRV-000305,VEH-01133,23/10/2024,AC Repair,13611,84059,0,Snyderhaven Auto Care,FALSE
SRV-000306,VEH-00397,06/03/2026,Oil Change,4299,875,2,Port Marialand Auto Care,FALSE
SRV-000307,VEH-00645,15/08/2025,Recall Fix,0,11328,3,Lake Michaelville Auto Care,FALSE
SRV-000308,VEH-00188,15/08/2023,Battery Replacement,12034,8949,0,South Amanda Auto Care,FALSE
SRV-000309,VEH-01924,12/07/2023,Recall Fix,0,94803,1,East Jasmin Auto Care,FALSE
SRV-000310,VEH-01674,28/05/2024,Full Service,17581,37240,1,West Michael Auto Care,FALSE
SRV-000311,VEH-01756,17/11/2023,Tire Rotation,1023,22798,3,Bishopton Auto Care,FALSE
SRV-000312,VEH-01982,14/08/2023,Brake Inspection,2931,42898,0,Lake Paul Auto Care,TRUE
SRV-000313,VEH-00066,12/11/2025,Battery Replacement,18257,49725,2,North Austin Auto Care,FALSE
SRV-000314,VEH-00485,22/06/2026,Brake Inspection,7853,1852,0,Seanshire Auto Care,FALSE
SRV-000315,VEH-00788,01/09/2024,Oil Change,4639,124517,0,East James Auto Care,FALSE
SRV-000316,VEH-01967,24/01/2025,Bodywork/Panel Repair,24515,32756,3,West Kellymouth Auto Care,FALSE
SRV-000317,VEH-00902,27/04/2023,Battery Replacement,12930,2706,2,Rasmussenside Auto Care,FALSE
SRV-000318,VEH-00357,02/11/2025,Brake Inspection,3148,36161,1,Kimburgh Auto Care,TRUE
SRV-000319,VEH-01708,31/05/2025,Bodywork/Panel Repair,79823,11502,0,Smithburgh Auto Care,FALSE
SRV-000320,VEH-01950,22/06/2026,Transmission Service,57971,46647,1,West Ruben Auto Care,TRUE
SRV-000321,VEH-00914,30/10/2022,Battery Replacement,19754,52523,1,North Cindy Auto Care,FALSE
SRV-000322,VEH-01239,19/12/2025,Transmission Service,24273,48617,0,Hicksland Auto Care,FALSE
SRV-000323,VEH-01361,14/04/2025,Suspension Repair,38455,60698,3,Alexanderside Auto Care,FALSE
SRV-000324,VEH-02674,04/08/2024,Oil Change,5635,38017,0,Hurleyfurt Auto Care,FALSE
SRV-000325,VEH-02795,26/02/2025,Engine Diagnostic,3138,54935,2,Lake Alicia Auto Care,TRUE
SRV-000326,VEH-02052,13/03/2023,Engine Diagnostic,2643,1587,0,Lake Ashleyside Auto Care,FALSE
SRV-000327,VEH-01107,19/03/2026,Recall Fix,0,86730,1,Nelsonville Auto Care,TRUE
SRV-000328,VEH-02457,22/06/2023,Full Service,34853,10091,0,Lake Christopher Auto Care,FALSE
SRV-000329,VEH-00123,11/09/2025,Suspension Repair,26587,17254,0,North Douglasland Auto Care,FALSE
SRV-000330,VEH-02342,10/04/2024,Full Service,38947,28296,0,Danielmouth Auto Care,FALSE
SRV-000331,VEH-02724,11/12/2024,Brake Inspection,6808,17284,1,Escobarmouth Auto Care,FALSE
SRV-000332,VEH-01560,19/08/2023,Engine Diagnostic,2170,71449,2,Jamesburgh Auto Care,FALSE
SRV-000333,VEH-01507,23/06/2026,Engine Diagnostic,2461,36435,2,Johnsonhaven Auto Care,FALSE
SRV-000334,VEH-01259,12/01/2026,AC Repair,8745,142,2,Ortizchester Auto Care,TRUE
SRV-000335,VEH-00298,13/11/2024,Transmission Service,24503,30091,1,Lambside Auto Care,TRUE
SRV-000336,VEH-02671,21/04/2024,Engine Diagnostic,4247,358,2,Jasonland Auto Care,FALSE
SRV-000337,VEH-02986,16/05/2024,Brake Inspection,1591,100636,1,North Brian Auto Care,FALSE
SRV-000338,VEH-02735,03/08/2025,Bodywork/Panel Repair,118809,31848,1,Gomezland Auto Care,FALSE
SRV-000339,VEH-02148,12/01/2024,Transmission Service,20026,18318,1,Meganborough Auto Care,FALSE
SRV-000340,VEH-02353,30/01/2026,Transmission Service,49725,32795,2,Grossport Auto Care,FALSE
SRV-000341,VEH-01826,02/12/2025,Recall Fix,0,3814,2,North Andrew Auto Care,FALSE
SRV-000342,VEH-02809,28/03/2024,Battery Replacement,9233,4829,1,Simpsonton Auto Care,FALSE
SRV-000343,VEH-01028,13/09/2026,Suspension Repair,18004,14159,2,Lake Brian Auto Care,TRUE
SRV-000344,VEH-00957,19/07/2025,Battery Replacement,8463,76642,3,South Mark Auto Care,FALSE
SRV-000345,VEH-00492,30/06/2024,Brake Inspection,2813,38547,0,New Samanthaside Auto Care,FALSE
SRV-000346,VEH-00899,12/03/2025,AC Repair,21572,49210,0,Amymouth Auto Care,FALSE
SRV-000347,VEH-01038,27/04/2025,Tire Rotation,1440,13440,3,West Mikayla Auto Care,TRUE
SRV-000348,VEH-01265,04/01/2024,Full Service,36998,52503,1,West Rachel Auto Care,FALSE
SRV-000349,VEH-00918,15/07/2023,Recall Fix,0,1169,0,West Ashleymouth Auto Care,FALSE
SRV-000350,VEH-02271,12/06/2023,Recall Fix,0,1595,3,East Michaelside Auto Care,FALSE
SRV-000351,VEH-01497,30/07/2024,Bodywork/Panel Repair,86709,7925,3,South Dontown Auto Care,FALSE
SRV-000352,VEH-02025,14/12/2025,Transmission Service,30900,11509,0,New Bradleyview Auto Care,TRUE
SRV-000353,VEH-02002,09/12/2022,Oil Change,3133,15774,2,West Davidport Auto Care,TRUE
SRV-000354,VEH-00152,26/11/2025,Battery Replacement,14587,1944,1,West Aaronton Auto Care,FALSE
SRV-000355,VEH-02296,09/02/2025,Oil Change,5790,2958,1,Alexisland Auto Care,FALSE
SRV-000356,VEH-02311,23/09/2025,Brake Inspection,6556,80829,3,Lake Joseph Auto Care,FALSE
SRV-000357,VEH-02459,30/05/2025,Wheel Alignment,3304,14209,1,Jenniferfurt Auto Care,FALSE
SRV-000358,VEH-00201,07/08/2026,Brake Inspection,5848,31584,1,Port Robert Auto Care,FALSE
SRV-000359,VEH-02141,16/01/2023,Wheel Alignment,1781,7848,0,East Linda Auto Care,TRUE
SRV-000360,VEH-01478,10/01/2024,Battery Replacement,11034,5356,1,Taylorview Auto Care,FALSE
SRV-000361,VEH-01860,31/08/2025,Recall Fix,0,174826,0,Lake Bailey Auto Care,TRUE
SRV-000362,VEH-02573,28/05/2026,AC Repair,10229,36043,1,West Matthew Auto Care,TRUE
SRV-000363,VEH-00055,14/04/2025,Tire Rotation,1787,100907,0,Smithport Auto Care,FALSE
SRV-000364,VEH-00692,10/04/2023,Oil Change,4550,27333,3,Anthonyland Auto Care,FALSE
SRV-000365,VEH-00725,30/08/2024,Recall Fix,0,35161,0,Jeanview Auto Care,FALSE
SRV-000366,VEH-00399,28/04/2023,Recall Fix,0,43823,3,Emilyshire Auto Care,FALSE
SRV-000367,VEH-02797,16/09/2025,Engine Diagnostic,4519,7803,3,Ricemouth Auto Care,FALSE
SRV-000368,VEH-02440,06/12/2025,Tire Rotation,1626,36095,2,South Laura Auto Care,FALSE
SRV-000369,VEH-00440,28/07/2024,Wheel Alignment,1727,39896,1,North Ashley Auto Care,FALSE
SRV-000370,VEH-01810,24/01/2025,Battery Replacement,8182,79372,0,East Elijahfurt Auto Care,TRUE
SRV-000371,VEH-01868,23/05/2024,Recall Fix,0,11999,0,West Nicoleside Auto Care,TRUE
SRV-000372,VEH-00979,25/11/2022,Recall Fix,0,123976,1,Smithtown Auto Care,TRUE
SRV-000373,VEH-00731,27/04/2025,Battery Replacement,17278,49815,0,Matthewstown Auto Care,FALSE
SRV-000374,VEH-02528,26/04/2025,Oil Change,3377,39418,1,Craigstad Auto Care,FALSE
SRV-000375,VEH-01275,03/06/2026,Oil Change,3280,78115,1,Port Mariamouth Auto Care,FALSE
SRV-000376,VEH-02963,20/05/2025,Full Service,15483,69495,1,North Taylorborough Auto Care,FALSE
SRV-000377,VEH-01267,27/09/2023,Transmission Service,22387,50461,1,South Brianstad Auto Care,TRUE
SRV-000378,VEH-00686,17/07/2026,Engine Diagnostic,3040,30086,1,East Victor Auto Care,FALSE
SRV-000379,VEH-00527,01/10/2024,Recall Fix,0,51304,1,New Paulport Auto Care,FALSE
SRV-000380,VEH-01388,22/07/2026,Oil Change,5717,17174,3,South Kathryn Auto Care,TRUE
SRV-000381,VEH-01788,26/08/2026,AC Repair,20523,63529,1,Andreaburgh Auto Care,FALSE
SRV-000382,VEH-02157,02/01/2026,Battery Replacement,8096,49277,1,Jamesland Auto Care,FALSE
SRV-000383,VEH-00029,29/10/2024,Transmission Service,37557,1126,1,North Gail Auto Care,FALSE
SRV-000384,VEH-02724,10/02/2024,Brake Inspection,2654,10720,1,East Jeremy Auto Care,TRUE
SRV-000385,VEH-00923,07/10/2022,Battery Replacement,15639,11185,0,Port Jacob Auto Care,FALSE
SRV-000386,VEH-02581,12/05/2024,Engine Diagnostic,2075,70893,0,Nelsonview Auto Care,FALSE
SRV-000387,VEH-01115,19/08/2026,Engine Diagnostic,4303,16008,1,East Sandrabury Auto Care,FALSE
SRV-000388,VEH-00042,12/01/2023,Transmission Service,45243,52718,0,West Christopherchester Auto Care,TRUE
SRV-000389,VEH-02373,15/11/2024,Oil Change,5721,118913,1,New Kelly Auto Care,TRUE
SRV-000390,VEH-00193,10/01/2025,Brake Inspection,5023,1849,3,Ericchester Auto Care,TRUE
SRV-000391,VEH-02824,11/07/2025,Suspension Repair,28267,53295,0,Gonzalezstad Auto Care,FALSE
SRV-000392,VEH-01914,09/01/2024,Wheel Alignment,3235,26372,0,North Brittany Auto Care,FALSE
SRV-000393,VEH-00015,13/04/2026,Wheel Alignment,3292,79230,3,East Dawnport Auto Care,FALSE
SRV-000394,VEH-00720,04/09/2025,Brake Inspection,3823,6336,3,East Charlesfurt Auto Care,FALSE
SRV-000395,VEH-00434,17/06/2025,Oil Change,2982,53586,0,Jamesfurt Auto Care,FALSE
SRV-000396,VEH-00646,28/07/2024,Suspension Repair,33897,7256,1,Millerfurt Auto Care,FALSE
SRV-000397,VEH-02623,14/01/2024,Battery Replacement,9227,81744,1,Keithborough Auto Care,FALSE
SRV-000398,VEH-01627,18/02/2024,Oil Change,5204,69012,0,Lake Sarahmouth Auto Care,FALSE
SRV-000399,VEH-02775,15/06/2023,Brake Inspection,2391,150166,0,New Kari Auto Care,FALSE
SRV-000400,VEH-01617,24/04/2023,Transmission Service,47996,79819,0,East Nicole Auto Care,FALSE
SRV-000401,VEH-02360,28/08/2025,Tire Rotation,1918,5804,1,Port Kyle Auto Care,FALSE
SRV-000402,VEH-00951,17/07/2025,Wheel Alignment,2253,113687,2,Jessicamouth Auto Care,FALSE
SRV-000403,VEH-00502,23/12/2025,Transmission Service,47871,60893,3,Lake Jonathan Auto Care,FALSE
SRV-000404,VEH-01460,06/05/2026,Transmission Service,21255,3654,3,Kellymouth Auto Care,FALSE
SRV-000405,VEH-02402,03/09/2024,Bodywork/Panel Repair,105734,53518,0,Andreabury Auto Care,FALSE
SRV-000406,VEH-01737,17/03/2024,Engine Diagnostic,4493,463,1,North Elizabeth Auto Care,FALSE
SRV-000407,VEH-00611,04/11/2024,Oil Change,5466,14154,3,Lake Paultown Auto Care,FALSE
SRV-000408,VEH-01586,29/07/2024,Engine Diagnostic,3655,11476,1,Christopherborough Auto Care,FALSE
SRV-000409,VEH-00531,09/09/2026,Recall Fix,0,28437,2,West Juanberg Auto Care,FALSE
SRV-000410,VEH-00193,17/01/2024,Bodywork/Panel Repair,104176,14563,1,Tinahaven Auto Care,TRUE
SRV-000411,VEH-01674,09/08/2023,Full Service,18510,35259,3,South Pamelatown Auto Care,FALSE
SRV-000412,VEH-01126,11/03/2023,Recall Fix,0,16217,1,Gonzalezfort Auto Care,FALSE
SRV-000413,VEH-02171,07/06/2025,Tire Rotation,1127,4837,1,East Debrashire Auto Care,FALSE
SRV-000414,VEH-00338,23/03/2023,Bodywork/Panel Repair,100682,57297,0,Curtistown Auto Care,FALSE
SRV-000415,VEH-01214,10/08/2025,Tire Rotation,1925,30063,2,Davidfurt Auto Care,FALSE
SRV-000416,VEH-00981,04/08/2023,Suspension Repair,17702,32630,3,Michaelburgh Auto Care,TRUE
SRV-000417,VEH-02133,16/09/2024,Tire Rotation,2853,43249,1,Lake Charles Auto Care,TRUE
SRV-000418,VEH-02528,11/08/2026,AC Repair,8831,34885,0,Valentineview Auto Care,TRUE
SRV-000419,VEH-02087,23/08/2025,AC Repair,21458,64662,2,Shelleyborough Auto Care,TRUE
SRV-000420,VEH-02481,19/05/2024,Battery Replacement,17763,28445,2,Barnesfort Auto Care,TRUE
SRV-000421,VEH-00563,02/05/2025,Brake Inspection,7117,13904,1,Mendozaport Auto Care,FALSE
SRV-000422,VEH-02738,23/05/2024,Transmission Service,42750,4051,1,Sotoburgh Auto Care,FALSE
SRV-000423,VEH-02834,18/05/2024,Suspension Repair,20240,4755,0,Fletchertown Auto Care,TRUE
SRV-000424,VEH-01406,13/07/2026,Suspension Repair,15712,51685,3,Lake Jessebury Auto Care,FALSE
SRV-000425,VEH-00092,19/04/2023,Oil Change,4562,24217,0,Gilbertside Auto Care,FALSE
SRV-000426,VEH-00472,13/11/2025,Battery Replacement,19251,2055,0,Port Cody Auto Care,FALSE
SRV-000427,VEH-01101,28/08/2024,Brake Inspection,2738,40664,1,East Daniellechester Auto Care,FALSE
SRV-000428,VEH-02528,27/07/2025,Full Service,25923,42076,0,Martinezshire Auto Care,TRUE
SRV-000429,VEH-01955,15/05/2024,Bodywork/Panel Repair,37092,19105,0,West Melissaport Auto Care,FALSE
SRV-000430,VEH-00041,20/05/2025,Wheel Alignment,2998,16634,3,Port Amberville Auto Care,FALSE
SRV-000431,VEH-01068,17/01/2024,AC Repair,22209,12197,0,Gomezville Auto Care,TRUE
SRV-000432,VEH-00321,02/07/2024,Full Service,29580,1901,1,Port Jasonport Auto Care,FALSE
SRV-000433,VEH-00136,19/03/2025,AC Repair,20503,34804,1,Theresaberg Auto Care,FALSE
SRV-000434,VEH-00550,05/06/2024,Suspension Repair,15436,8689,2,Port Robertburgh Auto Care,FALSE
SRV-000435,VEH-02689,23/04/2026,Suspension Repair,15965,31368,0,New Stephen Auto Care,FALSE
SRV-000436,VEH-02705,25/01/2024,Oil Change,5339,4484,2,Jonesland Auto Care,FALSE
SRV-000437,VEH-02115,09/12/2025,Suspension Repair,13945,18913,0,New Robinfurt Auto Care,TRUE
SRV-000438,VEH-02698,12/01/2023,Brake Inspection,2443,11776,1,Christinaborough Auto Care,FALSE
SRV-000439,VEH-02216,29/05/2023,Battery Replacement,15797,195268,1,Stephaniemouth Auto Care,FALSE
SRV-000440,VEH-00697,23/12/2024,Engine Diagnostic,3716,45292,0,New Williamton Auto Care,FALSE
SRV-000441,VEH-02253,14/07/2024,Oil Change,4119,4724,0,East Brianbury Auto Care,FALSE
SRV-000442,VEH-00166,13/12/2023,Recall Fix,0,14638,3,Doyleland Auto Care,FALSE
SRV-000443,VEH-00179,25/01/2023,Bodywork/Panel Repair,112725,75878,3,North Derrick Auto Care,FALSE
SRV-000444,VEH-01153,22/08/2023,Full Service,25554,2813,1,Port Meganberg Auto Care,FALSE
SRV-000445,VEH-00176,31/07/2026,Transmission Service,59943,96537,1,Port Allison Auto Care,FALSE
SRV-000446,VEH-01271,15/03/2026,Full Service,29656,19121,1,Daniellemouth Auto Care,FALSE
SRV-000447,VEH-00425,20/09/2025,Oil Change,4402,14322,3,Lake Gloriashire Auto Care,TRUE
SRV-000448,VEH-01994,25/05/2025,Engine Diagnostic,4348,7526,3,North Steven Auto Care,TRUE
SRV-000449,VEH-02253,12/05/2023,Wheel Alignment,3984,745,3,North Kristine Auto Care,TRUE
SRV-000450,VEH-01769,07/10/2023,AC Repair,10195,40539,0,Jillberg Auto Care,FALSE
SRV-000451,VEH-02313,06/09/2023,Tire Rotation,2891,37695,2,New Amber Auto Care,FALSE
SRV-000452,VEH-00389,10/08/2025,Wheel Alignment,2108,88802,0,Carlosville Auto Care,TRUE
SRV-000453,VEH-02574,05/10/2023,Engine Diagnostic,2262,8389,3,Hinesfort Auto Care,TRUE
SRV-000454,VEH-01307,24/08/2026,Engine Diagnostic,4644,51810,1,New Madison Auto Care,FALSE
SRV-000455,VEH-01223,06/09/2024,Brake Inspection,4368,145084,1,South Andrea Auto Care,TRUE
SRV-000456,VEH-00304,21/09/2024,Tire Rotation,1381,30896,0,Bairdside Auto Care,FALSE
SRV-000457,VEH-01541,25/03/2026,AC Repair,19696,13292,0,East Peter Auto Care,FALSE
SRV-000458,VEH-02467,08/06/2025,Transmission Service,59743,10414,1,Ianshire Auto Care,FALSE
SRV-000459,VEH-02157,04/01/2026,Transmission Service,15936,52253,1,Pachecochester Auto Care,FALSE
SRV-000460,VEH-01332,19/02/2024,Suspension Repair,35151,33583,1,West Jonathanview Auto Care,FALSE
SRV-000461,VEH-01772,13/02/2026,Oil Change,3912,11900,1,Morganview Auto Care,TRUE
SRV-000462,VEH-01299,30/07/2023,Transmission Service,45317,25688,0,South Erictown Auto Care,FALSE
SRV-000463,VEH-01371,11/05/2024,AC Repair,14284,7942,1,West Ericaside Auto Care,FALSE
SRV-000464,VEH-01660,09/06/2025,Wheel Alignment,2492,62265,0,Lisaville Auto Care,FALSE
SRV-000465,VEH-01053,26/03/2025,Full Service,12353,8796,1,Thomasburgh Auto Care,FALSE
SRV-000466,VEH-02779,27/04/2026,Suspension Repair,15283,33582,3,North Jasontown Auto Care,FALSE
SRV-000467,VEH-02665,08/12/2024,Bodywork/Panel Repair,103318,14336,1,Johnborough Auto Care,FALSE
SRV-000468,VEH-02977,22/03/2025,Battery Replacement,13306,18587,0,West Rachelshire Auto Care,TRUE
SRV-000469,VEH-00819,25/09/2025,Recall Fix,0,2295,3,Port Veronicamouth Auto Care,FALSE
SRV-000470,VEH-02755,31/03/2025,Tire Rotation,1553,46310,2,Wrightborough Auto Care,FALSE
SRV-000471,VEH-00167,28/10/2022,Transmission Service,50031,6551,0,Wendymouth Auto Care,FALSE
SRV-000472,VEH-02531,08/12/2025,Recall Fix,0,105,1,Ashleymouth Auto Care,FALSE
SRV-000473,VEH-01783,17/12/2022,Brake Inspection,2120,71926,0,Justinburgh Auto Care,TRUE
SRV-000474,VEH-02520,11/08/2024,Transmission Service,22989,16660,3,Port Maryburgh Auto Care,FALSE
SRV-000475,VEH-01670,28/02/2025,AC Repair,20804,2386,2,East Jasminview Auto Care,FALSE
SRV-000476,VEH-02144,01/07/2025,Battery Replacement,13852,10139,1,Kathleenville Auto Care,TRUE
SRV-000477,VEH-00241,13/02/2026,Battery Replacement,13827,26238,0,Millerfurt Auto Care,FALSE
SRV-000478,VEH-01324,02/04/2025,Suspension Repair,33066,2297,2,Lake Suzanne Auto Care,FALSE
SRV-000479,VEH-00721,05/03/2026,Battery Replacement,13748,109899,0,West Mariah Auto Care,FALSE
SRV-000480,VEH-00537,11/12/2024,Oil Change,3413,7827,2,Tinaville Auto Care,TRUE
SRV-000481,VEH-01622,11/07/2026,Full Service,37215,2500,3,Hallbury Auto Care,FALSE
SRV-000482,VEH-01519,19/11/2024,Wheel Alignment,3396,2557,2,East Tracymouth Auto Care,FALSE
SRV-000483,VEH-01363,14/10/2024,Brake Inspection,6889,6513,1,Charlesbury Auto Care,FALSE
SRV-000484,VEH-00545,04/10/2024,Battery Replacement,18992,13836,2,Hoburgh Auto Care,FALSE
SRV-000485,VEH-00959,30/06/2024,Tire Rotation,2052,13632,0,Carolynville Auto Care,FALSE
SRV-000486,VEH-00638,16/10/2025,AC Repair,13220,71264,3,Davidside Auto Care,FALSE
SRV-000487,VEH-00045,18/08/2023,Oil Change,5111,6370,2,Christopherchester Auto Care,FALSE
SRV-000488,VEH-00301,24/09/2023,Battery Replacement,14906,20906,1,Trevorland Auto Care,FALSE
SRV-000489,VEH-01550,18/02/2026,Battery Replacement,11087,21372,2,South Justinview Auto Care,FALSE
SRV-000490,VEH-00077,10/10/2025,Recall Fix,0,2515,3,Jenkinshaven Auto Care,FALSE
SRV-000491,VEH-02573,26/11/2023,Engine Diagnostic,2608,42430,0,Rodriguezborough Auto Care,FALSE
SRV-000492,VEH-00070,18/06/2023,Brake Inspection,3970,8946,1,Port Rachelton Auto Care,TRUE
SRV-000493,VEH-02484,05/07/2026,Wheel Alignment,1766,58316,1,Port Cassandra Auto Care,FALSE
SRV-000494,VEH-02955,01/03/2023,Tire Rotation,2660,75020,1,Adriennemouth Auto Care,TRUE
SRV-000495,VEH-00217,25/08/2025,Battery Replacement,17501,163766,3,Port Coreystad Auto Care,FALSE
SRV-000496,VEH-01332,20/12/2024,Tire Rotation,1980,37746,2,North Margaretton Auto Care,TRUE
SRV-000497,VEH-00611,18/02/2023,Full Service,25322,7093,0,Patrickberg Auto Care,FALSE
SRV-000498,VEH-01290,20/07/2023,Recall Fix,0,31158,1,Johnmouth Auto Care,FALSE
SRV-000499,VEH-00753,06/06/2025,AC Repair,24665,32739,3,Hickshaven Auto Care,TRUE
SRV-000500,VEH-01728,02/04/2025,Suspension Repair,30753,5638,1,North Kristenton Auto Care,FALSE
SRV-000501,VEH-02539,08/01/2025,Bodywork/Panel Repair,14628,1745,0,Port Donaldbury Auto Care,FALSE
SRV-000502,VEH-00054,01/03/2024,Bodywork/Panel Repair,60629,7250,1,Perezland Auto Care,FALSE
SRV-000503,VEH-00612,06/06/2024,Tire Rotation,1114,8796,1,Montoyafurt Auto Care,FALSE
SRV-000504,VEH-00617,11/12/2022,Battery Replacement,14588,17711,0,South Cody Auto Care,FALSE
SRV-000505,VEH-01684,13/02/2025,AC Repair,6208,6076,0,South Allison Auto Care,FALSE
SRV-000506,VEH-01685,05/06/2025,Transmission Service,54413,5555,1,Monicahaven Auto Care,FALSE
SRV-000507,VEH-02494,06/01/2026,Engine Diagnostic,2576,3104,1,Mullenside Auto Care,FALSE
SRV-000508,VEH-02261,23/01/2023,Bodywork/Panel Repair,42298,36808,3,Port Stephanie Auto Care,FALSE
SRV-000509,VEH-00269,17/09/2023,Full Service,30374,62224,0,Victormouth Auto Care,FALSE
SRV-000510,VEH-02344,29/11/2025,Battery Replacement,8592,33402,3,West Theresatown Auto Care,TRUE
SRV-000511,VEH-02615,29/06/2025,AC Repair,24622,9743,1,Thomastown Auto Care,FALSE
SRV-000512,VEH-00387,27/05/2025,Recall Fix,0,167424,0,East Whitneyburgh Auto Care,FALSE
SRV-000513,VEH-00127,19/02/2023,Oil Change,4377,13152,1,North Janet Auto Care,FALSE
SRV-000514,VEH-00219,13/09/2025,Transmission Service,58010,6324,3,Maryburgh Auto Care,FALSE
SRV-000515,VEH-00157,22/01/2024,Oil Change,5317,23445,1,Port Jodibury Auto Care,TRUE
SRV-000516,VEH-01312,28/10/2022,Recall Fix,0,29337,0,Kathleenport Auto Care,TRUE
SRV-000517,VEH-02915,11/05/2024,AC Repair,11207,9221,2,Patelshire Auto Care,FALSE
SRV-000518,VEH-01870,30/12/2023,Oil Change,4352,46391,3,Port Mark Auto Care,TRUE
SRV-000519,VEH-01701,28/06/2024,Transmission Service,54302,5756,0,West Bethany Auto Care,TRUE
SRV-000520,VEH-00151,17/04/2026,Wheel Alignment,1984,6243,1,Port Andrewland Auto Care,FALSE
SRV-000521,VEH-01766,31/03/2025,Suspension Repair,31878,14609,0,Barnesbury Auto Care,FALSE
SRV-000522,VEH-01201,14/10/2023,Recall Fix,0,11262,1,Michaelton Auto Care,FALSE
SRV-000523,VEH-01139,01/11/2023,Engine Diagnostic,2350,23204,1,New Michaelland Auto Care,FALSE
SRV-000524,VEH-00926,30/07/2023,Engine Diagnostic,4211,8738,0,East Anthonyfurt Auto Care,FALSE
SRV-000525,VEH-01453,22/05/2026,AC Repair,11350,187960,0,Jonestown Auto Care,FALSE
SRV-000526,VEH-01347,19/05/2024,Bodywork/Panel Repair,47514,3286,2,South Ginafurt Auto Care,FALSE
SRV-000527,VEH-00610,06/02/2025,Full Service,39705,10283,0,Melissaport Auto Care,FALSE
SRV-000528,VEH-02514,13/02/2026,Battery Replacement,14680,9871,0,Port Danielle Auto Care,TRUE
SRV-000529,VEH-02578,13/11/2022,Battery Replacement,16717,51516,1,Martinezport Auto Care,FALSE
SRV-000530,VEH-00771,01/01/2026,Wheel Alignment,3345,20635,0,New Danielfurt Auto Care,FALSE
SRV-000531,VEH-01625,05/03/2025,Engine Diagnostic,3222,58603,1,Munozbury Auto Care,FALSE
SRV-000532,VEH-02474,20/01/2026,Recall Fix,0,51015,0,Jonathanview Auto Care,TRUE
SRV-000533,VEH-00859,21/12/2022,Oil Change,5745,94887,1,Mitchellberg Auto Care,FALSE
SRV-000534,VEH-00484,09/05/2026,Battery Replacement,9918,10478,1,Vernonmouth Auto Care,FALSE
SRV-000535,VEH-01845,18/06/2023,Oil Change,5333,26815,0,Port Jeffreyshire Auto Care,FALSE
SRV-000536,VEH-00664,23/06/2024,Full Service,35200,8358,1,Lake Tammy Auto Care,FALSE
SRV-000537,VEH-01678,21/05/2023,Wheel Alignment,3807,4742,0,Lake Teresaland Auto Care,FALSE
SRV-000538,VEH-01538,21/06/2024,Full Service,26677,62452,1,Lake Tanyashire Auto Care,FALSE
SRV-000539,VEH-01957,12/08/2025,Recall Fix,0,5511,2,Stephaniefort Auto Care,TRUE
SRV-000540,VEH-00907,11/11/2025,Bodywork/Panel Repair,23092,12352,1,Port James Auto Care,FALSE
SRV-000541,VEH-02478,16/07/2026,Full Service,31596,11085,3,North Scottfurt Auto Care,FALSE
SRV-000542,VEH-02704,14/07/2024,Wheel Alignment,2269,56705,1,Sanchezmouth Auto Care,FALSE
SRV-000543,VEH-00929,22/04/2023,Wheel Alignment,2910,15029,1,Lake Amystad Auto Care,TRUE
SRV-000544,VEH-02990,30/01/2026,Wheel Alignment,2561,27866,1,Port Michael Auto Care,TRUE
SRV-000545,VEH-02058,19/10/2023,Suspension Repair,39192,839,1,Port Lindafort Auto Care,TRUE
SRV-000546,VEH-01969,26/11/2022,Oil Change,3714,49971,0,Heatherland Auto Care,FALSE
SRV-000547,VEH-00830,02/04/2026,Recall Fix,0,2528,1,Port Robert Auto Care,FALSE
SRV-000548,VEH-02464,21/05/2024,Full Service,24249,71758,2,Patrickview Auto Care,FALSE
SRV-000549,VEH-02927,01/03/2023,Battery Replacement,12769,13658,3,Stewartfurt Auto Care,TRUE
SRV-000550,VEH-01727,08/07/2024,Oil Change,4413,59897,1,Davismouth Auto Care,FALSE
SRV-000551,VEH-00016,08/01/2026,Battery Replacement,8881,4978,0,North Lynnberg Auto Care,FALSE
SRV-000552,VEH-01879,25/11/2022,Oil Change,4756,19841,0,Smithhaven Auto Care,FALSE
SRV-000553,VEH-02798,30/08/2025,Oil Change,2847,9893,2,Lake Matthewhaven Auto Care,FALSE
SRV-000554,VEH-01563,01/01/2026,Brake Inspection,6051,71272,1,Port Michael Auto Care,FALSE
SRV-000555,VEH-02092,13/07/2024,Tire Rotation,1293,43920,0,Welchburgh Auto Care,FALSE
SRV-000556,VEH-00342,25/02/2026,Full Service,25997,59790,0,Whitemouth Auto Care,FALSE
SRV-000557,VEH-02289,27/04/2023,Battery Replacement,19372,39145,3,Stevenland Auto Care,FALSE
SRV-000558,VEH-02468,21/03/2024,Bodywork/Panel Repair,117311,35999,0,Lake Jenniferbury Auto Care,FALSE
SRV-000559,VEH-00360,14/07/2023,Wheel Alignment,3512,25324,1,Monicahaven Auto Care,FALSE
SRV-000560,VEH-00417,24/06/2025,Wheel Alignment,2177,21113,2,Amandahaven Auto Care,FALSE
SRV-000561,VEH-00038,06/07/2024,Wheel Alignment,3302,32641,0,New Ryanhaven Auto Care,FALSE
SRV-000562,VEH-01567,19/11/2025,AC Repair,12899,15060,1,Port Alejandro Auto Care,FALSE
SRV-000563,VEH-00148,23/10/2023,AC Repair,20015,31758,0,West Stephanie Auto Care,FALSE
SRV-000564,VEH-01869,03/06/2023,Battery Replacement,15821,37418,0,Fernandezborough Auto Care,FALSE
SRV-000565,VEH-00964,17/04/2023,Oil Change,4588,48135,0,Lake Hannahland Auto Care,FALSE
SRV-000566,VEH-02991,06/10/2025,AC Repair,12956,64559,3,East Rachel Auto Care,TRUE
SRV-000567,VEH-00675,18/01/2025,Wheel Alignment,3927,20068,0,North Annette Auto Care,TRUE
SRV-000568,VEH-00680,05/12/2023,Brake Inspection,4148,80257,1,North Johnchester Auto Care,FALSE
SRV-000569,VEH-02038,14/03/2024,Oil Change,2784,77931,3,Marthashire Auto Care,FALSE
SRV-000570,VEH-02401,19/07/2025,Oil Change,2920,13156,1,North Patriciaton Auto Care,FALSE
SRV-000571,VEH-00392,17/06/2026,Bodywork/Panel Repair,105447,86046,1,Ryantown Auto Care,TRUE
SRV-000572,VEH-00180,13/05/2023,Battery Replacement,8698,15005,3,Shannonfort Auto Care,TRUE
SRV-000573,VEH-00750,22/11/2022,Bodywork/Panel Repair,62216,18559,3,New Markton Auto Care,FALSE
SRV-000574,VEH-01943,06/05/2023,AC Repair,13263,19523,3,Mossshire Auto Care,TRUE
SRV-000575,VEH-00336,06/10/2022,Suspension Repair,26270,6588,0,Peterfurt Auto Care,FALSE
SRV-000576,VEH-00284,22/04/2025,Transmission Service,50405,20212,0,Port Brookeshire Auto Care,FALSE
SRV-000577,VEH-01862,10/08/2026,Bodywork/Panel Repair,100486,26170,1,New Kathyhaven Auto Care,FALSE
SRV-000578,VEH-00831,09/07/2024,Suspension Repair,20750,146605,3,Alyssaside Auto Care,FALSE
SRV-000579,VEH-01486,14/07/2023,Wheel Alignment,1839,6797,0,Andersonshire Auto Care,TRUE
SRV-000580,VEH-01979,08/08/2026,Oil Change,3685,28947,0,Millerborough Auto Care,FALSE
SRV-000581,VEH-01505,22/05/2024,Transmission Service,20093,12924,1,Powersfort Auto Care,FALSE
SRV-000582,VEH-00536,02/07/2026,Full Service,13945,49092,1,South Sallymouth Auto Care,FALSE
SRV-000583,VEH-00259,02/02/2024,Recall Fix,0,17287,0,New Robert Auto Care,FALSE
SRV-000584,VEH-01155,29/08/2026,Bodywork/Panel Repair,119615,7561,3,Sarahburgh Auto Care,TRUE
SRV-000585,VEH-02733,31/08/2025,Brake Inspection,3843,614,3,Deanstad Auto Care,TRUE
SRV-000586,VEH-00087,15/05/2026,Brake Inspection,6412,6266,0,Jasminemouth Auto Care,FALSE
SRV-000587,VEH-00287,02/09/2026,Wheel Alignment,2951,49424,0,Lake Danaville Auto Care,FALSE
SRV-000588,VEH-00738,02/09/2025,Brake Inspection,3275,32,3,West Mark Auto Care,FALSE
SRV-000589,VEH-00498,07/06/2023,Transmission Service,43803,22471,0,Goodwinfort Auto Care,FALSE
SRV-000590,VEH-02557,20/11/2022,Recall Fix,0,13230,0,Benjaminside Auto Care,FALSE
SRV-000591,VEH-00159,26/02/2026,Transmission Service,36412,116760,0,Morganmouth Auto Care,FALSE
SRV-000592,VEH-00636,28/11/2022,Battery Replacement,10447,7567,1,Russellview Auto Care,FALSE
SRV-000593,VEH-02406,28/12/2023,Battery Replacement,15493,18936,2,New Juliaside Auto Care,TRUE
SRV-000594,VEH-00574,31/12/2024,Wheel Alignment,1545,77877,0,Ramosshire Auto Care,FALSE
SRV-000595,VEH-02664,11/10/2025,Oil Change,5077,152075,0,Michelleville Auto Care,FALSE
SRV-000596,VEH-01431,11/09/2023,AC Repair,17964,39480,1,New Jamesmouth Auto Care,FALSE
SRV-000597,VEH-01768,31/12/2022,Wheel Alignment,2196,101741,1,Mccallland Auto Care,FALSE
SRV-000598,VEH-02466,03/01/2024,Wheel Alignment,1920,13979,0,North Craig Auto Care,TRUE
SRV-000599,VEH-00918,29/11/2023,Tire Rotation,2707,1544,0,Jasonburgh Auto Care,FALSE
SRV-000600,VEH-01733,20/01/2025,Battery Replacement,8243,41231,3,West Allenfurt Auto Care,FALSE
SRV-000601,VEH-00479,27/06/2023,Full Service,34949,42841,3,Thomaschester Auto Care,FALSE
SRV-000602,VEH-01932,28/08/2025,Wheel Alignment,2781,32830,1,Port Michael Auto Care,FALSE
SRV-000603,VEH-01737,09/08/2024,Recall Fix,0,8828,3,East Robert Auto Care,TRUE
SRV-000604,VEH-00334,05/06/2023,Bodywork/Panel Repair,34614,15901,0,Sextonbury Auto Care,FALSE
SRV-000605,VEH-00516,08/12/2022,Bodywork/Panel Repair,17483,16783,1,East Kevinport Auto Care,TRUE
SRV-000606,VEH-02424,20/01/2024,Oil Change,4720,26319,1,Riosport Auto Care,FALSE
SRV-000607,VEH-01756,25/02/2026,Transmission Service,39899,10776,1,Port Gregory Auto Care,FALSE
SRV-000608,VEH-00155,01/01/2023,Wheel Alignment,2656,46899,2,Port Rosemouth Auto Care,TRUE
SRV-000609,VEH-01770,29/12/2023,Transmission Service,54718,32411,0,Hartville Auto Care,FALSE
SRV-000610,VEH-02917,21/10/2024,Bodywork/Panel Repair,18244,16317,2,Phamborough Auto Care,FALSE
SRV-000611,VEH-00137,23/12/2022,Full Service,35665,30562,0,Knighttown Auto Care,FALSE
SRV-000612,VEH-01364,03/03/2025,Brake Inspection,3619,14678,0,Lake Monicashire Auto Care,FALSE
SRV-000613,VEH-01018,01/05/2025,Engine Diagnostic,4124,40615,1,Randychester Auto Care,FALSE
SRV-000614,VEH-01209,09/01/2023,Bodywork/Panel Repair,110080,5621,1,Smithshire Auto Care,FALSE
SRV-000615,VEH-02659,26/04/2024,Brake Inspection,5314,33233,0,North Karenborough Auto Care,TRUE
SRV-000616,VEH-00796,10/10/2025,Engine Diagnostic,2399,3242,0,Richardburgh Auto Care,FALSE
SRV-000617,VEH-01045,02/02/2024,Wheel Alignment,2411,29824,1,Steeleberg Auto Care,FALSE
SRV-000618,VEH-01561,11/01/2023,Brake Inspection,6034,3006,2,Lake Connieton Auto Care,FALSE
SRV-000619,VEH-01362,05/05/2023,Transmission Service,26995,57189,1,West Shawnshire Auto Care,FALSE
SRV-000620,VEH-02227,22/09/2025,Engine Diagnostic,4797,40116,3,Nathanieltown Auto Care,FALSE
SRV-000621,VEH-01694,26/02/2026,Tire Rotation,1608,12593,0,Port Jonathanview Auto Care,FALSE
SRV-000622,VEH-01472,18/01/2023,Wheel Alignment,1520,34879,0,Ronaldfurt Auto Care,FALSE
SRV-000623,VEH-00608,17/08/2025,Oil Change,4759,71873,0,North Sierra Auto Care,FALSE
SRV-000624,VEH-00347,29/04/2024,Full Service,27393,11683,0,Kempfort Auto Care,TRUE
SRV-000625,VEH-00088,27/04/2024,Engine Diagnostic,4819,4455,0,Mooreburgh Auto Care,FALSE
SRV-000626,VEH-02595,29/10/2022,Battery Replacement,10951,1669,0,North Shannon Auto Care,FALSE
SRV-000627,VEH-02504,12/01/2025,Transmission Service,45315,106731,1,Port Samantha Auto Care,TRUE
SRV-000628,VEH-01750,21/08/2023,Engine Diagnostic,4806,78494,1,West Jamestown Auto Care,FALSE
SRV-000629,VEH-00925,27/03/2023,Engine Diagnostic,3560,6925,0,Lake Timothy Auto Care,FALSE
SRV-000630,VEH-02436,27/05/2024,AC Repair,22440,7674,0,Lake Stephentown Auto Care,FALSE
SRV-000631,VEH-02331,04/08/2025,Brake Inspection,6722,28901,1,East Patricia Auto Care,FALSE
SRV-000632,VEH-00687,03/12/2023,Suspension Repair,38531,12304,0,Port Kimberly Auto Care,TRUE
SRV-000633,VEH-02710,14/09/2023,Oil Change,3120,6315,0,Vancefort Auto Care,FALSE
SRV-000634,VEH-01432,19/08/2026,Brake Inspection,3916,119301,1,Robertfort Auto Care,FALSE
SRV-000635,VEH-00229,02/05/2025,Engine Diagnostic,4217,10331,1,Selenafurt Auto Care,TRUE
SRV-000636,VEH-00764,01/06/2026,Battery Replacement,10745,14476,1,Jamesburgh Auto Care,FALSE
SRV-000637,VEH-00182,30/11/2023,Recall Fix,0,45802,1,Port Kellyport Auto Care,FALSE
SRV-000638,VEH-00267,26/05/2023,Tire Rotation,2879,36271,2,Banksside Auto Care,FALSE
SRV-000639,VEH-02934,21/04/2025,Wheel Alignment,3161,25134,1,South Scottfort Auto Care,FALSE
SRV-000640,VEH-00675,05/06/2026,Suspension Repair,14388,9289,3,Samuelstad Auto Care,FALSE
SRV-000641,VEH-02008,26/12/2024,Suspension Repair,12376,2877,0,Ericamouth Auto Care,FALSE
SRV-000642,VEH-01852,26/01/2025,Recall Fix,0,42554,2,Prestonport Auto Care,FALSE
SRV-000643,VEH-02683,17/04/2024,Battery Replacement,14434,2105,1,Port Heatherburgh Auto Care,FALSE
SRV-000644,VEH-01946,30/11/2023,Brake Inspection,2152,8407,0,South Ashley Auto Care,FALSE
SRV-000645,VEH-00230,12/11/2023,Suspension Repair,30024,6817,1,Medinaberg Auto Care,FALSE
SRV-000646,VEH-02355,04/05/2026,Brake Inspection,6445,40058,2,Christopherstad Auto Care,FALSE
SRV-000647,VEH-01495,08/05/2023,Engine Diagnostic,2096,55593,1,Lake Adrienne Auto Care,FALSE
SRV-000648,VEH-00594,01/07/2026,Brake Inspection,4360,64516,0,West Daniel Auto Care,FALSE
SRV-000649,VEH-02681,28/01/2025,Battery Replacement,19747,1960,2,Castillofurt Auto Care,TRUE
SRV-000650,VEH-00274,04/10/2023,Wheel Alignment,2982,22080,1,Victorialand Auto Care,FALSE
SRV-000651,VEH-00088,25/11/2023,Full Service,22949,5032,1,Anitafort Auto Care,FALSE
SRV-000652,VEH-00990,25/07/2025,Suspension Repair,16470,44771,1,Alexandermouth Auto Care,FALSE
SRV-000653,VEH-01352,20/06/2024,Tire Rotation,1816,8947,0,New Sean Auto Care,FALSE
SRV-000654,VEH-01401,20/10/2025,Tire Rotation,2982,4626,0,North Jameshaven Auto Care,TRUE
SRV-000655,VEH-00802,07/01/2025,Suspension Repair,42901,162137,0,Phelpsburgh Auto Care,FALSE
SRV-000656,VEH-02097,06/11/2024,Battery Replacement,8544,2816,1,Russochester Auto Care,FALSE
SRV-000657,VEH-01195,20/12/2022,Tire Rotation,2466,2211,0,Contrerashaven Auto Care,FALSE
SRV-000658,VEH-01521,11/02/2026,Oil Change,3961,3818,0,Kimport Auto Care,FALSE
SRV-000659,VEH-01784,03/11/2025,Tire Rotation,1011,49927,3,North Mark Auto Care,FALSE
SRV-000660,VEH-02790,21/09/2025,AC Repair,12468,11428,1,Lake Lorimouth Auto Care,FALSE
SRV-000661,VEH-00430,26/09/2024,Oil Change,4503,61029,0,Richardberg Auto Care,FALSE
SRV-000662,VEH-01541,27/03/2026,Brake Inspection,6321,13331,1,South Jasonchester Auto Care,TRUE
SRV-000663,VEH-00752,21/02/2024,Tire Rotation,1177,12308,0,New Jennifermouth Auto Care,FALSE
SRV-000664,VEH-00174,07/01/2026,Brake Inspection,4077,10896,1,West Jesseberg Auto Care,FALSE
SRV-000665,VEH-01627,02/01/2023,Wheel Alignment,2276,48609,0,Patriciabury Auto Care,FALSE
SRV-000666,VEH-02395,06/10/2025,Brake Inspection,4401,21856,0,Lake Christina Auto Care,TRUE
SRV-000667,VEH-01379,18/06/2025,Wheel Alignment,2327,21155,0,Hansonside Auto Care,FALSE
SRV-000668,VEH-02803,02/12/2025,Tire Rotation,1424,64798,1,Guerrerochester Auto Care,FALSE
SRV-000669,VEH-01235,28/01/2024,Full Service,25422,92572,1,Lake Jonchester Auto Care,FALSE
SRV-000670,VEH-00955,03/03/2026,Battery Replacement,18203,11030,3,Port Kristinafort Auto Care,TRUE
SRV-000671,VEH-01224,17/10/2022,Tire Rotation,1012,2035,3,Ashleychester Auto Care,FALSE
SRV-000672,VEH-01214,14/09/2024,Battery Replacement,19014,24209,1,North Wendymouth Auto Care,TRUE
SRV-000673,VEH-00139,22/04/2024,Suspension Repair,13083,11249,0,East Paul Auto Care,FALSE
SRV-000674,VEH-01351,24/01/2023,Engine Diagnostic,4108,34882,0,West Wanda Auto Care,FALSE
SRV-000675,VEH-02578,25/07/2026,Brake Inspection,6255,44127,2,Matthewstad Auto Care,FALSE
SRV-000676,VEH-00317,15/10/2025,Brake Inspection,6583,5190,1,Hoffmanborough Auto Care,FALSE
SRV-000677,VEH-01254,24/08/2026,Oil Change,4462,122540,1,Dannyside Auto Care,TRUE
SRV-000678,VEH-00333,01/10/2023,Brake Inspection,4114,459,3,North Shelia Auto Care,TRUE
SRV-000679,VEH-02007,02/07/2023,Oil Change,3753,40691,3,Port Nicole Auto Care,FALSE
SRV-000680,VEH-02361,13/10/2025,Wheel Alignment,2987,1821,3,North Jasonland Auto Care,FALSE
SRV-000681,VEH-00527,11/11/2024,Wheel Alignment,3218,37727,2,North Douglasview Auto Care,TRUE
SRV-000682,VEH-02258,16/04/2025,Engine Diagnostic,2455,135866,0,North Jenniferside Auto Care,FALSE
SRV-000683,VEH-00908,25/10/2023,Bodywork/Panel Repair,99128,2575,1,Beltranmouth Auto Care,TRUE
SRV-000684,VEH-00804,15/03/2026,Engine Diagnostic,3004,97451,2,Michaelfort Auto Care,TRUE
SRV-000685,VEH-02107,14/10/2023,Suspension Repair,22291,37755,0,Gloriaborough Auto Care,FALSE
SRV-000686,VEH-02714,16/05/2023,Tire Rotation,1424,14936,0,East Nicole Auto Care,TRUE
SRV-000687,VEH-00565,10/01/2023,Oil Change,5058,147018,0,East Virginia Auto Care,FALSE
SRV-000688,VEH-01439,26/09/2025,Wheel Alignment,3780,24503,0,New Laurabury Auto Care,FALSE
SRV-000689,VEH-02567,03/07/2024,Bodywork/Panel Repair,84992,122508,1,Carpenterview Auto Care,FALSE
SRV-000690,VEH-00209,21/05/2025,Transmission Service,40598,6447,0,West Briana Auto Care,FALSE
SRV-000691,VEH-01047,17/06/2025,Full Service,27978,201,0,New Josephhaven Auto Care,FALSE
SRV-000692,VEH-01755,11/03/2026,Recall Fix,0,2015,0,Clarkshire Auto Care,FALSE
SRV-000693,VEH-02223,22/01/2026,AC Repair,21617,10489,2,Staffordhaven Auto Care,FALSE
SRV-000694,VEH-00323,23/11/2023,Full Service,27826,472,3,Ronaldfort Auto Care,FALSE
SRV-000695,VEH-02235,11/03/2023,AC Repair,24138,55045,2,South Brian Auto Care,FALSE
SRV-000696,VEH-00910,07/05/2023,Engine Diagnostic,3995,5883,3,Robinfurt Auto Care,TRUE
SRV-000697,VEH-01087,07/05/2026,Recall Fix,0,24687,3,Michaelside Auto Care,FALSE
SRV-000698,VEH-02976,07/05/2025,Full Service,26336,10667,1,New Bryanfurt Auto Care,FALSE
SRV-000699,VEH-02011,09/09/2026,Full Service,36378,35214,0,New Kennethhaven Auto Care,FALSE
SRV-000700,VEH-00607,31/07/2023,Suspension Repair,36031,33836,0,Port Robertchester Auto Care,TRUE
SRV-000701,VEH-02470,22/12/2023,Suspension Repair,30040,6980,0,Lemouth Auto Care,FALSE
SRV-000702,VEH-01781,13/11/2024,Battery Replacement,11452,100297,1,Thompsonview Auto Care,TRUE
SRV-000703,VEH-01012,16/11/2023,Engine Diagnostic,4191,29617,2,Paulbury Auto Care,TRUE
SRV-000704,VEH-02224,31/01/2023,Suspension Repair,19410,91270,2,Lake Alyssa Auto Care,FALSE
SRV-000705,VEH-02118,05/12/2023,Brake Inspection,7481,6041,0,Lake Sarah Auto Care,FALSE
SRV-000706,VEH-01649,13/03/2025,Wheel Alignment,3071,38393,2,South Kevin Auto Care,FALSE
SRV-000707,VEH-01991,12/10/2023,Transmission Service,20905,36838,0,New Zacharyland Auto Care,TRUE
SRV-000708,VEH-02664,06/05/2023,Recall Fix,0,150415,3,North Hunter Auto Care,FALSE
SRV-000709,VEH-02613,07/12/2025,Transmission Service,42637,115451,0,West Dianaberg Auto Care,FALSE
SRV-000710,VEH-01103,24/06/2025,Engine Diagnostic,2784,3101,0,Christianfurt Auto Care,FALSE
SRV-000711,VEH-01227,25/11/2024,Brake Inspection,7265,6138,1,Antonioport Auto Care,TRUE
SRV-000712,VEH-00685,23/04/2026,Full Service,13970,72046,1,Lake Paulmouth Auto Care,FALSE
SRV-000713,VEH-02868,09/06/2023,Full Service,33861,15969,1,South Alan Auto Care,TRUE
SRV-000714,VEH-00598,29/12/2025,AC Repair,22847,48773,3,Jimenezstad Auto Care,FALSE
SRV-000715,VEH-01967,24/01/2023,Wheel Alignment,3383,58830,0,Port Brandonburgh Auto Care,TRUE
SRV-000716,VEH-01021,30/05/2023,Bodywork/Panel Repair,73052,213185,1,Johnsonbury Auto Care,FALSE
SRV-000717,VEH-00472,15/12/2023,Transmission Service,52820,25023,2,Hicksport Auto Care,FALSE
SRV-000718,VEH-00758,03/10/2023,Tire Rotation,2845,6719,0,South Taylor Auto Care,FALSE
SRV-000719,VEH-02926,29/10/2023,Full Service,17913,1397,1,Robertbury Auto Care,TRUE
SRV-000720,VEH-01008,24/01/2023,Bodywork/Panel Repair,47173,162,0,Port Lindaborough Auto Care,FALSE
SRV-000721,VEH-01030,01/05/2023,Brake Inspection,6441,23573,1,East Amy Auto Care,FALSE
SRV-000722,VEH-01753,23/07/2025,Bodywork/Panel Repair,74666,16913,1,Lisabury Auto Care,FALSE
SRV-000723,VEH-01309,19/08/2024,Bodywork/Panel Repair,98943,167686,2,Benjaminfort Auto Care,FALSE
SRV-000724,VEH-00683,27/09/2023,AC Repair,11724,3873,0,Lake Michaelmouth Auto Care,FALSE
SRV-000725,VEH-02951,08/01/2025,Brake Inspection,6379,237362,3,North Christine Auto Care,FALSE
SRV-000726,VEH-00012,02/07/2026,Battery Replacement,11930,8963,2,Kathleenchester Auto Care,FALSE
SRV-000727,VEH-01837,20/01/2025,Recall Fix,0,122304,1,East Joseph Auto Care,FALSE
SRV-000728,VEH-00517,17/02/2023,Oil Change,4992,6836,3,Lake Elizabeth Auto Care,FALSE
SRV-000729,VEH-02468,28/01/2023,Suspension Repair,25951,39235,0,West Stephanie Auto Care,FALSE
SRV-000730,VEH-01353,16/04/2024,Oil Change,5205,6762,0,Lake Christina Auto Care,FALSE
SRV-000731,VEH-02246,31/08/2025,Transmission Service,18210,7559,1,North Thomas Auto Care,FALSE
SRV-000732,VEH-01525,30/03/2023,Transmission Service,57600,15550,0,Danielmouth Auto Care,TRUE
SRV-000733,VEH-01127,21/09/2024,Brake Inspection,7384,7603,2,Lake Robertton Auto Care,FALSE
SRV-000734,VEH-01465,05/09/2024,Oil Change,3477,8008,3,Deckerburgh Auto Care,FALSE
SRV-000735,VEH-02447,25/04/2026,Brake Inspection,3997,4330,1,Jonmouth Auto Care,FALSE
SRV-000736,VEH-01321,05/01/2024,Transmission Service,31805,43139,1,Nguyenmouth Auto Care,FALSE
SRV-000737,VEH-00083,11/01/2023,Full Service,13097,125076,3,East Marystad Auto Care,FALSE
SRV-000738,VEH-02830,04/03/2026,Transmission Service,25880,13730,0,Mcbridefort Auto Care,FALSE
SRV-000739,VEH-01299,19/08/2023,Tire Rotation,1116,26262,1,Lake Bobport Auto Care,FALSE
SRV-000740,VEH-00422,28/05/2023,Wheel Alignment,1812,90175,1,Brockmouth Auto Care,TRUE
SRV-000741,VEH-00316,17/04/2025,Tire Rotation,1135,7589,1,Mercadoshire Auto Care,FALSE
SRV-000742,VEH-01089,04/12/2023,Transmission Service,42567,27498,1,Ricestad Auto Care,FALSE
SRV-000743,VEH-00425,01/12/2024,Engine Diagnostic,4969,175,1,Lake Cory Auto Care,FALSE
SRV-000744,VEH-01252,15/10/2022,Recall Fix,0,322,0,East Melodyside Auto Care,TRUE
SRV-000745,VEH-02116,16/08/2025,Oil Change,4772,73097,0,Wesleyfort Auto Care,FALSE
SRV-000746,VEH-02513,24/04/2023,Oil Change,5221,20581,2,Leeburgh Auto Care,TRUE
SRV-000747,VEH-02247,09/09/2025,Engine Diagnostic,3457,1341,2,Bellburgh Auto Care,FALSE
SRV-000748,VEH-02525,27/10/2024,Engine Diagnostic,2626,5907,2,New Ericport Auto Care,FALSE
SRV-000749,VEH-01430,09/07/2023,Tire Rotation,1436,92637,0,Lake Adambury Auto Care,FALSE
SRV-000750,VEH-00125,27/01/2025,Wheel Alignment,3920,23090,2,Olsenhaven Auto Care,FALSE
SRV-000751,VEH-01212,25/04/2026,Recall Fix,0,25707,0,South Johnchester Auto Care,FALSE
SRV-000752,VEH-01319,15/09/2026,Tire Rotation,2127,34675,1,Ashleyfort Auto Care,FALSE
SRV-000753,VEH-01372,30/11/2022,Battery Replacement,16794,77656,1,Wongmouth Auto Care,FALSE
SRV-000754,VEH-02821,13/03/2025,AC Repair,7104,1759,1,Lake Jessicaville Auto Care,TRUE
SRV-000755,VEH-00501,16/02/2025,Brake Inspection,1759,4832,1,Alvaradoview Auto Care,FALSE
SRV-000756,VEH-01385,03/09/2023,Recall Fix,0,90887,0,West Robert Auto Care,FALSE
SRV-000757,VEH-02053,16/07/2023,Engine Diagnostic,4553,11706,2,Kristinaburgh Auto Care,TRUE
SRV-000758,VEH-02023,17/01/2023,Transmission Service,45911,72824,2,Port Davidhaven Auto Care,FALSE
SRV-000759,VEH-02633,27/09/2024,AC Repair,7100,16692,2,Lake Bradleytown Auto Care,FALSE
SRV-000760,VEH-02277,27/11/2022,Suspension Repair,22109,67647,0,East David Auto Care,FALSE
SRV-000761,VEH-02274,20/12/2022,Wheel Alignment,3983,13552,1,Joeburgh Auto Care,TRUE
SRV-000762,VEH-01663,01/12/2022,Tire Rotation,2445,30281,1,New Jennifer Auto Care,FALSE
SRV-000763,VEH-02827,13/05/2024,Recall Fix,0,19278,3,New Ashleytown Auto Care,FALSE
SRV-000764,VEH-00234,22/12/2023,Transmission Service,33230,6296,0,Reyesmouth Auto Care,FALSE
SRV-000765,VEH-01173,26/03/2023,Battery Replacement,16316,16052,0,Port Christopherfort Auto Care,FALSE
SRV-000766,VEH-02391,29/05/2026,Battery Replacement,11319,16831,1,West Lisa Auto Care,FALSE
SRV-000767,VEH-02919,29/03/2026,Tire Rotation,1769,6215,1,Pennyville Auto Care,FALSE
SRV-000768,VEH-00885,02/01/2026,Suspension Repair,36763,138827,2,South Jameston Auto Care,TRUE
SRV-000769,VEH-01436,05/02/2026,Transmission Service,15839,5731,3,Barneston Auto Care,FALSE
SRV-000770,VEH-02859,12/11/2025,Oil Change,2692,8301,0,Robertsonhaven Auto Care,TRUE
SRV-000771,VEH-00640,15/04/2024,Suspension Repair,39280,2824,1,Loveton Auto Care,FALSE
SRV-000772,VEH-01074,06/07/2023,Wheel Alignment,2069,56303,2,Vaughanborough Auto Care,TRUE
SRV-000773,VEH-01899,02/04/2023,Recall Fix,0,19357,3,Smithstad Auto Care,FALSE
SRV-000774,VEH-01996,17/12/2022,Suspension Repair,25822,10353,1,Lake Kevin Auto Care,FALSE
SRV-000775,VEH-02156,09/06/2026,Suspension Repair,29555,3937,0,Alexisborough Auto Care,TRUE
SRV-000776,VEH-02356,10/04/2023,Bodywork/Panel Repair,54500,43558,2,Muellerton Auto Care,FALSE
SRV-000777,VEH-01260,14/09/2026,Full Service,15474,118676,1,Ericview Auto Care,TRUE
SRV-000778,VEH-01199,17/08/2026,Battery Replacement,8061,14249,2,Lake Tarachester Auto Care,TRUE
SRV-000779,VEH-02225,28/04/2025,Recall Fix,0,31836,1,Kimberlymouth Auto Care,TRUE
SRV-000780,VEH-01645,26/07/2024,Bodywork/Panel Repair,31998,29579,2,Patrickchester Auto Care,FALSE
SRV-000781,VEH-02762,06/05/2024,Suspension Repair,12500,10449,0,Sandersview Auto Care,TRUE
SRV-000782,VEH-02055,26/06/2024,Tire Rotation,2002,2923,0,West Gabrielhaven Auto Care,FALSE
SRV-000783,VEH-02005,12/01/2024,Battery Replacement,15551,8091,3,North Adamtown Auto Care,FALSE
SRV-000784,VEH-01796,18/04/2026,Transmission Service,50812,65675,2,East Kathleenmouth Auto Care,FALSE
SRV-000785,VEH-01004,08/11/2023,Engine Diagnostic,4781,23190,0,South William Auto Care,FALSE
SRV-000786,VEH-00699,24/10/2024,Battery Replacement,15582,32206,0,North Katherinebury Auto Care,FALSE
SRV-000787,VEH-01146,22/11/2024,Full Service,28576,36798,1,East Susan Auto Care,FALSE
SRV-000788,VEH-00678,12/05/2023,Bodywork/Panel Repair,24334,24793,2,Melanieside Auto Care,FALSE
SRV-000789,VEH-01098,01/09/2025,Tire Rotation,2688,41681,2,East Timothy Auto Care,FALSE
SRV-000790,VEH-00382,20/01/2026,Wheel Alignment,2867,130280,3,Lake Jessica Auto Care,TRUE
SRV-000791,VEH-02456,09/06/2026,Tire Rotation,2948,19194,1,Lake Joe Auto Care,FALSE
SRV-000792,VEH-01716,19/02/2024,Bodywork/Panel Repair,100384,33090,2,North Matthewville Auto Care,FALSE
SRV-000793,VEH-00520,26/09/2024,Oil Change,4190,10112,3,Sullivanmouth Auto Care,TRUE
SRV-000794,VEH-00026,10/01/2025,AC Repair,19698,16640,2,Lutzchester Auto Care,FALSE
SRV-000795,VEH-02436,25/01/2023,Suspension Repair,12891,5744,0,Lake Deniseton Auto Care,FALSE
SRV-000796,VEH-02991,25/10/2022,Full Service,24634,65019,3,Carmenville Auto Care,FALSE
SRV-000797,VEH-01987,26/12/2024,Bodywork/Panel Repair,64476,1908,1,Martinview Auto Care,TRUE
SRV-000798,VEH-01911,10/11/2024,Tire Rotation,1299,32159,0,New Jason Auto Care,FALSE
SRV-000799,VEH-02167,12/08/2023,Battery Replacement,17391,12460,0,Williamshire Auto Care,FALSE
SRV-000800,VEH-00180,05/02/2023,Oil Change,3356,9954,3,Brianfurt Auto Care,TRUE
SRV-000801,VEH-01988,28/03/2025,Suspension Repair,34442,76518,0,Stuartbury Auto Care,FALSE
SRV-000802,VEH-01297,06/02/2023,Bodywork/Panel Repair,72443,28184,0,Tarastad Auto Care,FALSE
SRV-000803,VEH-01931,05/06/2025,AC Repair,18969,31339,0,Ericaton Auto Care,FALSE
SRV-000804,VEH-02584,29/06/2025,Full Service,13214,41565,0,New Timothyfort Auto Care,TRUE
SRV-000805,VEH-00069,07/01/2026,Suspension Repair,15620,34232,0,Stevenville Auto Care,TRUE
SRV-000806,VEH-01901,01/09/2025,AC Repair,5824,177005,1,North William Auto Care,TRUE
SRV-000807,VEH-00089,23/12/2025,Brake Inspection,7993,16463,2,Lake Jenny Auto Care,FALSE
SRV-000808,VEH-00388,24/04/2023,AC Repair,16023,10198,0,South Brian Auto Care,TRUE
SRV-000809,VEH-02817,21/11/2025,Battery Replacement,18234,12195,2,Joshuafurt Auto Care,TRUE
SRV-000810,VEH-00923,05/01/2025,Transmission Service,39894,29695,2,Allenborough Auto Care,FALSE
SRV-000811,VEH-00682,02/06/2025,Engine Diagnostic,2842,604,1,East Williamport Auto Care,FALSE
SRV-000812,VEH-01927,12/05/2026,Brake Inspection,6937,177281,0,New Shelleyburgh Auto Care,FALSE
SRV-000813,VEH-01047,10/05/2025,Transmission Service,57792,3223,0,East Stephanie Auto Care,FALSE
SRV-000814,VEH-01134,18/11/2025,Full Service,23573,1814,3,Vickimouth Auto Care,FALSE
SRV-000815,VEH-01448,06/12/2022,Suspension Repair,27026,841,1,South Michellemouth Auto Care,TRUE
SRV-000816,VEH-02357,18/10/2023,AC Repair,9977,2636,0,Port Monica Auto Care,FALSE
SRV-000817,VEH-00778,18/07/2025,AC Repair,22002,135614,2,North Brandonstad Auto Care,FALSE
SRV-000818,VEH-02939,22/07/2023,Suspension Repair,16085,112717,1,Williamsport Auto Care,FALSE
SRV-000819,VEH-02843,04/02/2026,Brake Inspection,3695,32982,0,Millerfort Auto Care,FALSE
SRV-000820,VEH-01735,11/03/2025,Full Service,17549,11886,1,North Courtney Auto Care,FALSE
SRV-000821,VEH-01739,02/01/2025,Brake Inspection,2406,39368,0,South Frederick Auto Care,FALSE
SRV-000822,VEH-02548,28/06/2025,Transmission Service,21348,61155,1,Mcdonaldchester Auto Care,FALSE
SRV-000823,VEH-02259,07/05/2026,Transmission Service,52582,1691,1,South Heatherport Auto Care,FALSE
SRV-000824,VEH-00771,24/03/2023,Tire Rotation,1635,23322,1,Jensenfurt Auto Care,FALSE
SRV-000825,VEH-00161,12/10/2022,Suspension Repair,35448,13235,3,Patrickville Auto Care,FALSE
SRV-000826,VEH-01301,04/02/2023,Brake Inspection,7413,49184,0,New Barbara Auto Care,TRUE
SRV-000827,VEH-00295,29/05/2026,Oil Change,4720,578,1,Lake Andrefort Auto Care,FALSE
SRV-000828,VEH-02555,25/01/2024,AC Repair,6531,27590,1,Torresstad Auto Care,TRUE
SRV-000829,VEH-01494,15/02/2025,Suspension Repair,35933,34346,1,North Brenda Auto Care,FALSE
SRV-000830,VEH-00376,07/02/2024,Recall Fix,0,2732,0,East Hannah Auto Care,FALSE
SRV-000831,VEH-00185,30/07/2023,Suspension Repair,38811,107021,1,West Belindaberg Auto Care,FALSE
SRV-000832,VEH-00771,13/11/2024,Battery Replacement,9661,24358,1,Hintonville Auto Care,FALSE
SRV-000833,VEH-00715,05/12/2024,Wheel Alignment,3216,14259,1,Wilsonfort Auto Care,FALSE
SRV-000834,VEH-00869,04/02/2024,Oil Change,5850,1188,0,Gardnerborough Auto Care,FALSE
SRV-000835,VEH-01893,19/10/2023,Oil Change,2845,25706,1,Donnashire Auto Care,TRUE
SRV-000836,VEH-01289,11/05/2024,Engine Diagnostic,3947,19404,1,Elizabethburgh Auto Care,FALSE
SRV-000837,VEH-00279,21/06/2023,AC Repair,24093,8316,3,South Lisashire Auto Care,FALSE
SRV-000838,VEH-00944,10/07/2026,Bodywork/Panel Repair,60051,23000,2,West Kim Auto Care,TRUE
SRV-000839,VEH-00244,25/12/2024,Transmission Service,33832,325,3,North Alex Auto Care,FALSE
SRV-000840,VEH-00867,19/02/2026,Battery Replacement,13519,1651,3,Amandaside Auto Care,FALSE
SRV-000841,VEH-02533,15/01/2026,Brake Inspection,4166,1926,0,Richardsonbury Auto Care,TRUE
SRV-000842,VEH-01658,25/10/2023,Transmission Service,27488,25987,3,Christinaton Auto Care,FALSE
SRV-000843,VEH-01367,21/11/2024,Battery Replacement,15863,13428,1,Meganport Auto Care,FALSE
SRV-000844,VEH-01143,08/02/2025,Transmission Service,29214,69634,3,North Patricia Auto Care,FALSE
SRV-000845,VEH-02432,13/04/2026,Bodywork/Panel Repair,117440,20884,2,South Jenny Auto Care,TRUE
SRV-000846,VEH-02956,07/06/2023,Recall Fix,0,21479,1,Singletonmouth Auto Care,FALSE
SRV-000847,VEH-00505,20/11/2024,Wheel Alignment,2922,7280,0,West Brandon Auto Care,FALSE
SRV-000848,VEH-02150,19/03/2025,AC Repair,20924,12965,0,East Shelby Auto Care,TRUE
SRV-000849,VEH-02141,13/11/2024,Bodywork/Panel Repair,78940,1067,3,New Christopherfort Auto Care,FALSE
SRV-000850,VEH-02038,06/02/2023,Full Service,39747,73440,3,Hayesville Auto Care,FALSE
SRV-000851,VEH-01186,30/03/2023,Recall Fix,0,20931,3,East Justinburgh Auto Care,FALSE
SRV-000852,VEH-01592,17/12/2022,Suspension Repair,26494,22387,0,Wigginschester Auto Care,FALSE
SRV-000853,VEH-00826,06/01/2023,Transmission Service,36479,914,0,Collinsmouth Auto Care,FALSE
SRV-000854,VEH-00162,14/12/2025,Bodywork/Panel Repair,14157,37182,3,Danielland Auto Care,TRUE
SRV-000855,VEH-01376,13/11/2024,Battery Replacement,18350,20778,1,Danielletown Auto Care,FALSE
SRV-000856,VEH-02056,23/10/2022,Tire Rotation,1545,1348,1,North Karenland Auto Care,FALSE
SRV-000857,VEH-00503,14/09/2023,Suspension Repair,36841,61840,2,North Martha Auto Care,FALSE
SRV-000858,VEH-00299,28/08/2025,Battery Replacement,13258,107900,0,Lake David Auto Care,FALSE
SRV-000859,VEH-01236,29/03/2026,AC Repair,6262,1683,1,West Ruthland Auto Care,FALSE
SRV-000860,VEH-01158,18/02/2023,Battery Replacement,16544,66930,1,Port Kristin Auto Care,FALSE
SRV-000861,VEH-02950,20/06/2025,Suspension Repair,22546,508,1,North Michael Auto Care,FALSE
SRV-000862,VEH-01533,10/06/2025,Bodywork/Panel Repair,102371,14151,2,New Edwardfort Auto Care,FALSE
SRV-000863,VEH-01524,23/09/2026,Suspension Repair,16925,20713,2,West Keith Auto Care,FALSE
SRV-000864,VEH-01966,24/06/2025,Brake Inspection,7416,16256,0,Pageport Auto Care,FALSE
SRV-000865,VEH-02320,08/02/2024,Oil Change,4985,8894,3,Jonesport Auto Care,FALSE
SRV-000866,VEH-00347,19/07/2024,Battery Replacement,11038,1171,3,West Rebeccaside Auto Care,FALSE
SRV-000867,VEH-00424,25/11/2025,Suspension Repair,41039,113300,0,East Rhonda Auto Care,FALSE
SRV-000868,VEH-02392,17/02/2024,Suspension Repair,36341,608,1,Collinston Auto Care,FALSE
SRV-000869,VEH-01313,10/09/2026,Battery Replacement,10616,7750,0,West Zacharyville Auto Care,FALSE
SRV-000870,VEH-01698,20/04/2025,Full Service,39815,52363,3,Lake Emily Auto Care,TRUE
SRV-000871,VEH-00546,10/12/2025,Suspension Repair,32104,4159,3,Port Williambury Auto Care,FALSE
SRV-000872,VEH-01422,07/09/2023,Wheel Alignment,1979,24517,2,Port Julie Auto Care,TRUE
SRV-000873,VEH-00375,18/03/2024,Full Service,23615,16311,1,Martinezfort Auto Care,FALSE
SRV-000874,VEH-01258,03/01/2025,Suspension Repair,28489,2383,1,Stephensland Auto Care,FALSE
SRV-000875,VEH-01911,24/04/2023,AC Repair,24791,33453,1,Powellshire Auto Care,TRUE
SRV-000876,VEH-01845,28/03/2023,Bodywork/Panel Repair,91718,24306,0,Blairshire Auto Care,TRUE
SRV-000877,VEH-01988,28/04/2026,AC Repair,24929,85471,0,Lake Jennifer Auto Care,TRUE
SRV-000878,VEH-01924,05/09/2024,Oil Change,5003,105315,3,Craighaven Auto Care,FALSE
SRV-000879,VEH-00745,10/03/2026,Bodywork/Panel Repair,17849,99465,2,Hortonfurt Auto Care,FALSE
SRV-000880,VEH-01410,30/03/2024,Engine Diagnostic,3461,9540,0,Moraport Auto Care,TRUE
SRV-000881,VEH-00098,03/09/2026,Engine Diagnostic,4548,24685,1,Watsonmouth Auto Care,FALSE
SRV-000882,VEH-02968,13/08/2024,Recall Fix,0,61916,2,Carolinemouth Auto Care,FALSE
SRV-000883,VEH-00212,26/10/2024,AC Repair,8252,55240,1,Olsonhaven Auto Care,FALSE
SRV-000884,VEH-02035,20/10/2022,Tire Rotation,1337,5819,1,South Louischester Auto Care,TRUE
SRV-000885,VEH-02217,18/12/2024,Oil Change,5530,151465,0,East Diana Auto Care,FALSE
SRV-000886,VEH-00034,16/10/2023,Brake Inspection,5045,50447,1,Youngbury Auto Care,FALSE
SRV-000887,VEH-01203,21/02/2025,Battery Replacement,12866,69077,0,West Taylor Auto Care,FALSE
SRV-000888,VEH-00168,08/12/2023,Full Service,23135,25994,0,Lake Jenniferchester Auto Care,FALSE
SRV-000889,VEH-00383,08/11/2024,Recall Fix,0,25382,1,Cabreramouth Auto Care,TRUE
SRV-000890,VEH-01393,16/12/2022,Oil Change,5826,108081,0,Sanchezside Auto Care,FALSE
SRV-000891,VEH-00160,01/08/2026,Transmission Service,22713,16330,1,Josefurt Auto Care,FALSE
SRV-000892,VEH-00979,30/09/2022,Oil Change,4442,113521,0,Ericmouth Auto Care,FALSE
SRV-000893,VEH-02890,20/06/2026,Transmission Service,48660,3957,0,East Carl Auto Care,TRUE
SRV-000894,VEH-02672,30/08/2023,Full Service,28867,49621,0,Lake Martinmouth Auto Care,FALSE
SRV-000895,VEH-00480,18/08/2025,AC Repair,14961,79909,3,Port Courtney Auto Care,TRUE
SRV-000896,VEH-02584,20/12/2024,AC Repair,17267,6457,0,East Tonyaburgh Auto Care,FALSE
SRV-000897,VEH-00705,28/03/2025,Bodywork/Panel Repair,61087,50278,1,Matthewfort Auto Care,FALSE
SRV-000898,VEH-02198,05/06/2024,Suspension Repair,25652,13186,2,North William Auto Care,FALSE
SRV-000899,VEH-01455,07/01/2025,Suspension Repair,34127,34085,0,South Lisa Auto Care,FALSE
SRV-000900,VEH-01201,14/11/2022,Brake Inspection,3829,16792,1,Georgeshire Auto Care,FALSE
SRV-000901,VEH-02958,27/10/2025,Tire Rotation,1634,60069,0,Port Heathertown Auto Care,FALSE
SRV-000902,VEH-00076,05/07/2024,Bodywork/Panel Repair,97408,84045,2,East Gail Auto Care,TRUE
SRV-000903,VEH-02237,30/06/2025,Recall Fix,0,6434,2,West Joycebury Auto Care,TRUE
SRV-000904,VEH-00142,08/01/2026,Recall Fix,0,40474,0,Kellyland Auto Care,TRUE
SRV-000905,VEH-00409,16/02/2025,Engine Diagnostic,2172,2562,0,Collinsmouth Auto Care,FALSE
SRV-000906,VEH-00245,30/09/2022,Bodywork/Panel Repair,48037,70325,1,Amberfurt Auto Care,TRUE
SRV-000907,VEH-02726,23/10/2024,Wheel Alignment,1965,5437,1,North Jacquelineburgh Auto Care,FALSE
SRV-000908,VEH-00599,25/12/2023,Full Service,19543,22215,1,Mariafurt Auto Care,TRUE
SRV-000909,VEH-02427,03/10/2023,Wheel Alignment,2394,104821,3,Jamesstad Auto Care,FALSE
SRV-000910,VEH-01913,07/04/2026,Recall Fix,0,13745,0,New Johnchester Auto Care,FALSE
SRV-000911,VEH-00906,15/09/2026,Transmission Service,48605,7223,1,Lake Heather Auto Care,FALSE
SRV-000912,VEH-01509,08/09/2025,Battery Replacement,11689,24592,1,Maynardburgh Auto Care,FALSE
SRV-000913,VEH-02039,13/11/2023,Oil Change,4160,37183,0,New Catherineburgh Auto Care,TRUE
SRV-000914,VEH-00066,11/02/2025,Suspension Repair,35807,51728,2,Brownbury Auto Care,FALSE
SRV-000915,VEH-02836,05/05/2023,Full Service,28300,160953,0,West Nancyfurt Auto Care,TRUE
SRV-000916,VEH-01228,15/07/2024,Oil Change,4036,55746,1,Brownland Auto Care,FALSE
SRV-000917,VEH-01013,27/11/2024,Recall Fix,0,1258,0,Wilsonville Auto Care,FALSE
SRV-000918,VEH-02886,07/10/2022,Battery Replacement,17718,125888,1,Kristishire Auto Care,FALSE
SRV-000919,VEH-01456,23/02/2026,Full Service,16082,237,1,Lake Pamela Auto Care,FALSE
SRV-000920,VEH-02933,04/10/2024,Wheel Alignment,3583,35072,3,New Michelleside Auto Care,FALSE
SRV-000921,VEH-01821,15/09/2026,Oil Change,3804,50463,0,East Geraldbury Auto Care,FALSE
SRV-000922,VEH-02903,07/03/2023,AC Repair,21473,17091,0,Johnsonton Auto Care,FALSE
SRV-000923,VEH-00662,19/07/2023,Recall Fix,0,56192,1,Paulland Auto Care,FALSE
SRV-000924,VEH-02529,30/09/2024,Wheel Alignment,3094,29149,1,West Christopher Auto Care,TRUE
SRV-000925,VEH-00133,14/10/2024,Engine Diagnostic,2545,52203,1,Rhondaview Auto Care,FALSE
SRV-000926,VEH-00896,20/06/2024,Engine Diagnostic,2583,12881,1,Michaelmouth Auto Care,FALSE
SRV-000927,VEH-02298,06/02/2023,Transmission Service,59361,62336,2,East Michele Auto Care,FALSE
SRV-000928,VEH-02464,15/09/2026,Bodywork/Panel Repair,118810,84063,2,Michaelland Auto Care,FALSE
SRV-000929,VEH-01154,01/07/2024,Recall Fix,0,62004,0,Julieland Auto Care,FALSE
SRV-000930,VEH-02407,21/03/2024,AC Repair,15571,6320,3,Sullivantown Auto Care,FALSE
SRV-000931,VEH-02743,02/09/2025,Transmission Service,51418,21209,0,South James Auto Care,FALSE
SRV-000932,VEH-00816,30/11/2024,Oil Change,4769,36879,0,Espinozahaven Auto Care,FALSE
SRV-000933,VEH-00904,07/06/2024,Brake Inspection,4411,26349,2,Andrewmouth Auto Care,FALSE
SRV-000934,VEH-02284,20/09/2026,Wheel Alignment,2359,12930,2,Josemouth Auto Care,FALSE
SRV-000935,VEH-02677,01/07/2023,AC Repair,18163,10695,0,Melanietown Auto Care,FALSE
SRV-000936,VEH-02021,03/01/2023,Transmission Service,58519,51377,3,South Michaelfurt Auto Care,FALSE
SRV-000937,VEH-01748,03/11/2023,Suspension Repair,43551,161433,0,Smithfurt Auto Care,TRUE
SRV-000938,VEH-00743,03/07/2025,Transmission Service,52342,28928,1,Austinfort Auto Care,TRUE
SRV-000939,VEH-02237,19/10/2024,Suspension Repair,16599,8421,1,Port Meghanview Auto Care,FALSE
SRV-000940,VEH-00827,04/01/2023,Suspension Repair,43012,27424,1,Lauraberg Auto Care,FALSE
SRV-000941,VEH-00008,25/11/2023,Suspension Repair,27689,13414,0,Amychester Auto Care,TRUE
SRV-000942,VEH-01073,26/11/2023,Transmission Service,46244,15349,2,Lake Loriborough Auto Care,FALSE
SRV-000943,VEH-01667,16/03/2024,Recall Fix,0,38522,0,New Andreview Auto Care,FALSE
SRV-000944,VEH-02218,27/07/2023,Tire Rotation,1581,15952,2,Jessicaland Auto Care,FALSE
SRV-000945,VEH-01908,12/04/2026,Suspension Repair,20580,25183,1,Benjaminfurt Auto Care,FALSE
SRV-000946,VEH-01229,22/09/2026,Brake Inspection,6407,3098,3,New Eric Auto Care,TRUE
SRV-000947,VEH-01493,04/10/2025,Tire Rotation,1396,12989,2,Danafurt Auto Care,TRUE
SRV-000948,VEH-02042,13/04/2024,Transmission Service,17995,102048,2,Port Rebeccaberg Auto Care,FALSE
SRV-000949,VEH-01480,21/08/2026,Battery Replacement,13150,25690,0,Millerton Auto Care,FALSE
SRV-000950,VEH-02852,03/01/2024,Tire Rotation,1713,42443,2,Port Geraldview Auto Care,FALSE
SRV-000951,VEH-00435,08/12/2025,Bodywork/Panel Repair,108830,27377,0,New Joseph Auto Care,FALSE
SRV-000952,VEH-00655,28/09/2024,Wheel Alignment,2287,19504,1,Lake Chelseaville Auto Care,TRUE
SRV-000953,VEH-01458,08/03/2025,Brake Inspection,6567,13437,0,Lake Andre Auto Care,FALSE
SRV-000954,VEH-01963,10/12/2022,Recall Fix,0,11759,2,South Michelebury Auto Care,FALSE
SRV-000955,VEH-01573,22/02/2025,Suspension Repair,33742,1652,1,Lake John Auto Care,FALSE
SRV-000956,VEH-02777,20/02/2026,Wheel Alignment,3766,23955,1,Martinezshire Auto Care,FALSE
SRV-000957,VEH-02394,02/09/2023,Wheel Alignment,2935,58314,0,Port Andrea Auto Care,TRUE
SRV-000958,VEH-00217,09/04/2024,Bodywork/Panel Repair,89141,151425,3,Francisville Auto Care,FALSE
SRV-000959,VEH-00430,17/03/2023,Transmission Service,38245,61957,3,Lake Kelly Auto Care,FALSE
SRV-000960,VEH-00559,05/03/2025,Recall Fix,0,10601,3,East Williamborough Auto Care,FALSE
SRV-000961,VEH-00564,30/09/2022,Full Service,16413,36667,1,South Glenbury Auto Care,FALSE
SRV-000962,VEH-01037,16/12/2025,Wheel Alignment,2232,34898,0,New Jasonburgh Auto Care,FALSE
SRV-000963,VEH-00641,16/11/2023,Wheel Alignment,1786,72676,0,Darrenfort Auto Care,TRUE
SRV-000964,VEH-02106,28/02/2025,Engine Diagnostic,2994,1451,1,South Shannonville Auto Care,FALSE
SRV-000965,VEH-00315,20/08/2025,Oil Change,3524,48659,0,Smithland Auto Care,FALSE
SRV-000966,VEH-02527,20/02/2023,Full Service,36813,58993,0,Taylorberg Auto Care,FALSE
SRV-000967,VEH-00826,29/09/2023,AC Repair,22272,33970,1,Lake Mark Auto Care,FALSE
SRV-000968,VEH-02814,04/04/2023,Full Service,12865,703,0,Lake Jason Auto Care,TRUE
SRV-000969,VEH-02801,12/08/2023,AC Repair,6378,64570,3,West Johnchester Auto Care,FALSE
SRV-000970,VEH-00029,13/06/2023,Tire Rotation,2498,1836,0,Ballport Auto Care,FALSE
SRV-000971,VEH-00320,28/03/2024,Full Service,30310,2605,2,Port Josephtown Auto Care,FALSE
SRV-000972,VEH-01895,06/03/2025,Brake Inspection,7173,35544,3,Dalemouth Auto Care,FALSE
SRV-000973,VEH-01972,25/07/2025,Transmission Service,39944,783,3,Davischester Auto Care,FALSE
SRV-000974,VEH-00777,28/01/2025,Tire Rotation,1659,81047,0,New Elizabeth Auto Care,FALSE
SRV-000975,VEH-02351,09/01/2025,Recall Fix,0,11200,0,North Amanda Auto Care,FALSE
SRV-000976,VEH-00528,13/04/2023,Engine Diagnostic,3562,15583,3,Justinside Auto Care,FALSE
SRV-000977,VEH-01302,03/06/2023,Battery Replacement,18619,17016,0,South Jamesberg Auto Care,TRUE
SRV-000978,VEH-02629,11/04/2025,Full Service,18180,75669,2,Smithhaven Auto Care,FALSE
SRV-000979,VEH-02922,27/07/2024,Recall Fix,0,105403,0,Dawnmouth Auto Care,FALSE
SRV-000980,VEH-01425,21/06/2026,Suspension Repair,39607,26645,3,East Tasha Auto Care,FALSE
SRV-000981,VEH-01270,05/06/2023,Brake Inspection,4450,10762,0,East Susan Auto Care,FALSE
SRV-000982,VEH-00136,22/10/2023,AC Repair,17577,29238,0,Port Ryan Auto Care,FALSE
SRV-000983,VEH-00705,29/08/2024,Tire Rotation,1735,49508,0,South William Auto Care,TRUE
SRV-000984,VEH-01384,26/01/2023,Tire Rotation,2801,6467,0,West John Auto Care,FALSE
SRV-000985,VEH-02280,26/12/2023,Suspension Repair,22762,5085,2,Yvettehaven Auto Care,TRUE
SRV-000986,VEH-00004,16/01/2026,Engine Diagnostic,3841,7129,1,Pughside Auto Care,FALSE
SRV-000987,VEH-00798,05/12/2023,Bodywork/Panel Repair,72038,7675,2,Reedtown Auto Care,FALSE
SRV-000988,VEH-00593,01/12/2023,Full Service,13792,10385,0,Stevenland Auto Care,FALSE
SRV-000989,VEH-00598,13/08/2024,Bodywork/Panel Repair,114016,24811,2,Collinsview Auto Care,FALSE
SRV-000990,VEH-02492,17/11/2023,Bodywork/Panel Repair,46719,60060,0,North Maxshire Auto Care,FALSE
SRV-000991,VEH-00376,04/01/2024,Bodywork/Panel Repair,112784,5334,2,South Heatherburgh Auto Care,TRUE
SRV-000992,VEH-01824,12/12/2025,Brake Inspection,1916,11868,0,Jayshire Auto Care,FALSE
SRV-000993,VEH-01078,14/10/2023,Full Service,13698,53021,0,West Kent Auto Care,FALSE
SRV-000994,VEH-00224,17/11/2023,Transmission Service,36871,8003,2,West Jessica Auto Care,TRUE
SRV-000995,VEH-02598,29/03/2023,Bodywork/Panel Repair,63225,43319,0,Luistown Auto Care,FALSE
SRV-000996,VEH-02027,09/12/2025,Tire Rotation,1258,54866,0,Webbview Auto Care,FALSE
SRV-000997,VEH-02992,01/11/2024,Recall Fix,0,8747,3,Lake Amy Auto Care,TRUE
SRV-000998,VEH-01255,01/04/2023,Battery Replacement,11618,32265,1,Elizabethtown Auto Care,FALSE
SRV-000999,VEH-01215,12/08/2026,Full Service,29946,3989,0,Hendersonstad Auto Care,FALSE
SRV-001000,VEH-02818,06/02/2026,Wheel Alignment,3825,8980,0,North Janiceburgh Auto Care,FALSE
SRV-001001,VEH-01145,13/07/2023,AC Repair,7674,5378,0,West Jamesmouth Auto Care,FALSE
SRV-001002,VEH-00636,15/08/2024,Recall Fix,0,4705,0,West Cheyenneport Auto Care,FALSE
SRV-001003,VEH-01656,24/01/2025,Recall Fix,0,186672,2,Martinhaven Auto Care,FALSE
SRV-001004,VEH-02963,19/10/2023,Bodywork/Panel Repair,29928,71099,2,South Dave Auto Care,FALSE
SRV-001005,VEH-02575,20/06/2023,Tire Rotation,1675,1659,1,North Marcus Auto Care,FALSE
SRV-001006,VEH-01900,17/07/2024,Recall Fix,0,702,1,Lake Brett Auto Care,FALSE
SRV-001007,VEH-02027,11/02/2025,Transmission Service,56220,59814,1,New Gregoryfort Auto Care,FALSE
SRV-001008,VEH-02093,18/06/2025,Transmission Service,50078,99484,0,New Walterburgh Auto Care,FALSE
SRV-001009,VEH-01450,18/06/2023,Engine Diagnostic,2318,4750,0,New Margaretstad Auto Care,FALSE
SRV-001010,VEH-01861,27/06/2023,Tire Rotation,2503,63659,1,North Deborahshire Auto Care,FALSE
SRV-001011,VEH-02670,25/11/2023,Wheel Alignment,3749,3925,1,East Cynthia Auto Care,FALSE
SRV-001012,VEH-01863,15/08/2025,Bodywork/Panel Repair,65121,16218,0,Travisland Auto Care,TRUE
SRV-001013,VEH-01987,20/08/2023,Battery Replacement,8032,2916,0,Lake Ericshire Auto Care,FALSE
SRV-001014,VEH-01263,17/04/2023,Engine Diagnostic,3226,119509,1,East Leslietown Auto Care,TRUE
SRV-001015,VEH-02971,20/10/2022,Oil Change,3756,144682,2,East Timothy Auto Care,FALSE
SRV-001016,VEH-01946,14/02/2025,Wheel Alignment,1584,10429,1,Port Michael Auto Care,FALSE
SRV-001017,VEH-00859,15/09/2024,Suspension Repair,35988,83884,1,West Kristina Auto Care,TRUE
SRV-001018,VEH-00185,03/09/2025,Bodywork/Panel Repair,44707,121023,1,Sarahburgh Auto Care,TRUE
SRV-001019,VEH-02651,26/07/2024,AC Repair,15359,72275,2,East Gregoryburgh Auto Care,FALSE
SRV-001020,VEH-00748,04/01/2024,Suspension Repair,24811,17383,0,New Adammouth Auto Care,TRUE
SRV-001021,VEH-00916,30/09/2024,Battery Replacement,19207,21383,3,North Jesseside Auto Care,TRUE
SRV-001022,VEH-02280,06/03/2023,Oil Change,3867,8521,3,Rodriguezstad Auto Care,FALSE
SRV-001023,VEH-01002,11/12/2022,Brake Inspection,5029,45013,2,Weaverberg Auto Care,FALSE
SRV-001024,VEH-01000,26/12/2023,Battery Replacement,17244,439,0,Smithhaven Auto Care,FALSE
SRV-001025,VEH-01751,10/07/2026,AC Repair,23380,22838,1,Lydiaburgh Auto Care,FALSE
SRV-001026,VEH-01434,09/08/2025,Engine Diagnostic,4668,73168,2,New Markstad Auto Care,FALSE
SRV-001027,VEH-01373,03/02/2023,Suspension Repair,31705,14081,2,East Debbie Auto Care,FALSE
SRV-001028,VEH-02463,26/11/2024,Bodywork/Panel Repair,29051,47118,0,Hendrickston Auto Care,FALSE
SRV-001029,VEH-02586,29/10/2022,Transmission Service,33566,93217,3,Levyport Auto Care,TRUE
SRV-001030,VEH-01463,11/03/2025,Recall Fix,0,13822,1,Samanthaville Auto Care,FALSE
SRV-001031,VEH-02483,18/01/2026,Oil Change,5409,23273,0,Rodriguezshire Auto Care,FALSE
SRV-001032,VEH-02933,22/07/2026,Engine Diagnostic,3375,43033,2,East Richardhaven Auto Care,FALSE
SRV-001033,VEH-01945,19/10/2025,Tire Rotation,1932,47519,1,Wrightberg Auto Care,TRUE
SRV-001034,VEH-02248,12/09/2025,Battery Replacement,8219,71766,3,Christinatown Auto Care,FALSE
SRV-001035,VEH-01886,11/12/2025,Full Service,36611,7763,1,East Leslieshire Auto Care,FALSE
SRV-001036,VEH-01231,18/07/2024,Brake Inspection,5938,57933,3,Adrianaborough Auto Care,TRUE
SRV-001037,VEH-00148,17/11/2023,Brake Inspection,4501,30992,3,Lake Derek Auto Care,FALSE
SRV-001038,VEH-00252,18/02/2025,Brake Inspection,3214,37847,0,Weaverchester Auto Care,FALSE
SRV-001039,VEH-02646,29/05/2025,Brake Inspection,2889,132682,0,Jonesport Auto Care,TRUE
SRV-001040,VEH-02662,24/09/2026,Transmission Service,18304,1474,3,Port Lynn Auto Care,FALSE
SRV-001041,VEH-01715,25/03/2026,Battery Replacement,15762,20097,3,Emilymouth Auto Care,FALSE
SRV-001042,VEH-00100,24/02/2026,Suspension Repair,26754,40643,3,Millershire Auto Care,FALSE
SRV-001043,VEH-00954,08/01/2024,Engine Diagnostic,3782,9073,1,Powersfort Auto Care,FALSE
SRV-001044,VEH-00602,15/12/2022,Bodywork/Panel Repair,77925,23750,2,South Traciland Auto Care,FALSE
SRV-001045,VEH-02662,21/11/2025,Bodywork/Panel Repair,12701,3925,0,East Michaelbury Auto Care,TRUE
SRV-001046,VEH-00237,10/06/2024,Battery Replacement,10061,12741,0,West Claire Auto Care,FALSE
SRV-001047,VEH-01052,22/03/2023,AC Repair,12530,23476,0,Whiteview Auto Care,FALSE
SRV-001048,VEH-01042,13/10/2022,Recall Fix,0,16776,0,Karenland Auto Care,FALSE
SRV-001049,VEH-00264,27/04/2024,Tire Rotation,2977,295,2,Amandaside Auto Care,TRUE
SRV-001050,VEH-02138,25/06/2025,Engine Diagnostic,4909,93803,1,Fisherville Auto Care,FALSE
SRV-001051,VEH-00579,15/07/2025,Engine Diagnostic,2484,77046,1,Elizabethside Auto Care,FALSE
SRV-001052,VEH-01070,19/09/2024,Oil Change,5578,34519,1,South Danielmouth Auto Care,FALSE
SRV-001053,VEH-01256,11/01/2024,Full Service,39270,5597,3,Port Rachel Auto Care,FALSE
SRV-001054,VEH-00631,25/03/2023,Transmission Service,27616,53854,1,Port Rachelhaven Auto Care,FALSE
SRV-001055,VEH-02376,19/12/2025,Suspension Repair,32758,10780,1,Cherylville Auto Care,FALSE
SRV-001056,VEH-01627,22/05/2025,Engine Diagnostic,4161,67170,0,Lake Jennifer Auto Care,FALSE
SRV-001057,VEH-00158,13/02/2024,Suspension Repair,41290,38029,2,Davidborough Auto Care,FALSE
SRV-001058,VEH-00234,22/09/2023,Engine Diagnostic,4150,5696,1,Penachester Auto Care,FALSE
SRV-001059,VEH-02895,13/01/2024,Battery Replacement,11555,87168,0,West Jeffreyborough Auto Care,FALSE
SRV-001060,VEH-02179,02/02/2026,Tire Rotation,2932,42920,1,Valenzuelatown Auto Care,TRUE
SRV-001061,VEH-01751,26/12/2025,Oil Change,2581,31765,0,Lake Christopherside Auto Care,TRUE
SRV-001062,VEH-01851,25/12/2022,Full Service,18733,4817,2,Port Danielchester Auto Care,FALSE
SRV-001063,VEH-01107,16/10/2023,Recall Fix,0,84524,3,East Joshua Auto Care,TRUE
SRV-001064,VEH-01295,21/11/2023,Recall Fix,0,4494,1,East Patrick Auto Care,FALSE
SRV-001065,VEH-02527,08/01/2026,Battery Replacement,10990,54106,3,Tammyshire Auto Care,FALSE
SRV-001066,VEH-00282,27/03/2026,Oil Change,5241,120575,1,Christopherhaven Auto Care,FALSE
SRV-001067,VEH-02312,27/04/2025,Recall Fix,0,88356,2,Lake Bethhaven Auto Care,FALSE
SRV-001068,VEH-00103,07/07/2025,Recall Fix,0,4340,1,Micheleland Auto Care,TRUE
SRV-001069,VEH-01217,25/08/2024,Oil Change,3465,114992,3,West Justinbury Auto Care,FALSE
SRV-001070,VEH-01183,09/06/2024,Bodywork/Panel Repair,56681,73051,1,Lake Rachelview Auto Care,FALSE
SRV-001071,VEH-00536,18/04/2024,Oil Change,2938,56926,1,Amandaborough Auto Care,FALSE
SRV-001072,VEH-00513,09/11/2022,Battery Replacement,8925,5126,3,Christinaton Auto Care,FALSE
SRV-001073,VEH-00056,18/12/2024,Recall Fix,0,15332,0,New Natalieton Auto Care,TRUE
SRV-001074,VEH-02408,04/10/2022,Tire Rotation,1275,158967,2,Willisfurt Auto Care,TRUE
SRV-001075,VEH-01003,05/05/2025,Oil Change,5250,70428,1,New Amandaborough Auto Care,FALSE
SRV-001076,VEH-00853,15/07/2023,Battery Replacement,15856,10331,3,North Raymond Auto Care,FALSE
SRV-001077,VEH-00271,29/03/2025,Transmission Service,39460,14793,1,South Lauren Auto Care,TRUE
SRV-001078,VEH-01581,17/12/2023,Engine Diagnostic,3253,3646,3,Port Ruthbury Auto Care,FALSE
SRV-001079,VEH-01577,29/09/2025,Tire Rotation,1353,199115,0,South Michaelmouth Auto Care,FALSE
SRV-001080,VEH-01749,18/02/2025,AC Repair,24734,99562,2,Lake Staceyview Auto Care,FALSE
SRV-001081,VEH-02070,27/10/2022,Suspension Repair,32722,571,0,North Nicholasville Auto Care,TRUE
SRV-001082,VEH-00435,24/12/2022,Recall Fix,0,2579,2,South Clairestad Auto Care,TRUE
SRV-001083,VEH-01819,25/02/2023,Bodywork/Panel Repair,113288,1374,3,Port Lindamouth Auto Care,FALSE
SRV-001084,VEH-02473,23/04/2025,Recall Fix,0,14188,0,Port Mary Auto Care,TRUE
SRV-001085,VEH-00032,12/01/2025,Tire Rotation,1145,16488,0,Murphyfort Auto Care,FALSE
SRV-001086,VEH-02686,19/12/2023,Recall Fix,0,1766,1,Michaelstad Auto Care,TRUE
SRV-001087,VEH-02025,07/10/2025,Brake Inspection,7443,12803,0,New Jacob Auto Care,FALSE
SRV-001088,VEH-02267,19/12/2024,AC Repair,9573,6706,2,Mindychester Auto Care,FALSE
SRV-001089,VEH-01785,16/05/2024,Suspension Repair,25848,89535,3,Jonathanshire Auto Care,TRUE
SRV-001090,VEH-00956,12/10/2023,Wheel Alignment,1882,14903,3,Samanthahaven Auto Care,FALSE
SRV-001091,VEH-02332,09/03/2023,Transmission Service,38168,114,0,Port Vicki Auto Care,FALSE
SRV-001092,VEH-02080,07/12/2024,Wheel Alignment,3240,13839,0,North Taylorside Auto Care,FALSE
SRV-001093,VEH-00140,13/06/2026,Recall Fix,0,56556,2,Holderbury Auto Care,FALSE
SRV-001094,VEH-02607,26/06/2023,Wheel Alignment,2978,41418,0,North Carmenton Auto Care,TRUE
SRV-001095,VEH-02217,28/05/2025,Brake Inspection,7120,158492,1,North Tracy Auto Care,FALSE
SRV-001096,VEH-01255,14/01/2026,Bodywork/Panel Repair,85420,32274,0,South Joannaberg Auto Care,TRUE
SRV-001097,VEH-00858,18/10/2023,Bodywork/Panel Repair,86472,17819,2,West Matthew Auto Care,TRUE
SRV-001098,VEH-01818,29/12/2024,Suspension Repair,20342,192098,1,North Deborahville Auto Care,TRUE
SRV-001099,VEH-02884,09/06/2023,Full Service,36024,4497,0,Fordville Auto Care,FALSE
SRV-001100,VEH-01417,28/06/2026,Tire Rotation,1699,8014,2,Melissaside Auto Care,FALSE
SRV-001101,VEH-01612,10/11/2022,AC Repair,11477,21854,0,Brightview Auto Care,FALSE
SRV-001102,VEH-02629,22/01/2024,Engine Diagnostic,3785,100298,2,West Paul Auto Care,FALSE
SRV-001103,VEH-02022,01/08/2024,Tire Rotation,2745,53622,1,North Jonathanberg Auto Care,FALSE
SRV-001104,VEH-00694,26/02/2026,Engine Diagnostic,2452,2298,0,Charlenechester Auto Care,FALSE
SRV-001105,VEH-00951,29/01/2024,Full Service,30458,113888,2,Davismouth Auto Care,FALSE
SRV-001106,VEH-00278,29/10/2023,Transmission Service,38427,44007,1,Nancyside Auto Care,FALSE
SRV-001107,VEH-00932,07/01/2024,Full Service,24133,11036,0,Carrollstad Auto Care,FALSE
SRV-001108,VEH-01082,09/02/2023,Brake Inspection,5020,16502,3,Brownshire Auto Care,FALSE
SRV-001109,VEH-00249,14/05/2026,Tire Rotation,1266,24608,3,Port Carlview Auto Care,FALSE
SRV-001110,VEH-00325,08/11/2022,Engine Diagnostic,2127,9441,0,West Kevinport Auto Care,FALSE
SRV-001111,VEH-01229,22/01/2024,Full Service,33578,1648,1,Jacksonstad Auto Care,FALSE
SRV-001112,VEH-00435,08/05/2023,Battery Replacement,14961,2088,0,South Michaelside Auto Care,FALSE
SRV-001113,VEH-01879,30/07/2026,Transmission Service,54636,16314,2,Velasquezborough Auto Care,FALSE
SRV-001114,VEH-00412,10/02/2026,Battery Replacement,10189,102392,1,South Rachelfurt Auto Care,FALSE
SRV-001115,VEH-01838,23/11/2025,AC Repair,23072,5893,2,Tuckerberg Auto Care,FALSE
SRV-001116,VEH-02313,03/05/2026,Suspension Repair,34962,29372,3,Dawnburgh Auto Care,TRUE
SRV-001117,VEH-02872,17/10/2022,Battery Replacement,14663,18847,0,North Mary Auto Care,FALSE
SRV-001118,VEH-01737,29/12/2025,Battery Replacement,14662,806,2,Timothyshire Auto Care,FALSE
SRV-001119,VEH-01628,01/11/2024,Transmission Service,31706,32160,0,South Samanthastad Auto Care,FALSE
SRV-001120,VEH-02575,25/01/2026,Transmission Service,43196,11256,2,North Whitneyview Auto Care,FALSE
SRV-001121,VEH-02478,20/04/2024,Engine Diagnostic,4936,11406,0,Port Thomasside Auto Care,TRUE
SRV-001122,VEH-02860,24/09/2023,Tire Rotation,2191,5939,3,Walkerton Auto Care,FALSE
SRV-001123,VEH-01376,10/08/2025,Oil Change,3694,17353,0,Mosston Auto Care,TRUE
SRV-001124,VEH-01079,15/06/2026,Brake Inspection,7067,1492,3,New Donberg Auto Care,FALSE
SRV-001125,VEH-01048,08/09/2024,Oil Change,2878,6985,0,Port Kimberlychester Auto Care,TRUE
SRV-001126,VEH-02934,19/06/2023,Transmission Service,38862,24205,0,Port Rebecca Auto Care,TRUE
SRV-001127,VEH-02499,25/06/2025,Brake Inspection,5378,45137,3,West Henry Auto Care,FALSE
SRV-001128,VEH-00389,08/07/2024,Tire Rotation,1666,98143,3,North Stevenmouth Auto Care,FALSE
SRV-001129,VEH-02831,22/06/2023,AC Repair,13884,14572,0,Cooperhaven Auto Care,FALSE
SRV-001130,VEH-01299,08/01/2023,Engine Diagnostic,2622,26393,2,East Laura Auto Care,FALSE
SRV-001131,VEH-02796,01/08/2024,Bodywork/Panel Repair,116156,43936,2,East Matthewview Auto Care,TRUE
SRV-001132,VEH-00083,21/09/2026,AC Repair,14196,125875,3,Port Shaun Auto Care,TRUE
SRV-001133,VEH-00641,01/05/2026,AC Repair,22014,77527,1,North Emilyside Auto Care,TRUE
SRV-001134,VEH-00571,12/04/2023,Recall Fix,0,9037,3,East Debbie Auto Care,FALSE
SRV-001135,VEH-02783,05/05/2026,Battery Replacement,12911,4686,3,Lake Courtney Auto Care,FALSE
SRV-001136,VEH-00576,24/12/2022,Full Service,40000,20991,1,East Markbury Auto Care,FALSE
SRV-001137,VEH-01473,01/12/2022,Wheel Alignment,2183,48653,3,Mariafurt Auto Care,FALSE
SRV-001138,VEH-00889,26/09/2024,Tire Rotation,2688,9700,1,Andremouth Auto Care,FALSE
SRV-001139,VEH-01236,18/02/2023,Brake Inspection,2258,4566,1,Jeffreyville Auto Care,FALSE
SRV-001140,VEH-00896,19/12/2025,Tire Rotation,2292,2586,1,West Richardhaven Auto Care,FALSE
SRV-001141,VEH-01752,02/09/2023,Tire Rotation,2701,57735,0,Melissaburgh Auto Care,TRUE
SRV-001142,VEH-02285,23/04/2026,Suspension Repair,29491,58091,2,Morganville Auto Care,FALSE
SRV-001143,VEH-00696,14/01/2026,Transmission Service,39215,8136,0,Amybury Auto Care,TRUE
SRV-001144,VEH-02282,30/09/2023,Oil Change,4117,1751,1,Robertsberg Auto Care,FALSE
SRV-001145,VEH-01155,17/03/2023,Brake Inspection,2952,11633,2,Edwardshire Auto Care,TRUE
SRV-001146,VEH-01540,01/07/2024,AC Repair,14042,30588,0,Michaelhaven Auto Care,FALSE
SRV-001147,VEH-00630,20/09/2024,Tire Rotation,2782,38799,3,South Patrickborough Auto Care,TRUE
SRV-001148,VEH-01313,16/10/2025,Full Service,34824,4462,3,East Wandaburgh Auto Care,FALSE
SRV-001149,VEH-01007,22/02/2023,Battery Replacement,18370,8679,1,Changside Auto Care,FALSE
SRV-001150,VEH-02775,07/10/2025,Full Service,16999,151303,0,South Aaronhaven Auto Care,FALSE
SRV-001151,VEH-02924,26/05/2023,Full Service,22774,16528,2,Port Jaclynmouth Auto Care,TRUE
SRV-001152,VEH-02335,01/03/2024,AC Repair,5458,4274,0,Bakerland Auto Care,TRUE
SRV-001153,VEH-02918,21/07/2026,Transmission Service,57141,22114,0,Port Karen Auto Care,TRUE
SRV-001154,VEH-01081,01/03/2023,Transmission Service,23751,5551,1,North Amy Auto Care,FALSE
SRV-001155,VEH-00128,18/07/2023,Engine Diagnostic,2459,4370,2,West Alexis Auto Care,FALSE
SRV-001156,VEH-02229,03/07/2025,Tire Rotation,2815,36311,2,South Baileyland Auto Care,TRUE
SRV-001157,VEH-02831,04/04/2025,Transmission Service,27858,9253,1,Josephmouth Auto Care,FALSE
SRV-001158,VEH-02983,30/05/2025,Brake Inspection,6529,27642,0,Nicolechester Auto Care,FALSE
SRV-001159,VEH-01343,13/11/2025,Wheel Alignment,3372,8813,1,Reillyfurt Auto Care,FALSE
SRV-001160,VEH-01988,17/05/2023,Suspension Repair,22727,72704,1,Jamesmouth Auto Care,FALSE
SRV-001161,VEH-01507,12/04/2026,Tire Rotation,1419,17378,0,North Toddberg Auto Care,FALSE
SRV-001162,VEH-01094,02/12/2022,Brake Inspection,1763,7567,0,West Theresa Auto Care,FALSE
SRV-001163,VEH-02784,01/09/2025,Suspension Repair,12106,3612,0,Holtville Auto Care,TRUE
SRV-001164,VEH-00794,03/06/2025,Bodywork/Panel Repair,49999,209681,1,Petersonstad Auto Care,FALSE
SRV-001165,VEH-01628,28/05/2026,Transmission Service,22204,16915,0,East Virginia Auto Care,TRUE
SRV-001166,VEH-02572,08/12/2022,Recall Fix,0,886,0,East Kelly Auto Care,TRUE
SRV-001167,VEH-00529,29/06/2023,Oil Change,3994,35895,0,East Tammy Auto Care,FALSE
SRV-001168,VEH-01109,25/08/2024,Oil Change,5789,160488,3,South Victoriaport Auto Care,FALSE
SRV-001169,VEH-00845,15/09/2023,Recall Fix,0,15249,1,Lake Jessica Auto Care,FALSE
SRV-001170,VEH-01893,12/11/2025,Bodywork/Panel Repair,88993,1532,0,Sabrinamouth Auto Care,FALSE
SRV-001171,VEH-00629,26/05/2025,Tire Rotation,1268,139513,3,North Carl Auto Care,FALSE
SRV-001172,VEH-01596,31/01/2024,Suspension Repair,29380,133544,1,New Evan Auto Care,TRUE
SRV-001173,VEH-02826,07/12/2025,Tire Rotation,1347,9317,0,Port Laurashire Auto Care,FALSE
SRV-001174,VEH-01108,21/08/2023,Oil Change,4353,1419,0,South Lisachester Auto Care,TRUE
SRV-001175,VEH-02993,01/06/2025,Full Service,28010,46877,0,Davidville Auto Care,FALSE
SRV-001176,VEH-02944,30/10/2025,Transmission Service,45553,20019,1,South Samanthabury Auto Care,FALSE
SRV-001177,VEH-01741,20/01/2023,Wheel Alignment,2383,16688,1,North Billyville Auto Care,FALSE
SRV-001178,VEH-02481,12/11/2022,Suspension Repair,33633,2361,1,Philipton Auto Care,FALSE
SRV-001179,VEH-02789,23/03/2026,Battery Replacement,19489,3152,1,Jacobton Auto Care,FALSE
SRV-001180,VEH-02975,22/01/2024,Battery Replacement,15389,39090,0,Mariachester Auto Care,FALSE
SRV-001181,VEH-02607,03/01/2025,Transmission Service,31638,52728,1,Mckinneyland Auto Care,FALSE
SRV-001182,VEH-00488,28/10/2022,Bodywork/Panel Repair,46503,55007,0,New Meagan Auto Care,TRUE
SRV-001183,VEH-02442,04/04/2024,Wheel Alignment,3953,76934,0,South Gina Auto Care,FALSE
SRV-001184,VEH-02379,05/07/2023,Full Service,35270,2496,2,South Kendra Auto Care,TRUE
SRV-001185,VEH-02227,17/01/2026,Oil Change,4781,37562,3,Port Ashley Auto Care,FALSE
SRV-001186,VEH-01286,06/07/2023,AC Repair,22518,53416,2,East Matthewborough Auto Care,FALSE
SRV-001187,VEH-00889,04/07/2023,Brake Inspection,4200,14762,1,Josephside Auto Care,FALSE
SRV-001188,VEH-02511,18/01/2025,Battery Replacement,13177,13419,0,South Kendrachester Auto Care,FALSE
SRV-001189,VEH-02731,12/04/2025,Transmission Service,59310,60198,3,Kellyfort Auto Care,FALSE
SRV-001190,VEH-00247,10/02/2026,Oil Change,4384,12859,1,Edwardsborough Auto Care,FALSE
SRV-001191,VEH-01278,02/03/2025,Suspension Repair,44097,1754,3,Sydneyburgh Auto Care,FALSE
SRV-001192,VEH-00773,02/02/2025,Wheel Alignment,2550,87304,0,West Rodneyland Auto Care,FALSE
SRV-001193,VEH-02309,11/06/2023,Transmission Service,51582,50190,1,Matthewbury Auto Care,FALSE
SRV-001194,VEH-01554,02/11/2023,AC Repair,9178,8001,0,Greenland Auto Care,FALSE
SRV-001195,VEH-02206,22/01/2023,Engine Diagnostic,4451,129200,1,Johnsonhaven Auto Care,FALSE
SRV-001196,VEH-01976,12/11/2023,Tire Rotation,1942,31959,2,Stephensville Auto Care,FALSE
SRV-001197,VEH-02400,08/02/2025,AC Repair,7689,56760,2,East Frank Auto Care,FALSE
SRV-001198,VEH-00087,20/06/2025,Oil Change,3937,14280,1,Erikashire Auto Care,TRUE
SRV-001199,VEH-01748,17/02/2026,Wheel Alignment,1991,141835,0,Joshuaport Auto Care,TRUE
SRV-001200,VEH-00193,05/01/2025,Battery Replacement,12964,6711,0,Aliciafurt Auto Care,FALSE
SRV-001201,VEH-02443,17/01/2026,Tire Rotation,2197,17162,1,Kevinmouth Auto Care,FALSE
SRV-001202,VEH-01752,28/01/2023,Engine Diagnostic,2867,48788,0,Gregorystad Auto Care,FALSE
SRV-001203,VEH-02643,14/09/2024,Brake Inspection,5622,38818,3,New Julia Auto Care,FALSE
SRV-001204,VEH-00525,17/02/2023,Brake Inspection,5819,10821,0,Davidton Auto Care,TRUE
SRV-001205,VEH-01487,10/10/2024,Bodywork/Panel Repair,96054,1096,1,East Jamesshire Auto Care,FALSE
SRV-001206,VEH-00861,05/02/2023,Tire Rotation,1099,29449,0,Jimmyside Auto Care,TRUE
SRV-001207,VEH-02882,15/04/2023,Full Service,12057,23150,2,Powellport Auto Care,FALSE
SRV-001208,VEH-00129,22/07/2025,Recall Fix,0,7107,2,Wilsonberg Auto Care,FALSE
SRV-001209,VEH-01821,20/08/2023,Tire Rotation,2100,47187,0,Marcusstad Auto Care,FALSE
SRV-001210,VEH-02989,18/11/2025,Suspension Repair,44608,12532,3,West Jennifer Auto Care,TRUE
SRV-001211,VEH-00180,17/01/2026,Bodywork/Panel Repair,114928,10073,0,Port Jaredburgh Auto Care,TRUE
SRV-001212,VEH-02924,21/04/2026,Oil Change,3472,21388,1,Port Robertmouth Auto Care,FALSE
SRV-001213,VEH-00940,11/08/2024,Oil Change,3573,53610,2,North Sherry Auto Care,FALSE
SRV-001214,VEH-00454,11/08/2025,Suspension Repair,36844,6318,2,Hoffmanbury Auto Care,FALSE
SRV-001215,VEH-00218,12/05/2026,Bodywork/Panel Repair,34889,21028,2,West Richard Auto Care,FALSE
SRV-001216,VEH-02351,31/05/2024,Brake Inspection,4813,24302,1,North Jennifer Auto Care,FALSE
SRV-001217,VEH-01639,12/03/2024,Full Service,38009,134403,3,New Darrell Auto Care,TRUE
SRV-001218,VEH-01445,14/04/2025,Full Service,28146,16326,1,Port Donnashire Auto Care,FALSE
SRV-001219,VEH-02450,18/07/2023,Bodywork/Panel Repair,103081,18869,0,New Sarah Auto Care,FALSE
SRV-001220,VEH-02939,18/02/2025,Transmission Service,17367,101148,0,New Maryborough Auto Care,TRUE
SRV-001221,VEH-01937,29/06/2026,Battery Replacement,18291,1894,2,Alexanderbury Auto Care,FALSE
SRV-001222,VEH-00587,19/05/2025,Recall Fix,0,98860,0,Amandamouth Auto Care,FALSE
SRV-001223,VEH-02938,06/03/2024,Full Service,17260,52594,3,West Benjaminhaven Auto Care,TRUE
SRV-001224,VEH-01122,29/03/2023,Engine Diagnostic,4325,11935,1,Cliffordland Auto Care,FALSE
SRV-001225,VEH-01770,11/11/2023,Battery Replacement,11512,35675,0,Andersonhaven Auto Care,TRUE
SRV-001226,VEH-02730,26/02/2024,AC Repair,5733,94976,0,Hammondchester Auto Care,FALSE
SRV-001227,VEH-01299,03/06/2023,Tire Rotation,1181,23414,1,South Sarahfurt Auto Care,FALSE
SRV-001228,VEH-02561,03/09/2026,Wheel Alignment,1637,21528,1,Lake Steven Auto Care,FALSE
SRV-001229,VEH-00827,11/10/2025,Bodywork/Panel Repair,99870,30691,2,West Jerry Auto Care,TRUE
SRV-001230,VEH-02908,19/11/2024,Recall Fix,0,19327,1,West Josephstad Auto Care,FALSE
SRV-001231,VEH-01237,23/06/2024,Full Service,36980,8552,0,Christopherview Auto Care,FALSE
SRV-001232,VEH-01927,03/04/2025,Transmission Service,22017,155163,1,Cooperton Auto Care,TRUE
SRV-001233,VEH-01147,12/01/2023,Engine Diagnostic,4183,14325,3,Jordanborough Auto Care,FALSE
SRV-001234,VEH-00748,10/10/2023,Full Service,36723,2180,0,Marcport Auto Care,FALSE
SRV-001235,VEH-01974,26/02/2024,Full Service,13695,29060,1,North Davidberg Auto Care,FALSE
SRV-001236,VEH-00820,01/05/2023,Bodywork/Panel Repair,80607,2731,0,New Terrihaven Auto Care,FALSE
SRV-001237,VEH-00834,27/06/2025,Brake Inspection,2308,25535,0,Anitaborough Auto Care,FALSE
SRV-001238,VEH-00738,26/01/2023,Full Service,16009,466,3,North Susan Auto Care,FALSE
SRV-001239,VEH-02678,17/06/2026,Brake Inspection,3087,56222,1,North Angela Auto Care,FALSE
SRV-001240,VEH-00739,12/12/2024,Suspension Repair,11008,1744,1,North Wendy Auto Care,FALSE
SRV-001241,VEH-01051,19/09/2025,Bodywork/Panel Repair,81882,86403,0,Lake Sandra Auto Care,FALSE
SRV-001242,VEH-02605,19/05/2023,Full Service,29149,41330,1,East Jenniferport Auto Care,FALSE
SRV-001243,VEH-00218,19/06/2026,Wheel Alignment,2295,13300,1,Port Vincentchester Auto Care,TRUE
SRV-001244,VEH-02189,18/08/2026,Brake Inspection,4841,18245,2,Williamsfurt Auto Care,FALSE
SRV-001245,VEH-00686,09/06/2026,Full Service,34082,23874,0,Lake Amy Auto Care,FALSE
SRV-001246,VEH-01661,31/01/2025,Recall Fix,0,30251,0,South Jasmine Auto Care,FALSE
SRV-001247,VEH-02029,22/08/2024,Full Service,13506,66211,1,Brucetown Auto Care,FALSE
SRV-001248,VEH-00361,26/07/2025,AC Repair,18864,121877,3,New Sierrafort Auto Care,FALSE
SRV-001249,VEH-00670,22/10/2024,Brake Inspection,4874,89550,0,West Hannah Auto Care,FALSE
SRV-001250,VEH-01856,26/12/2023,AC Repair,10020,12772,1,Lopezstad Auto Care,FALSE
SRV-001251,VEH-01644,01/04/2025,Bodywork/Panel Repair,56707,70945,1,Lake Dariusland Auto Care,TRUE
SRV-001252,VEH-02169,29/08/2023,AC Repair,17084,9299,1,Martinborough Auto Care,FALSE
SRV-001253,VEH-01699,15/12/2022,Transmission Service,48589,45165,0,East Matthewview Auto Care,FALSE
SRV-001254,VEH-00135,24/08/2025,Wheel Alignment,2032,102067,1,South Jessica Auto Care,TRUE
SRV-001255,VEH-01984,22/05/2024,Bodywork/Panel Repair,119578,3072,3,Perkinsmouth Auto Care,FALSE
SRV-001256,VEH-01319,30/12/2022,Recall Fix,0,38453,0,Alvarezmouth Auto Care,TRUE
SRV-001257,VEH-00093,18/08/2026,Full Service,37214,29605,3,Evanstown Auto Care,FALSE
SRV-001258,VEH-02175,19/08/2023,Battery Replacement,19881,38092,1,West Zacharyburgh Auto Care,TRUE
SRV-001259,VEH-02810,30/03/2023,Tire Rotation,2839,4502,1,New Jessicamouth Auto Care,FALSE
SRV-001260,VEH-01755,11/12/2025,Full Service,34084,5602,0,Whitestad Auto Care,TRUE
SRV-001261,VEH-01482,30/04/2024,Transmission Service,46901,98592,0,Tinaburgh Auto Care,FALSE
SRV-001262,VEH-00281,01/03/2023,Transmission Service,25384,16065,3,Cochranside Auto Care,TRUE
SRV-001263,VEH-02375,22/04/2026,Bodywork/Panel Repair,37180,2969,1,Natashastad Auto Care,FALSE
SRV-001264,VEH-00807,31/01/2024,Recall Fix,0,42246,3,East Paulport Auto Care,FALSE
SRV-001265,VEH-02694,17/02/2026,Battery Replacement,17307,57884,1,Alexanderhaven Auto Care,FALSE
SRV-001266,VEH-02605,17/03/2026,Transmission Service,43020,42342,3,Lake Philip Auto Care,FALSE
SRV-001267,VEH-00568,13/09/2024,Bodywork/Panel Repair,12614,9421,0,East Tricia Auto Care,FALSE
SRV-001268,VEH-02563,15/11/2024,Bodywork/Panel Repair,114043,8297,1,Kimberlyshire Auto Care,FALSE
SRV-001269,VEH-00082,01/08/2023,Brake Inspection,4256,42449,2,Port Jessica Auto Care,FALSE
SRV-001270,VEH-01938,30/12/2024,Battery Replacement,13595,70509,2,Walterhaven Auto Care,TRUE
SRV-001271,VEH-00959,12/03/2025,Engine Diagnostic,4533,15116,0,North Anthonymouth Auto Care,FALSE
SRV-001272,VEH-00077,02/01/2026,Engine Diagnostic,2841,14334,1,New Maxwell Auto Care,FALSE
SRV-001273,VEH-02742,23/01/2024,Transmission Service,59124,49176,2,North Lee Auto Care,TRUE
SRV-001274,VEH-02324,17/07/2025,Oil Change,4094,7938,1,Lake Wendy Auto Care,FALSE
SRV-001275,VEH-00741,05/03/2023,Tire Rotation,1999,3592,1,Mirandaville Auto Care,TRUE
SRV-001276,VEH-00752,28/07/2024,Bodywork/Panel Repair,30328,8587,0,Lake Sean Auto Care,TRUE
SRV-001277,VEH-02725,10/09/2024,Tire Rotation,2858,16797,0,South Rhonda Auto Care,FALSE
SRV-001278,VEH-02362,25/09/2025,Engine Diagnostic,3002,93021,3,North Brandon Auto Care,FALSE
SRV-001279,VEH-01414,15/07/2025,Brake Inspection,1955,5906,1,Brianport Auto Care,FALSE
SRV-001280,VEH-02739,25/02/2026,Full Service,35101,21808,0,South Ashleybury Auto Care,TRUE
SRV-001281,VEH-02758,18/04/2025,Suspension Repair,16869,85206,1,Wellsside Auto Care,FALSE
SRV-001282,VEH-01663,30/11/2024,Transmission Service,32835,67757,1,North Sarahhaven Auto Care,TRUE
SRV-001283,VEH-02507,21/04/2024,Brake Inspection,7319,17626,0,West Kelseytown Auto Care,FALSE
SRV-001284,VEH-02840,20/11/2025,Brake Inspection,5170,72960,0,Michelleburgh Auto Care,FALSE
SRV-001285,VEH-01963,27/06/2026,Brake Inspection,6786,15809,1,Angelamouth Auto Care,FALSE
SRV-001286,VEH-01286,16/12/2024,Oil Change,5194,27714,0,Cynthiaport Auto Care,FALSE
SRV-001287,VEH-01709,07/03/2023,Suspension Repair,24670,3344,3,Victorville Auto Care,TRUE
SRV-001288,VEH-02281,04/11/2023,Brake Inspection,4686,25926,2,Lake Williamhaven Auto Care,FALSE
SRV-001289,VEH-00979,14/09/2024,Tire Rotation,1508,105051,1,Briggsstad Auto Care,FALSE
SRV-001290,VEH-00311,03/05/2026,Full Service,17598,6222,3,West Helenfurt Auto Care,FALSE
SRV-001291,VEH-00405,30/04/2025,Oil Change,4878,6444,0,East Brittany Auto Care,FALSE
SRV-001292,VEH-02265,17/09/2026,Tire Rotation,2736,47091,1,South Crystal Auto Care,TRUE
SRV-001293,VEH-01196,18/03/2025,Bodywork/Panel Repair,13639,19467,1,Lake Bryanside Auto Care,FALSE
SRV-001294,VEH-01278,17/12/2024,Recall Fix,0,634,0,Emilyport Auto Care,TRUE
SRV-001295,VEH-02189,15/09/2025,Wheel Alignment,3348,273,2,Bradfordbury Auto Care,FALSE
SRV-001296,VEH-01914,17/09/2023,Engine Diagnostic,4644,14610,0,Port Cindyshire Auto Care,FALSE
SRV-001297,VEH-00138,20/01/2024,Oil Change,3219,14765,0,Schroederville Auto Care,FALSE
SRV-001298,VEH-01686,12/01/2024,Transmission Service,37411,44091,1,West Destinyshire Auto Care,FALSE
SRV-001299,VEH-01501,11/07/2023,Bodywork/Panel Repair,65664,7495,0,Dillonfurt Auto Care,TRUE
SRV-001300,VEH-00359,26/10/2024,Engine Diagnostic,2989,173955,3,Ramirezchester Auto Care,FALSE
SRV-001301,VEH-01120,01/03/2024,Brake Inspection,7011,73336,1,Port Sean Auto Care,FALSE
SRV-001302,VEH-01854,21/08/2026,Oil Change,4372,3682,1,Mossmouth Auto Care,FALSE
SRV-001303,VEH-02738,05/02/2025,Tire Rotation,2638,12058,1,Margaretborough Auto Care,FALSE
SRV-001304,VEH-01213,23/08/2025,Battery Replacement,10195,24109,3,Garciaport Auto Care,TRUE
SRV-001305,VEH-01681,28/09/2023,AC Repair,8254,41759,0,Jonesville Auto Care,FALSE
SRV-001306,VEH-02211,19/02/2023,Brake Inspection,7707,769,2,Trujillostad Auto Care,FALSE
SRV-001307,VEH-01250,26/03/2025,Bodywork/Panel Repair,69990,32940,0,Vickiberg Auto Care,FALSE
SRV-001308,VEH-00137,21/01/2024,Battery Replacement,17278,4690,1,South Davidhaven Auto Care,FALSE
SRV-001309,VEH-00779,01/11/2024,Transmission Service,17109,5817,0,Travisburgh Auto Care,TRUE
SRV-001310,VEH-01021,27/01/2024,Engine Diagnostic,3474,198981,0,Littleview Auto Care,TRUE
SRV-001311,VEH-00147,06/11/2025,Brake Inspection,4517,42689,2,East Mark Auto Care,FALSE
SRV-001312,VEH-01172,11/10/2022,Engine Diagnostic,4512,33601,1,Port Christopherburgh Auto Care,FALSE
SRV-001313,VEH-01122,14/07/2025,Bodywork/Panel Repair,93604,13019,1,Lake David Auto Care,FALSE
SRV-001314,VEH-01366,16/11/2023,Battery Replacement,18024,4327,0,West Chaseland Auto Care,FALSE
SRV-001315,VEH-01794,12/02/2023,Tire Rotation,2660,25791,1,North Lindsay Auto Care,TRUE
SRV-001316,VEH-01276,26/06/2025,Engine Diagnostic,3500,3635,1,Burnettmouth Auto Care,TRUE
SRV-001317,VEH-01970,01/11/2023,Full Service,17626,9901,1,West Glendashire Auto Care,FALSE
SRV-001318,VEH-02136,03/08/2024,Oil Change,4655,160076,0,New Mollyview Auto Care,FALSE
SRV-001319,VEH-00784,03/07/2026,Transmission Service,19941,334,0,East Kimberly Auto Care,TRUE
SRV-001320,VEH-02367,22/12/2022,Recall Fix,0,18844,2,Lake Carlos Auto Care,FALSE
SRV-001321,VEH-02337,31/10/2023,Oil Change,4985,44050,1,Lindaside Auto Care,FALSE
SRV-001322,VEH-01517,23/05/2023,AC Repair,11851,63760,1,Melissafort Auto Care,FALSE
SRV-001323,VEH-02144,03/12/2025,Suspension Repair,27883,1258,0,New Tanyafort Auto Care,FALSE
SRV-001324,VEH-02106,02/12/2022,Transmission Service,51848,9659,1,South Zachary Auto Care,FALSE
SRV-001325,VEH-02401,29/01/2026,Full Service,25644,22544,0,Shaneborough Auto Care,FALSE
SRV-001326,VEH-02583,23/06/2024,Oil Change,3137,9501,2,Frankview Auto Care,FALSE
SRV-001327,VEH-00643,30/06/2023,Recall Fix,0,639,1,Erikaton Auto Care,FALSE
SRV-001328,VEH-00572,20/06/2023,Oil Change,5082,2237,2,Weberville Auto Care,FALSE
SRV-001329,VEH-00074,30/05/2025,Engine Diagnostic,3853,158085,1,Madisonport Auto Care,FALSE
SRV-001330,VEH-02664,06/06/2024,Tire Rotation,2075,151345,1,Grahamberg Auto Care,FALSE
SRV-001331,VEH-02294,28/08/2026,Recall Fix,0,69472,0,South Kimberlyburgh Auto Care,FALSE
SRV-001332,VEH-02607,02/03/2025,Engine Diagnostic,3960,36042,3,Hernandezbury Auto Care,FALSE
SRV-001333,VEH-02477,18/09/2025,Brake Inspection,2051,439,1,Lake Sarahmouth Auto Care,FALSE
SRV-001334,VEH-02978,04/11/2022,Engine Diagnostic,2905,94195,2,Mcmahonbury Auto Care,FALSE
SRV-001335,VEH-02927,15/08/2023,Battery Replacement,14095,9647,0,Kariview Auto Care,FALSE
SRV-001336,VEH-00203,23/03/2024,Wheel Alignment,3827,607,1,New Scott Auto Care,FALSE
SRV-001337,VEH-01666,07/04/2024,Engine Diagnostic,4759,17462,1,New Geraldtown Auto Care,FALSE
SRV-001338,VEH-01374,30/08/2025,Wheel Alignment,3374,53095,0,New Jennifer Auto Care,FALSE
SRV-001339,VEH-01236,08/02/2024,Engine Diagnostic,4482,1452,0,Graveshaven Auto Care,FALSE
SRV-001340,VEH-02231,06/12/2022,Transmission Service,25371,56706,2,New Kevin Auto Care,TRUE
SRV-001341,VEH-00010,28/09/2022,Suspension Repair,15997,20699,1,South Zachary Auto Care,FALSE
SRV-001342,VEH-02171,09/07/2024,Bodywork/Panel Repair,57478,927,0,Lake Nicholas Auto Care,FALSE
SRV-001343,VEH-00940,05/08/2026,Brake Inspection,5090,54735,3,Christineport Auto Care,TRUE
SRV-001344,VEH-02557,14/03/2023,Full Service,15760,16454,0,Lindseymouth Auto Care,FALSE
SRV-001345,VEH-01053,14/04/2025,Suspension Repair,36670,8720,3,West Justinmouth Auto Care,FALSE
SRV-001346,VEH-02088,31/01/2023,Full Service,39317,12632,3,Jimmyfort Auto Care,FALSE
SRV-001347,VEH-00816,05/06/2025,Engine Diagnostic,4992,55994,1,South Patricia Auto Care,FALSE
SRV-001348,VEH-00587,23/10/2022,Wheel Alignment,3601,113137,2,Smithside Auto Care,FALSE
SRV-001349,VEH-01081,04/01/2026,Full Service,16641,2361,0,East Frances Auto Care,FALSE
SRV-001350,VEH-01190,11/05/2023,Suspension Repair,34447,97410,2,Lake Allenburgh Auto Care,FALSE
SRV-001351,VEH-00951,05/04/2025,Suspension Repair,13848,96784,3,Herrerachester Auto Care,FALSE
SRV-001352,VEH-01688,12/06/2025,Oil Change,4858,97263,2,Crossside Auto Care,FALSE
SRV-001353,VEH-00188,29/04/2023,AC Repair,14026,6742,3,Robertmouth Auto Care,FALSE
SRV-001354,VEH-01270,06/08/2023,AC Repair,6194,7637,0,New Dylanburgh Auto Care,FALSE
SRV-001355,VEH-02843,17/06/2023,Wheel Alignment,2780,30789,1,East Willieville Auto Care,FALSE
SRV-001356,VEH-00770,06/06/2024,Transmission Service,19101,37260,1,East Lauramouth Auto Care,TRUE
SRV-001357,VEH-00970,22/03/2026,Tire Rotation,2678,63694,2,Port Tasha Auto Care,FALSE
SRV-001358,VEH-00113,24/06/2023,Engine Diagnostic,2115,80668,0,East Garrett Auto Care,FALSE
SRV-001359,VEH-00031,07/05/2023,Full Service,35073,33151,1,West Jonathon Auto Care,FALSE
SRV-001360,VEH-01898,16/11/2023,Full Service,29079,5150,3,Port Nicoleton Auto Care,FALSE
SRV-001361,VEH-02065,05/12/2024,Engine Diagnostic,2790,53485,1,New Alicia Auto Care,TRUE
SRV-001362,VEH-01014,22/06/2025,Tire Rotation,1588,12411,0,West Katherineshire Auto Care,TRUE
SRV-001363,VEH-02944,28/06/2025,Transmission Service,26058,27520,2,Amberburgh Auto Care,FALSE
SRV-001364,VEH-02794,02/08/2025,Transmission Service,55181,109717,1,East Gina Auto Care,FALSE
SRV-001365,VEH-00692,20/07/2023,Battery Replacement,8970,29975,0,East Wayne Auto Care,FALSE
SRV-001366,VEH-01235,29/10/2025,Suspension Repair,27217,99396,0,Rogerfurt Auto Care,FALSE
SRV-001367,VEH-00633,30/03/2023,Tire Rotation,2674,27726,1,Millerhaven Auto Care,TRUE
SRV-001368,VEH-00765,28/09/2025,Engine Diagnostic,3970,82056,1,Port Williamborough Auto Care,TRUE
SRV-001369,VEH-01589,11/05/2023,Full Service,24824,6429,0,East Dawnmouth Auto Care,FALSE
SRV-001370,VEH-01621,20/09/2026,Bodywork/Panel Repair,111304,16668,0,Jenniferburgh Auto Care,TRUE
SRV-001371,VEH-01064,29/01/2023,Transmission Service,51711,8685,0,Melvinstad Auto Care,FALSE
SRV-001372,VEH-02274,31/03/2026,Recall Fix,0,3051,0,Jonathanberg Auto Care,FALSE
SRV-001373,VEH-01493,23/05/2023,Suspension Repair,22522,9008,0,Johnsonton Auto Care,TRUE
SRV-001374,VEH-00488,13/06/2026,Bodywork/Panel Repair,12071,61137,0,Veronicafort Auto Care,FALSE
SRV-001375,VEH-01461,23/02/2026,Tire Rotation,1874,1594,3,Kelseyburgh Auto Care,FALSE
SRV-001376,VEH-01742,07/08/2026,AC Repair,13039,112629,0,Lake Matthew Auto Care,FALSE
SRV-001377,VEH-02818,21/08/2025,Brake Inspection,5726,28300,1,Gonzalezborough Auto Care,FALSE
SRV-001378,VEH-01387,28/10/2024,AC Repair,5343,83920,1,Zacharystad Auto Care,FALSE
SRV-001379,VEH-01093,28/06/2025,Suspension Repair,16708,83453,3,New Jasonmouth Auto Care,FALSE
SRV-001380,VEH-02444,22/04/2026,Brake Inspection,5984,48765,0,Melanieberg Auto Care,FALSE
SRV-001381,VEH-01248,09/11/2025,Bodywork/Panel Repair,110893,3465,3,Port Rebeccaton Auto Care,FALSE
SRV-001382,VEH-00079,08/06/2024,Wheel Alignment,2641,2499,0,Port Deborahside Auto Care,FALSE
SRV-001383,VEH-00834,13/10/2023,Suspension Repair,24441,27377,0,Lake Stephaniefort Auto Care,TRUE
SRV-001384,VEH-01855,08/10/2023,AC Repair,11351,49408,2,Francisfurt Auto Care,TRUE
SRV-001385,VEH-01371,15/10/2024,Transmission Service,23179,9149,2,Stephaniestad Auto Care,TRUE
SRV-001386,VEH-00162,17/03/2025,Bodywork/Panel Repair,110939,32322,1,Conwayland Auto Care,FALSE
SRV-001387,VEH-01589,29/10/2025,Battery Replacement,15748,1928,1,Taylorbury Auto Care,TRUE
SRV-001388,VEH-01469,12/09/2023,Recall Fix,0,21608,1,West Wendy Auto Care,TRUE
SRV-001389,VEH-01244,13/11/2024,Oil Change,5089,6964,0,South Katie Auto Care,TRUE
SRV-001390,VEH-01293,30/03/2025,Oil Change,2613,10128,3,East Johnshire Auto Care,FALSE
SRV-001391,VEH-01143,16/08/2026,Wheel Alignment,1623,64975,2,Kimberlyton Auto Care,FALSE
SRV-001392,VEH-01171,15/02/2024,AC Repair,10354,23769,1,Wheelerport Auto Care,FALSE
SRV-001393,VEH-02131,15/08/2025,Transmission Service,42240,5786,2,Jamesville Auto Care,TRUE
SRV-001394,VEH-01149,03/05/2025,Engine Diagnostic,2593,40977,2,South Sheila Auto Care,FALSE
SRV-001395,VEH-02045,03/07/2026,Oil Change,3324,11795,2,East Juliaton Auto Care,FALSE
SRV-001396,VEH-02599,11/09/2024,Battery Replacement,15120,30012,1,Mooreside Auto Care,TRUE
SRV-001397,VEH-01776,20/11/2022,Suspension Repair,35533,56014,1,Ericview Auto Care,FALSE
SRV-001398,VEH-02150,12/07/2025,Engine Diagnostic,3944,12607,0,Port Shawn Auto Care,FALSE
SRV-001399,VEH-01922,19/07/2024,Transmission Service,26643,23716,3,Port Shannonbury Auto Care,TRUE
SRV-001400,VEH-02910,21/07/2026,Engine Diagnostic,4605,11834,0,Hernandezland Auto Care,TRUE
SRV-001401,VEH-01179,04/10/2024,Recall Fix,0,8447,3,North Danielmouth Auto Care,FALSE
SRV-001402,VEH-01646,13/06/2025,Brake Inspection,5712,5381,2,Masonfurt Auto Care,FALSE
SRV-001403,VEH-01110,01/09/2024,Oil Change,3453,6030,3,Brennanfort Auto Care,TRUE
SRV-001404,VEH-01030,15/10/2023,Oil Change,2933,14533,0,Danielchester Auto Care,FALSE
SRV-001405,VEH-01212,30/08/2024,Suspension Repair,27088,16268,1,Michelleview Auto Care,TRUE
SRV-001406,VEH-00295,04/09/2025,Recall Fix,0,4798,1,Port Jennaville Auto Care,TRUE
SRV-001407,VEH-01689,18/09/2025,Recall Fix,0,137798,3,Freemanfort Auto Care,FALSE
SRV-001408,VEH-01692,10/12/2024,Suspension Repair,12577,14178,1,East Andrewburgh Auto Care,FALSE
SRV-001409,VEH-01515,14/12/2023,Brake Inspection,4549,31177,1,East Emily Auto Care,FALSE
SRV-001410,VEH-01086,03/11/2025,AC Repair,14609,1168,1,North Annbury Auto Care,FALSE
SRV-001411,VEH-01164,09/01/2024,AC Repair,8467,74674,2,New Timothyville Auto Care,FALSE
SRV-001412,VEH-01728,18/01/2026,Suspension Repair,29136,17342,0,Jasminetown Auto Care,FALSE
SRV-001413,VEH-00911,05/03/2026,AC Repair,9195,2773,1,New Colleen Auto Care,TRUE
SRV-001414,VEH-00051,20/12/2022,Tire Rotation,2563,6745,2,New Sherry Auto Care,FALSE
SRV-001415,VEH-00850,18/09/2026,Transmission Service,20698,44344,2,East Karenview Auto Care,TRUE
SRV-001416,VEH-02883,11/08/2023,Wheel Alignment,2897,7652,0,Port Sandramouth Auto Care,TRUE
SRV-001417,VEH-01280,11/11/2025,Recall Fix,0,29525,1,North Edward Auto Care,FALSE
SRV-001418,VEH-01706,04/10/2025,Wheel Alignment,2322,9146,0,Lauratown Auto Care,TRUE
SRV-001419,VEH-02478,11/02/2026,Engine Diagnostic,2436,12723,0,Andreahaven Auto Care,TRUE
SRV-001420,VEH-00652,26/05/2025,Full Service,34614,109537,1,Port Christinafort Auto Care,FALSE
SRV-001421,VEH-02611,20/09/2025,Wheel Alignment,2152,6892,3,Annetteshire Auto Care,FALSE
SRV-001422,VEH-01434,13/09/2024,Bodywork/Panel Repair,98623,88005,0,East Heather Auto Care,FALSE
SRV-001423,VEH-00755,19/06/2025,AC Repair,15430,50200,3,Port Martha Auto Care,FALSE
SRV-001424,VEH-01421,19/12/2024,Oil Change,5191,2631,1,New Brittanyhaven Auto Care,FALSE
SRV-001425,VEH-02757,26/09/2023,Suspension Repair,18972,17769,0,Clarkshire Auto Care,FALSE
SRV-001426,VEH-01749,19/02/2023,Transmission Service,18069,90907,0,South Gregoryview Auto Care,FALSE
SRV-001427,VEH-02646,23/07/2024,Bodywork/Panel Repair,75926,117439,3,Hoffmanborough Auto Care,TRUE
SRV-001428,VEH-00664,06/08/2026,Brake Inspection,2073,6700,1,Port Jeffreyland Auto Care,FALSE
SRV-001429,VEH-01304,10/05/2026,Brake Inspection,5927,7575,1,Rileyshire Auto Care,FALSE
SRV-001430,VEH-00172,11/12/2025,Oil Change,4093,79556,3,Amyfort Auto Care,FALSE
SRV-001431,VEH-01304,25/11/2022,Full Service,17058,7425,3,Banksside Auto Care,FALSE
SRV-001432,VEH-02084,03/12/2025,Oil Change,4348,175939,0,Bradfordview Auto Care,FALSE
SRV-001433,VEH-02663,23/11/2023,Recall Fix,0,10641,1,Brendaville Auto Care,FALSE
SRV-001434,VEH-02856,20/01/2025,Oil Change,3037,248,3,Christopherville Auto Care,FALSE
SRV-001435,VEH-01271,11/03/2024,Full Service,20255,21276,2,Elizabethmouth Auto Care,FALSE
SRV-001436,VEH-01342,16/01/2026,Transmission Service,21279,36987,0,West Matthew Auto Care,TRUE
SRV-001437,VEH-00200,08/09/2024,Full Service,29775,1830,2,North Jill Auto Care,FALSE
SRV-001438,VEH-01926,17/11/2024,Recall Fix,0,8961,1,New Troymouth Auto Care,TRUE
SRV-001439,VEH-01019,15/11/2024,Bodywork/Panel Repair,71665,20000,0,Gregorybury Auto Care,FALSE
SRV-001440,VEH-02378,21/10/2022,Battery Replacement,8298,5600,3,East Danielle Auto Care,FALSE
SRV-001441,VEH-02869,03/10/2024,Brake Inspection,4419,607,1,South Hayley Auto Care,TRUE
SRV-001442,VEH-01858,09/04/2026,Brake Inspection,3179,1212,3,Ericstad Auto Care,FALSE
SRV-001443,VEH-01391,26/04/2026,Bodywork/Panel Repair,71922,25324,1,South Kimberly Auto Care,FALSE
SRV-001444,VEH-01607,02/11/2025,Full Service,28701,12720,1,East Cesar Auto Care,FALSE
SRV-001445,VEH-02919,01/04/2023,Suspension Repair,36266,10283,0,Jeffreyland Auto Care,TRUE
SRV-001446,VEH-02339,31/10/2025,Bodywork/Panel Repair,92066,52039,0,Reyesbury Auto Care,FALSE
SRV-001447,VEH-02450,15/01/2025,Tire Rotation,1062,1823,1,South Steven Auto Care,TRUE
SRV-001448,VEH-00797,15/12/2025,Oil Change,5710,7472,3,Lauramouth Auto Care,FALSE
SRV-001449,VEH-02418,18/04/2023,Full Service,38859,81961,1,Alexanderville Auto Care,TRUE
SRV-001450,VEH-01046,07/07/2025,Battery Replacement,17012,161339,1,Richardstad Auto Care,FALSE
SRV-001451,VEH-02898,16/07/2023,Recall Fix,0,67675,0,Stephaniemouth Auto Care,FALSE
SRV-001452,VEH-01177,13/06/2025,Suspension Repair,15080,35862,3,Mitchellton Auto Care,TRUE
SRV-001453,VEH-01214,06/05/2025,Oil Change,5438,13293,0,Sparksbury Auto Care,FALSE
SRV-001454,VEH-02364,03/11/2023,Engine Diagnostic,3794,144689,1,Harringtonhaven Auto Care,TRUE
SRV-001455,VEH-01427,25/10/2024,Engine Diagnostic,3924,137925,3,South Heatherfurt Auto Care,FALSE
SRV-001456,VEH-02267,02/02/2026,Recall Fix,0,1724,0,New David Auto Care,FALSE
SRV-001457,VEH-02838,18/02/2023,Wheel Alignment,3722,10330,0,Castilloborough Auto Care,FALSE
SRV-001458,VEH-02501,23/05/2024,Full Service,35507,24359,0,West Johntown Auto Care,FALSE
SRV-001459,VEH-01115,15/08/2026,Tire Rotation,2156,15596,2,North Kimberlytown Auto Care,TRUE
SRV-001460,VEH-00809,14/11/2022,Wheel Alignment,3509,27804,1,Atkinsonfort Auto Care,FALSE
SRV-001461,VEH-02453,12/01/2025,Tire Rotation,2771,3086,0,North Victoria Auto Care,TRUE
SRV-001462,VEH-01479,09/12/2024,Oil Change,4649,17003,3,Lake Ricky Auto Care,TRUE
SRV-001463,VEH-00239,05/10/2024,Bodywork/Panel Repair,46527,194298,1,Chadside Auto Care,TRUE
SRV-001464,VEH-00955,17/10/2024,Full Service,38964,8560,0,East Rhondaburgh Auto Care,TRUE
SRV-001465,VEH-02874,01/02/2024,AC Repair,23654,18800,3,Lake Zacharyborough Auto Care,FALSE
SRV-001466,VEH-00295,19/09/2023,Wheel Alignment,2210,4631,1,East Thomas Auto Care,FALSE
SRV-001467,VEH-00010,14/06/2026,Recall Fix,0,5618,1,Deborahstad Auto Care,FALSE
SRV-001468,VEH-00134,11/11/2023,AC Repair,12884,11359,1,Jessicaport Auto Care,FALSE
SRV-001469,VEH-00506,02/01/2026,Tire Rotation,1923,3265,1,Rhondaburgh Auto Care,TRUE
SRV-001470,VEH-02391,15/08/2024,Engine Diagnostic,2641,20103,1,Fletcherburgh Auto Care,FALSE
SRV-001471,VEH-02349,20/12/2023,AC Repair,12979,19336,0,Lauramouth Auto Care,TRUE
SRV-001472,VEH-02141,28/08/2026,Suspension Repair,18314,6670,1,South Larrychester Auto Care,FALSE
SRV-001473,VEH-02256,02/09/2026,Brake Inspection,2601,85334,3,Grantmouth Auto Care,FALSE
SRV-001474,VEH-00008,25/02/2025,AC Repair,23634,10238,1,Davidtown Auto Care,FALSE
SRV-001475,VEH-02145,18/08/2025,Brake Inspection,7326,30167,1,Martinezfort Auto Care,FALSE
SRV-001476,VEH-01763,23/07/2024,Full Service,23665,11270,1,East Shawn Auto Care,TRUE
SRV-001477,VEH-00960,05/02/2023,Engine Diagnostic,2674,12083,3,West Tiffany Auto Care,FALSE
SRV-001478,VEH-02776,22/04/2025,AC Repair,7023,78917,1,North Amy Auto Care,FALSE
SRV-001479,VEH-01960,08/12/2024,Battery Replacement,17309,3687,0,Elliottland Auto Care,TRUE
SRV-001480,VEH-02273,27/06/2023,Battery Replacement,11611,51017,3,East Staceyburgh Auto Care,TRUE
SRV-001481,VEH-02247,22/07/2026,Oil Change,4951,9685,2,Robinsonside Auto Care,FALSE
SRV-001482,VEH-01868,18/03/2023,Full Service,25256,11796,0,Ryanland Auto Care,FALSE
SRV-001483,VEH-01875,17/11/2022,Suspension Repair,30357,2584,1,South George Auto Care,FALSE
SRV-001484,VEH-01516,01/10/2025,Bodywork/Panel Repair,44547,809,0,Katelynville Auto Care,TRUE
SRV-001485,VEH-00794,27/04/2025,Recall Fix,0,201129,2,East Logan Auto Care,FALSE
SRV-001486,VEH-00935,16/04/2023,AC Repair,10903,11117,2,Kellyfort Auto Care,FALSE
SRV-001487,VEH-00025,05/08/2025,Oil Change,2955,15959,0,Port Amber Auto Care,FALSE
SRV-001488,VEH-00992,29/06/2026,Tire Rotation,1365,5595,3,Anthonyville Auto Care,FALSE
SRV-001489,VEH-01517,03/06/2026,Brake Inspection,7639,58970,0,West Nina Auto Care,FALSE
SRV-001490,VEH-00453,20/04/2023,Engine Diagnostic,4174,91217,2,North Josephburgh Auto Care,FALSE
SRV-001491,VEH-02571,07/12/2022,Wheel Alignment,3986,64,2,New Ericville Auto Care,FALSE
SRV-001492,VEH-02174,22/05/2023,Battery Replacement,18581,40359,1,Timothyfurt Auto Care,FALSE
SRV-001493,VEH-01435,14/07/2025,Tire Rotation,1063,222,0,Jordanmouth Auto Care,FALSE
SRV-001494,VEH-00167,01/12/2024,Battery Replacement,13433,7829,0,North James Auto Care,FALSE
SRV-001495,VEH-01427,24/02/2023,Transmission Service,58536,150643,1,Jacksonview Auto Care,TRUE
SRV-001496,VEH-01036,12/12/2022,Tire Rotation,2431,6386,1,South Michael Auto Care,FALSE
SRV-001497,VEH-02057,23/08/2023,Transmission Service,59631,18940,1,Perryside Auto Care,TRUE
SRV-001498,VEH-02045,23/02/2026,Suspension Repair,28094,2054,0,Alyssaport Auto Care,FALSE
SRV-001499,VEH-02225,13/11/2025,Wheel Alignment,3631,27569,0,Lake Caitlinfurt Auto Care,TRUE
SRV-001500,VEH-00065,02/11/2024,Battery Replacement,12696,15475,1,New Kellymouth Auto Care,FALSE
SRV-001501,VEH-02225,10/01/2023,Brake Inspection,6582,33510,2,North William Auto Care,FALSE
SRV-001502,VEH-02843,22/11/2023,Transmission Service,27862,47987,2,Bellhaven Auto Care,FALSE
SRV-001503,VEH-01521,29/02/2024,Brake Inspection,7022,20565,3,New Josestad Auto Care,FALSE
SRV-001504,VEH-01596,19/09/2026,Transmission Service,56761,130306,0,Ryanstad Auto Care,TRUE
SRV-001505,VEH-02132,06/06/2025,Bodywork/Panel Repair,86095,11430,1,Lake Johnny Auto Care,FALSE
SRV-001506,VEH-00131,18/09/2026,Recall Fix,0,20594,1,North Marystad Auto Care,TRUE
SRV-001507,VEH-01702,31/05/2026,Recall Fix,0,41661,2,New Shawn Auto Care,FALSE
SRV-001508,VEH-00782,13/03/2026,Full Service,20963,5780,0,Martinmouth Auto Care,FALSE
SRV-001509,VEH-00537,29/09/2024,Full Service,19828,6895,2,Brandonburgh Auto Care,FALSE
SRV-001510,VEH-00348,01/03/2024,Brake Inspection,3412,10711,1,Lake Lisa Auto Care,FALSE
SRV-001511,VEH-00107,20/07/2025,Battery Replacement,17253,204847,0,Port Jack Auto Care,FALSE
SRV-001512,VEH-02217,02/10/2024,Recall Fix,0,156259,3,West Joseph Auto Care,FALSE
SRV-001513,VEH-00164,13/12/2023,Suspension Repair,33104,75670,0,Sarahtown Auto Care,FALSE
SRV-001514,VEH-02040,15/10/2023,Full Service,20583,76641,1,South Barbaraside Auto Care,FALSE
SRV-001515,VEH-00979,19/04/2023,Transmission Service,46330,125624,1,Johnchester Auto Care,FALSE
SRV-001516,VEH-02627,24/09/2024,Bodywork/Panel Repair,66230,96734,3,Hernandezfurt Auto Care,FALSE
SRV-001517,VEH-00978,12/08/2024,Brake Inspection,7684,11248,3,Meyershire Auto Care,FALSE
SRV-001518,VEH-02668,12/10/2022,Battery Replacement,17085,172090,3,Floresland Auto Care,FALSE
SRV-001519,VEH-01333,19/06/2024,Full Service,25236,69370,0,New Adam Auto Care,FALSE
SRV-001520,VEH-01553,19/07/2024,Oil Change,3762,35975,0,South Kari Auto Care,FALSE
SRV-001521,VEH-00510,18/05/2025,Transmission Service,57088,7393,2,Alexandershire Auto Care,FALSE
SRV-001522,VEH-00227,16/04/2026,Oil Change,2959,39632,3,South Jasonberg Auto Care,TRUE
SRV-001523,VEH-01328,16/06/2023,Bodywork/Panel Repair,112880,106177,1,South Peterside Auto Care,FALSE
SRV-001524,VEH-02005,19/10/2022,AC Repair,12371,7889,0,South Casey Auto Care,FALSE
SRV-001525,VEH-00393,07/06/2025,Brake Inspection,7579,24115,0,Kevintown Auto Care,FALSE
SRV-001526,VEH-01067,15/08/2025,Recall Fix,0,5168,3,New Christopher Auto Care,TRUE
SRV-001527,VEH-01663,02/05/2025,Oil Change,5391,23835,2,Patricktown Auto Care,TRUE
SRV-001528,VEH-00190,25/07/2025,Recall Fix,0,70536,2,Julieview Auto Care,FALSE
SRV-001529,VEH-02759,12/02/2025,Full Service,22297,4834,0,Chadview Auto Care,FALSE
SRV-001530,VEH-02238,28/02/2025,Recall Fix,0,8230,3,Port David Auto Care,TRUE
SRV-001531,VEH-02818,08/09/2023,Full Service,17831,1290,3,Jenniferton Auto Care,TRUE
SRV-001532,VEH-00794,01/10/2025,Wheel Alignment,3979,202498,0,East Mary Auto Care,TRUE
SRV-001533,VEH-01745,24/09/2023,Recall Fix,0,10100,2,Ravenland Auto Care,TRUE
SRV-001534,VEH-01415,22/07/2025,Battery Replacement,10120,235,1,Mejiahaven Auto Care,FALSE
SRV-001535,VEH-02239,08/06/2025,Brake Inspection,2347,5789,0,Lopezbury Auto Care,TRUE
SRV-001536,VEH-02484,02/09/2026,Bodywork/Panel Repair,43532,54634,1,West Amberfurt Auto Care,FALSE
SRV-001537,VEH-01978,16/11/2022,Suspension Repair,10844,1305,0,Smithview Auto Care,FALSE
SRV-001538,VEH-00781,16/09/2023,Bodywork/Panel Repair,95752,1883,0,Ellenville Auto Care,FALSE
SRV-001539,VEH-01957,21/10/2024,Brake Inspection,3072,2814,0,Catherineland Auto Care,FALSE
SRV-001540,VEH-00453,05/08/2024,Recall Fix,0,78535,1,South Sarah Auto Care,FALSE
SRV-001541,VEH-01866,05/01/2023,Oil Change,3401,2569,1,New Emilyview Auto Care,FALSE
SRV-001542,VEH-01512,15/02/2024,Transmission Service,48591,16722,1,Harrisland Auto Care,FALSE
SRV-001543,VEH-00690,12/12/2025,Transmission Service,16547,7590,0,Seanshire Auto Care,FALSE
SRV-001544,VEH-02598,03/06/2024,Battery Replacement,15133,39263,0,Port Haydenmouth Auto Care,FALSE
SRV-001545,VEH-00753,12/12/2022,Brake Inspection,2332,20375,0,Wardmouth Auto Care,FALSE
SRV-001546,VEH-00299,19/11/2024,Suspension Repair,26549,104036,0,Jamesfort Auto Care,FALSE
SRV-001547,VEH-02425,31/03/2025,Oil Change,5779,125388,0,Gamblehaven Auto Care,FALSE
SRV-001548,VEH-00907,21/04/2026,Recall Fix,0,2842,0,South Jenniferhaven Auto Care,FALSE
SRV-001549,VEH-00596,08/06/2025,AC Repair,18836,213633,1,New Richardland Auto Care,FALSE
SRV-001550,VEH-00606,07/03/2023,Wheel Alignment,2615,88874,1,Mitchellport Auto Care,FALSE
SRV-001551,VEH-01221,25/09/2025,Suspension Repair,35156,6948,0,Leeburgh Auto Care,TRUE
SRV-001552,VEH-02722,02/02/2023,Full Service,37399,32,0,Bowmanhaven Auto Care,FALSE
SRV-001553,VEH-01101,26/12/2025,Full Service,21113,28100,1,Kellymouth Auto Care,FALSE
SRV-001554,VEH-01092,13/12/2023,Tire Rotation,2091,1384,1,Mcleanmouth Auto Care,TRUE
SRV-001555,VEH-02712,01/11/2022,Engine Diagnostic,4140,16704,2,Williamsmouth Auto Care,TRUE
SRV-001556,VEH-02124,14/11/2025,Recall Fix,0,7000,1,Andreahaven Auto Care,TRUE
SRV-001557,VEH-01573,01/08/2025,Transmission Service,46908,13876,3,West Amber Auto Care,TRUE
SRV-001558,VEH-00827,27/04/2024,Full Service,16582,40124,2,Campbellbury Auto Care,TRUE
SRV-001559,VEH-00210,07/09/2026,Tire Rotation,1866,27543,2,Port Steven Auto Care,FALSE
SRV-001560,VEH-01476,15/04/2024,Suspension Repair,17206,79706,1,Christopherland Auto Care,FALSE
SRV-001561,VEH-01492,27/10/2025,Brake Inspection,2103,2737,0,Ronaldberg Auto Care,TRUE
SRV-001562,VEH-00140,29/09/2024,Suspension Repair,33295,57119,0,Williamsland Auto Care,FALSE
SRV-001563,VEH-01374,10/09/2026,Recall Fix,0,57534,2,Lisafurt Auto Care,TRUE
SRV-001564,VEH-01153,04/06/2023,Engine Diagnostic,2977,6268,2,Moralesshire Auto Care,FALSE
SRV-001565,VEH-02291,08/01/2025,Full Service,17149,8050,3,New Brianstad Auto Care,FALSE
SRV-001566,VEH-00812,09/04/2023,Brake Inspection,5152,384638,1,Benitezshire Auto Care,FALSE
SRV-001567,VEH-00902,16/05/2023,Engine Diagnostic,2889,8517,0,North Angelaview Auto Care,FALSE
SRV-001568,VEH-02344,05/06/2024,Transmission Service,24339,35166,0,Port Curtis Auto Care,TRUE
SRV-001569,VEH-01234,17/10/2025,Battery Replacement,19908,6348,1,Sarahchester Auto Care,FALSE
SRV-001570,VEH-00362,25/11/2022,AC Repair,5263,47299,0,Cantrellfurt Auto Care,FALSE
SRV-001571,VEH-02608,07/06/2025,Wheel Alignment,3264,1153,2,Anneborough Auto Care,FALSE
SRV-001572,VEH-01225,27/05/2026,AC Repair,12814,9703,3,East Todd Auto Care,FALSE
SRV-001573,VEH-02487,18/02/2024,Suspension Repair,22817,241,1,New Abigail Auto Care,FALSE
SRV-001574,VEH-00914,27/10/2025,Tire Rotation,1478,63680,0,East Desiree Auto Care,TRUE
SRV-001575,VEH-02398,09/11/2023,AC Repair,22314,2145,0,Lake Eric Auto Care,FALSE
SRV-001576,VEH-01312,09/05/2026,Brake Inspection,6283,26488,1,Williamshire Auto Care,FALSE
SRV-001577,VEH-00882,26/08/2025,Battery Replacement,11484,44528,0,New Laurie Auto Care,FALSE
SRV-001578,VEH-02615,31/05/2025,Oil Change,4898,21138,0,Lake Alan Auto Care,FALSE
SRV-001579,VEH-02037,20/09/2026,Tire Rotation,2613,60493,0,Jordanmouth Auto Care,FALSE
SRV-001580,VEH-00421,14/08/2023,Oil Change,3360,83243,0,Vincentmouth Auto Care,FALSE
SRV-001581,VEH-01117,19/08/2026,AC Repair,15672,55992,1,North Ashleytown Auto Care,FALSE
SRV-001582,VEH-00075,19/05/2023,Brake Inspection,5928,12166,0,North Benjaminborough Auto Care,FALSE
SRV-001583,VEH-01176,18/07/2026,Tire Rotation,1424,21814,0,Lake Robert Auto Care,FALSE
SRV-001584,VEH-02169,22/06/2024,Suspension Repair,12678,2867,1,South Annhaven Auto Care,FALSE
SRV-001585,VEH-00224,14/10/2025,Wheel Alignment,3942,9256,0,Hoganport Auto Care,TRUE
SRV-001586,VEH-00853,08/09/2025,Recall Fix,0,3156,2,South Teresaberg Auto Care,FALSE
SRV-001587,VEH-01089,01/11/2024,Tire Rotation,2235,4425,0,Osbornestad Auto Care,FALSE
SRV-001588,VEH-01090,01/10/2022,Tire Rotation,2184,208060,2,Port Jessica Auto Care,TRUE
SRV-001589,VEH-01228,24/12/2025,AC Repair,11589,39864,3,Sarahburgh Auto Care,FALSE
SRV-001590,VEH-00825,29/03/2024,Suspension Repair,39655,35697,0,Port Christopherberg Auto Care,FALSE
SRV-001591,VEH-00804,11/03/2026,Recall Fix,0,85258,3,West Suestad Auto Care,FALSE
SRV-001592,VEH-02077,06/08/2023,Recall Fix,0,21972,0,Murphyshire Auto Care,TRUE
SRV-001593,VEH-01608,12/07/2026,Tire Rotation,1849,27642,2,South Charles Auto Care,FALSE
SRV-001594,VEH-01211,03/04/2025,Battery Replacement,9516,9392,1,Linfurt Auto Care,FALSE
SRV-001595,VEH-01987,06/08/2026,Battery Replacement,8721,1237,0,South Garyberg Auto Care,FALSE
SRV-001596,VEH-01628,24/04/2025,Brake Inspection,6160,24790,2,East Alyssa Auto Care,TRUE
SRV-001597,VEH-00888,14/03/2023,Oil Change,4167,138347,1,Port Karenton Auto Care,TRUE
SRV-001598,VEH-02675,24/03/2023,Bodywork/Panel Repair,101478,64969,1,Murrayport Auto Care,FALSE
SRV-001599,VEH-00009,18/01/2024,Transmission Service,51269,22911,0,Smithbury Auto Care,FALSE
SRV-001600,VEH-02859,29/12/2023,Engine Diagnostic,2345,9856,1,Bakerville Auto Care,FALSE
SRV-001601,VEH-02319,22/10/2024,Bodywork/Panel Repair,89985,2698,0,Albertside Auto Care,FALSE
SRV-001602,VEH-01532,18/12/2025,Battery Replacement,8393,19427,1,North Sarah Auto Care,FALSE
SRV-001603,VEH-01619,10/08/2023,Full Service,18883,25292,0,North Melissa Auto Care,FALSE
SRV-001604,VEH-00934,14/05/2026,Tire Rotation,2858,43604,1,West Carmen Auto Care,TRUE
SRV-001605,VEH-00567,04/05/2024,Recall Fix,0,9933,0,North Mary Auto Care,TRUE
SRV-001606,VEH-01181,15/12/2023,Bodywork/Panel Repair,33449,10005,2,Lake Anthonybury Auto Care,FALSE
SRV-001607,VEH-01489,28/08/2024,Recall Fix,0,14617,2,Danielville Auto Care,FALSE
SRV-001608,VEH-01710,07/05/2024,Wheel Alignment,1523,3894,0,Annchester Auto Care,TRUE
SRV-001609,VEH-02558,09/09/2025,AC Repair,19830,9142,2,Riceshire Auto Care,TRUE
SRV-001610,VEH-02610,11/02/2025,Suspension Repair,23415,183,2,East Chelsea Auto Care,FALSE
SRV-001611,VEH-02344,31/08/2024,AC Repair,9797,33424,0,Lake David Auto Care,TRUE
SRV-001612,VEH-02203,26/12/2024,Tire Rotation,2979,16618,1,Johnsonhaven Auto Care,FALSE
SRV-001613,VEH-01189,20/12/2023,Wheel Alignment,2588,303,0,Lewisstad Auto Care,TRUE
SRV-001614,VEH-01883,17/04/2024,AC Repair,23332,20528,2,Dianatown Auto Care,FALSE
SRV-001615,VEH-00576,09/01/2023,Tire Rotation,2405,27749,1,North Diane Auto Care,FALSE
SRV-001616,VEH-02753,03/08/2025,Wheel Alignment,2958,30476,1,West Sandrashire Auto Care,TRUE
SRV-001617,VEH-00939,10/10/2025,Battery Replacement,14365,41171,1,Davidborough Auto Care,FALSE
SRV-001618,VEH-02220,01/07/2026,AC Repair,10773,146870,2,Barbarabury Auto Care,FALSE
SRV-001619,VEH-00782,07/10/2022,Battery Replacement,12832,14649,1,Port Ashleystad Auto Care,FALSE
SRV-001620,VEH-00276,21/11/2023,AC Repair,9303,9017,0,Brownport Auto Care,FALSE
SRV-001621,VEH-01945,28/10/2023,Brake Inspection,2180,65415,3,Ericashire Auto Care,FALSE
SRV-001622,VEH-00465,23/02/2025,Brake Inspection,5540,49675,2,West Lawrenceland Auto Care,FALSE
SRV-001623,VEH-01424,03/10/2022,Full Service,35467,9759,0,North Danielle Auto Care,TRUE
SRV-001624,VEH-02022,10/08/2023,Tire Rotation,2729,63804,1,Smithmouth Auto Care,TRUE
SRV-001625,VEH-01858,17/01/2023,Tire Rotation,1652,5154,0,Port Julie Auto Care,FALSE
SRV-001626,VEH-02646,24/07/2024,Engine Diagnostic,4261,127142,1,Port Keithberg Auto Care,TRUE
SRV-001627,VEH-02807,07/01/2023,Transmission Service,53363,3490,2,North Linda Auto Care,TRUE
SRV-001628,VEH-00457,05/10/2022,Engine Diagnostic,4040,2981,0,West Richardfort Auto Care,FALSE
SRV-001629,VEH-00666,28/04/2025,Bodywork/Panel Repair,62081,2550,1,Gomezland Auto Care,TRUE
SRV-001630,VEH-02287,27/11/2022,AC Repair,14069,5706,2,New Justinchester Auto Care,FALSE
SRV-001631,VEH-01160,26/01/2024,Battery Replacement,19044,20880,1,Gregorymouth Auto Care,FALSE
SRV-001632,VEH-02326,29/09/2025,Brake Inspection,7160,59063,0,Everetthaven Auto Care,FALSE
SRV-001633,VEH-02333,14/05/2024,Suspension Repair,43888,15608,0,East Gabriel Auto Care,FALSE
SRV-001634,VEH-00951,20/12/2022,Bodywork/Panel Repair,21206,145693,3,Lindsayport Auto Care,FALSE
SRV-001635,VEH-02100,01/03/2026,Tire Rotation,2183,26915,1,South Christopherstad Auto Care,TRUE
SRV-001636,VEH-01829,27/05/2026,Brake Inspection,2247,11471,3,Jimenezberg Auto Care,FALSE
SRV-001637,VEH-01897,16/05/2025,Wheel Alignment,3231,10699,1,Lake Mikayla Auto Care,TRUE
SRV-001638,VEH-00545,23/06/2025,Full Service,22114,13460,2,Websterton Auto Care,FALSE
SRV-001639,VEH-00199,18/09/2024,Bodywork/Panel Repair,20013,43350,1,Port Noahhaven Auto Care,TRUE
SRV-001640,VEH-02031,25/06/2025,Engine Diagnostic,2091,125928,1,Thomasbury Auto Care,TRUE
SRV-001641,VEH-00032,27/02/2024,Bodywork/Panel Repair,90374,8449,0,New Cynthia Auto Care,FALSE
SRV-001642,VEH-00622,08/03/2025,Suspension Repair,39594,4536,0,Christopherstad Auto Care,FALSE
SRV-001643,VEH-01093,09/06/2025,AC Repair,13179,78814,1,North Kevin Auto Care,FALSE
SRV-001644,VEH-00534,15/10/2024,Recall Fix,0,49095,0,North Kevinborough Auto Care,TRUE
SRV-001645,VEH-00998,13/09/2025,Engine Diagnostic,4019,3110,0,Lake Stacyfurt Auto Care,FALSE
SRV-001646,VEH-00649,15/04/2023,Brake Inspection,7351,35081,2,Hutchinsonburgh Auto Care,FALSE
SRV-001647,VEH-02403,10/04/2024,Bodywork/Panel Repair,23951,78457,1,Jasonburgh Auto Care,FALSE
SRV-001648,VEH-01758,09/09/2024,Bodywork/Panel Repair,104468,48659,1,Jasonbury Auto Care,FALSE
SRV-001649,VEH-00298,26/05/2023,Battery Replacement,11727,13652,1,Farmerburgh Auto Care,FALSE
SRV-001650,VEH-01790,02/06/2026,Tire Rotation,1616,89736,1,West Brian Auto Care,FALSE
SRV-001651,VEH-01472,11/06/2026,Bodywork/Panel Repair,17607,18789,2,West Alyssa Auto Care,FALSE
SRV-001652,VEH-00060,02/09/2024,Bodywork/Panel Repair,51069,7859,0,Lake Erin Auto Care,FALSE
SRV-001653,VEH-02448,26/04/2023,Battery Replacement,15999,56446,0,Port Aaron Auto Care,FALSE
SRV-001654,VEH-02932,04/11/2023,Brake Inspection,6889,41826,0,Scottfort Auto Care,FALSE
SRV-001655,VEH-01799,12/04/2024,AC Repair,23864,103552,3,East Alyssamouth Auto Care,TRUE
SRV-001656,VEH-01290,17/11/2025,Brake Inspection,1589,36060,3,Rachelland Auto Care,FALSE
SRV-001657,VEH-02765,14/01/2025,Suspension Repair,28979,1628,2,Heatherton Auto Care,FALSE
SRV-001658,VEH-00207,21/08/2023,Battery Replacement,9744,19106,2,Garciaton Auto Care,FALSE
SRV-001659,VEH-02878,13/03/2026,Engine Diagnostic,4850,53109,1,Lake Sarahview Auto Care,FALSE
SRV-001660,VEH-01819,12/12/2025,Oil Change,2917,18784,1,Javierton Auto Care,TRUE
SRV-001661,VEH-02588,12/04/2024,Battery Replacement,13856,72797,3,New Ambershire Auto Care,FALSE
SRV-001662,VEH-00158,26/03/2025,Battery Replacement,10227,33555,0,Port Jonathan Auto Care,TRUE
SRV-001663,VEH-00313,22/07/2025,Tire Rotation,1861,22497,1,Terryton Auto Care,TRUE
SRV-001664,VEH-02599,01/11/2025,Transmission Service,17831,417,1,Wileyfurt Auto Care,FALSE
SRV-001665,VEH-00006,16/11/2024,AC Repair,21046,33481,1,Elizabethfurt Auto Care,FALSE
SRV-001666,VEH-02109,28/04/2024,AC Repair,23629,1964,0,Adrienneport Auto Care,FALSE
SRV-001667,VEH-01312,25/05/2023,Oil Change,2928,26982,0,West Jackson Auto Care,FALSE
SRV-001668,VEH-00799,16/09/2024,Wheel Alignment,2383,45548,1,Pricestad Auto Care,FALSE
SRV-001669,VEH-00116,21/09/2024,Tire Rotation,2792,70564,2,Michaelchester Auto Care,FALSE
SRV-001670,VEH-01774,25/04/2026,AC Repair,24583,86703,1,Larryberg Auto Care,TRUE
SRV-001671,VEH-01574,17/03/2025,Full Service,33411,10987,1,South Tristan Auto Care,FALSE
SRV-001672,VEH-00556,31/10/2022,Transmission Service,31744,38110,1,New Jasonstad Auto Care,FALSE
SRV-001673,VEH-01632,16/04/2023,Tire Rotation,2039,8026,0,Summersport Auto Care,FALSE
SRV-001674,VEH-02925,30/04/2025,AC Repair,9186,32696,0,Devinburgh Auto Care,FALSE
SRV-001675,VEH-01737,24/12/2025,AC Repair,20293,2415,2,North Roger Auto Care,FALSE
SRV-001676,VEH-02645,25/12/2022,Suspension Repair,12953,121345,3,Gregghaven Auto Care,FALSE
SRV-001677,VEH-01429,07/02/2026,Engine Diagnostic,2297,18400,0,West Chelseamouth Auto Care,FALSE
SRV-001678,VEH-02336,21/01/2023,Brake Inspection,5099,1310,2,Huntertown Auto Care,FALSE
SRV-001679,VEH-01038,04/11/2025,Bodywork/Panel Repair,66257,12911,0,Lake Louis Auto Care,FALSE
SRV-001680,VEH-00451,25/06/2026,Wheel Alignment,2489,2920,3,Colebury Auto Care,FALSE
SRV-001681,VEH-02150,31/03/2023,Recall Fix,0,4091,1,West Brent Auto Care,TRUE
SRV-001682,VEH-01854,29/03/2025,Transmission Service,15085,1332,1,New Patrick Auto Care,FALSE
SRV-001683,VEH-00397,23/08/2023,Brake Inspection,4039,11954,1,Thomasbury Auto Care,TRUE
SRV-001684,VEH-01204,09/01/2023,Tire Rotation,1050,49290,1,Morganstad Auto Care,FALSE
SRV-001685,VEH-00940,09/08/2023,Engine Diagnostic,3651,56966,0,Lake Steven Auto Care,FALSE
SRV-001686,VEH-02717,03/06/2025,Tire Rotation,1524,12401,1,Robertamouth Auto Care,FALSE
SRV-001687,VEH-00791,02/07/2025,Battery Replacement,19866,25254,0,Robinsonchester Auto Care,TRUE
SRV-001688,VEH-02391,05/02/2024,AC Repair,5643,17404,0,Williammouth Auto Care,TRUE
SRV-001689,VEH-01546,27/06/2026,Wheel Alignment,1503,93388,1,Esparzaport Auto Care,FALSE
SRV-001690,VEH-02234,31/08/2026,AC Repair,15534,20521,0,Gatesshire Auto Care,TRUE
SRV-001691,VEH-00510,09/01/2023,Battery Replacement,11203,8773,0,Ericaside Auto Care,FALSE
SRV-001692,VEH-00948,27/02/2025,Engine Diagnostic,3084,15162,2,Robinsontown Auto Care,FALSE
SRV-001693,VEH-02124,16/06/2025,Recall Fix,0,23672,0,Lake Travis Auto Care,TRUE
SRV-001694,VEH-01729,26/11/2024,Engine Diagnostic,4145,9202,0,Yvonneville Auto Care,TRUE
SRV-001695,VEH-00318,24/08/2026,Bodywork/Panel Repair,75612,22974,2,Elizabethport Auto Care,TRUE
SRV-001696,VEH-00168,12/06/2025,Bodywork/Panel Repair,112685,17489,2,New Alexandria Auto Care,FALSE
SRV-001697,VEH-02738,04/10/2025,Full Service,13147,248,3,South Amanda Auto Care,TRUE
SRV-001698,VEH-01521,23/06/2024,Engine Diagnostic,2997,3764,1,New Andrewmouth Auto Care,FALSE
SRV-001699,VEH-00001,01/11/2022,Bodywork/Panel Repair,111085,1075,1,Randyville Auto Care,FALSE
SRV-001700,VEH-00083,09/09/2026,Engine Diagnostic,2052,143997,0,Staceystad Auto Care,TRUE
SRV-001701,VEH-02006,13/04/2024,Tire Rotation,1319,55371,1,North Tristanport Auto Care,FALSE
SRV-001702,VEH-01230,02/03/2026,Battery Replacement,18959,42358,0,New Adrianafurt Auto Care,TRUE
SRV-001703,VEH-02809,02/07/2026,Brake Inspection,6435,34000,3,North Nathanhaven Auto Care,FALSE
SRV-001704,VEH-00151,27/04/2025,Full Service,36260,13112,3,North Tonyhaven Auto Care,TRUE
SRV-001705,VEH-02649,06/08/2024,Full Service,16680,7401,2,New Stephen Auto Care,FALSE
SRV-001706,VEH-02396,08/10/2022,Oil Change,2661,24479,1,Lake Jacobchester Auto Care,FALSE
SRV-001707,VEH-02861,21/11/2024,Oil Change,4725,16892,1,Lake Darryl Auto Care,FALSE
SRV-001708,VEH-02383,17/12/2025,Full Service,14991,32462,2,Jacksonview Auto Care,FALSE
SRV-001709,VEH-00880,12/07/2023,Bodywork/Panel Repair,98747,69568,1,South Brandonland Auto Care,FALSE
SRV-001710,VEH-01123,16/01/2026,AC Repair,11101,18014,1,South Colleenfort Auto Care,TRUE
SRV-001711,VEH-02813,05/07/2024,Battery Replacement,10729,7424,0,West Josephmouth Auto Care,TRUE
SRV-001712,VEH-00290,25/12/2025,AC Repair,22280,38969,0,Port Richard Auto Care,TRUE
SRV-001713,VEH-02038,30/01/2025,Recall Fix,0,77423,1,Lake Shawna Auto Care,FALSE
SRV-001714,VEH-00111,08/01/2023,Brake Inspection,5369,6939,0,Jenniferland Auto Care,TRUE
SRV-001715,VEH-02860,18/03/2025,Oil Change,3153,16217,1,Lake Davidbury Auto Care,TRUE
SRV-001716,VEH-01964,21/06/2023,Battery Replacement,12698,27077,1,Mccarthyton Auto Care,FALSE
SRV-001717,VEH-02958,16/03/2026,Bodywork/Panel Repair,53876,61048,0,Harringtonberg Auto Care,FALSE
SRV-001718,VEH-01584,07/03/2024,Engine Diagnostic,2902,9101,1,Diazberg Auto Care,FALSE
SRV-001719,VEH-01432,01/04/2023,Transmission Service,24648,103646,3,East Lisa Auto Care,TRUE
SRV-001720,VEH-00789,02/03/2026,Engine Diagnostic,2434,95517,0,Port Kevin Auto Care,FALSE
SRV-001721,VEH-01822,05/05/2025,AC Repair,21992,18295,0,West Robertview Auto Care,FALSE
SRV-001722,VEH-01969,19/02/2026,Battery Replacement,8535,57650,3,North Scott Auto Care,FALSE
SRV-001723,VEH-01205,12/01/2026,AC Repair,16594,54498,0,Lake Brianview Auto Care,TRUE
SRV-001724,VEH-02165,23/04/2026,Wheel Alignment,3406,165036,0,Clarkland Auto Care,FALSE
SRV-001725,VEH-02450,04/02/2026,Battery Replacement,19379,1856,2,New Heathermouth Auto Care,FALSE
SRV-001726,VEH-01355,10/06/2026,Brake Inspection,5393,55200,2,Lake Carlside Auto Care,TRUE
SRV-001727,VEH-02942,02/11/2024,Bodywork/Panel Repair,18487,4485,1,West Andrew Auto Care,FALSE
SRV-001728,VEH-00662,04/02/2024,Brake Inspection,2931,44622,3,Sandrastad Auto Care,FALSE
SRV-001729,VEH-02105,15/05/2025,Tire Rotation,2680,56377,2,North Amy Auto Care,TRUE
SRV-001730,VEH-02042,06/09/2023,Full Service,30158,106706,0,East Michaelmouth Auto Care,FALSE
SRV-001731,VEH-02085,01/10/2022,Engine Diagnostic,4892,56483,0,Leeville Auto Care,FALSE
SRV-001732,VEH-02874,27/09/2023,Wheel Alignment,2110,2803,1,Denisetown Auto Care,FALSE
SRV-001733,VEH-00773,13/09/2026,Engine Diagnostic,3133,75818,3,Joshuatown Auto Care,FALSE
SRV-001734,VEH-02827,24/08/2024,Battery Replacement,17830,1147,3,Kingfort Auto Care,FALSE
SRV-001735,VEH-00667,15/03/2023,Suspension Repair,16358,5758,1,Holtshire Auto Care,FALSE
SRV-001736,VEH-00521,19/11/2023,Transmission Service,23092,56088,0,South Amy Auto Care,TRUE
SRV-001737,VEH-02783,16/03/2023,Brake Inspection,5787,14702,0,North Kenneth Auto Care,FALSE
SRV-001738,VEH-00444,25/02/2024,Transmission Service,43159,2318,1,Port Christina Auto Care,FALSE
SRV-001739,VEH-02499,31/01/2025,Brake Inspection,4213,39653,0,Port Taylorberg Auto Care,FALSE
SRV-001740,VEH-02124,21/01/2026,Oil Change,4857,7750,0,Port Margaretside Auto Care,FALSE
SRV-001741,VEH-02661,08/05/2026,Transmission Service,23729,9251,1,Jessicastad Auto Care,FALSE
SRV-001742,VEH-01046,27/07/2025,AC Repair,7659,157909,1,Markport Auto Care,TRUE
SRV-001743,VEH-02132,19/12/2022,Recall Fix,0,4574,2,East Evan Auto Care,FALSE
SRV-001744,VEH-00283,18/10/2025,Recall Fix,0,95097,1,Krausetown Auto Care,FALSE
SRV-001745,VEH-02870,15/04/2023,Suspension Repair,39198,22446,0,New Tonyachester Auto Care,FALSE
SRV-001746,VEH-02483,15/12/2025,Brake Inspection,2999,9701,1,Sawyerberg Auto Care,FALSE
SRV-001747,VEH-02082,29/02/2024,Tire Rotation,2567,4555,1,South Brittany Auto Care,FALSE
SRV-001748,VEH-00975,05/12/2025,Wheel Alignment,1790,11536,2,Jonathanview Auto Care,FALSE
SRV-001749,VEH-01001,24/03/2024,Transmission Service,46102,102534,0,Lake Lindaton Auto Care,FALSE
SRV-001750,VEH-02765,17/06/2024,AC Repair,12971,4959,1,Burnsberg Auto Care,TRUE
SRV-001751,VEH-01928,05/01/2023,Oil Change,4579,14513,0,Port Katherineside Auto Care,FALSE
SRV-001752,VEH-00376,21/07/2023,Brake Inspection,2796,452,0,South Jasonview Auto Care,TRUE
SRV-001753,VEH-02658,28/12/2023,Bodywork/Panel Repair,87606,21382,1,Port Jessica Auto Care,FALSE
SRV-001754,VEH-02897,04/03/2023,AC Repair,11643,15535,3,Lake Ellenview Auto Care,FALSE
SRV-001755,VEH-02600,12/06/2023,AC Repair,16507,2963,3,Seanstad Auto Care,FALSE
SRV-001756,VEH-02028,18/11/2023,Recall Fix,0,1257,1,Port Jeremy Auto Care,FALSE
SRV-001757,VEH-01181,01/10/2023,Suspension Repair,25378,24935,0,Jasonview Auto Care,FALSE
SRV-001758,VEH-00572,20/02/2025,Tire Rotation,1424,3094,1,Martinezport Auto Care,FALSE
SRV-001759,VEH-01646,14/12/2024,Recall Fix,0,742,3,Meyerhaven Auto Care,FALSE
SRV-001760,VEH-02502,21/04/2026,Wheel Alignment,3944,7660,1,East Evan Auto Care,FALSE
SRV-001761,VEH-00476,24/02/2024,Bodywork/Panel Repair,10019,41476,1,West Anthony Auto Care,FALSE
SRV-001762,VEH-00753,05/07/2023,Suspension Repair,32139,24287,0,Villaview Auto Care,FALSE
SRV-001763,VEH-02444,03/07/2025,Transmission Service,59658,47166,1,Bowmantown Auto Care,FALSE
SRV-001764,VEH-02799,21/07/2023,Battery Replacement,17111,59144,0,New Jonathan Auto Care,FALSE
SRV-001765,VEH-00961,15/06/2026,Oil Change,5866,21971,1,East Sarahtown Auto Care,FALSE
SRV-001766,VEH-02254,06/03/2024,AC Repair,15891,56620,0,Hobbsfort Auto Care,FALSE
SRV-001767,VEH-01616,31/10/2025,Recall Fix,0,40292,0,Donaldburgh Auto Care,FALSE
SRV-001768,VEH-02744,02/02/2026,Full Service,17299,50601,3,Port Feliciaburgh Auto Care,TRUE
SRV-001769,VEH-01513,24/10/2025,AC Repair,11657,59183,0,North Jessicatown Auto Care,FALSE
SRV-001770,VEH-01428,06/06/2025,Oil Change,4085,65862,3,East Dorothy Auto Care,FALSE
SRV-001771,VEH-02946,06/12/2023,Full Service,38906,19560,0,North Jacob Auto Care,TRUE
SRV-001772,VEH-01135,14/08/2025,Engine Diagnostic,2554,847,2,Davidsonside Auto Care,FALSE
SRV-001773,VEH-00630,07/01/2024,Transmission Service,46868,39585,2,Samanthaborough Auto Care,FALSE
SRV-001774,VEH-02073,05/04/2024,Battery Replacement,19770,32246,0,Port Brianville Auto Care,TRUE
SRV-001775,VEH-02102,26/01/2024,Bodywork/Panel Repair,62566,2882,0,Allenborough Auto Care,FALSE
SRV-001776,VEH-01753,12/06/2024,Battery Replacement,8480,294,2,Perryview Auto Care,TRUE
SRV-001777,VEH-02632,16/06/2025,Bodywork/Panel Repair,40235,23119,1,South Monica Auto Care,FALSE
SRV-001778,VEH-02833,22/11/2024,Full Service,30168,18173,2,Crossport Auto Care,FALSE
SRV-001779,VEH-01511,10/05/2025,Brake Inspection,3661,59637,0,New Barbaraside Auto Care,TRUE
SRV-001780,VEH-01606,09/09/2025,Full Service,17506,2757,0,Melissaville Auto Care,FALSE
SRV-001781,VEH-00018,22/04/2026,Engine Diagnostic,3584,2347,1,Lake Dawn Auto Care,FALSE
SRV-001782,VEH-01969,19/01/2024,Oil Change,3659,41469,3,Lauriemouth Auto Care,FALSE
SRV-001783,VEH-00820,15/10/2023,Wheel Alignment,3941,8362,1,New Peter Auto Care,FALSE
SRV-001784,VEH-02287,06/11/2024,Battery Replacement,10487,3817,2,South Melissa Auto Care,FALSE
SRV-001785,VEH-01599,17/03/2025,Bodywork/Panel Repair,105284,93651,0,Monicaberg Auto Care,FALSE
SRV-001786,VEH-01977,14/01/2025,Suspension Repair,43426,1908,3,North Wesley Auto Care,FALSE
SRV-001787,VEH-02030,17/01/2025,Suspension Repair,17377,4431,1,Rodriguezchester Auto Care,FALSE
SRV-001788,VEH-00038,08/06/2024,Brake Inspection,4448,30106,2,East Lisa Auto Care,FALSE
SRV-001789,VEH-00969,10/07/2023,Oil Change,5159,10276,1,New Christophermouth Auto Care,FALSE
SRV-001790,VEH-01938,03/11/2023,Brake Inspection,3301,96307,1,South Williamport Auto Care,FALSE
SRV-001791,VEH-01409,23/04/2025,Battery Replacement,8638,86570,1,Bryantstad Auto Care,FALSE
SRV-001792,VEH-01367,13/08/2025,Recall Fix,0,23554,0,Elizabethville Auto Care,FALSE
SRV-001793,VEH-01760,13/01/2023,AC Repair,18780,103912,3,Nicolechester Auto Care,FALSE
SRV-001794,VEH-01421,24/04/2024,Suspension Repair,19633,12866,1,Vanessafurt Auto Care,FALSE
SRV-001795,VEH-02849,27/03/2024,Transmission Service,42046,63972,0,East Sarahchester Auto Care,FALSE
SRV-001796,VEH-01796,14/10/2024,Transmission Service,50256,64552,1,Theresatown Auto Care,FALSE
SRV-001797,VEH-01804,06/09/2024,Tire Rotation,2352,78860,1,Lindastad Auto Care,FALSE
SRV-001798,VEH-00038,02/03/2023,Recall Fix,0,29076,2,New John Auto Care,TRUE
SRV-001799,VEH-02368,19/09/2026,Oil Change,4802,19920,1,Robertshire Auto Care,FALSE
SRV-001800,VEH-00006,27/08/2023,Wheel Alignment,3562,11955,0,West Elizabeth Auto Care,TRUE
SRV-001801,VEH-01678,13/02/2024,Engine Diagnostic,3440,6381,2,Singletonville Auto Care,FALSE
SRV-001802,VEH-02923,27/02/2024,Engine Diagnostic,2328,12560,2,East Janet Auto Care,FALSE
SRV-001803,VEH-01922,02/07/2026,Brake Inspection,5161,27993,3,Port Brian Auto Care,FALSE
SRV-001804,VEH-00886,26/03/2026,Engine Diagnostic,3094,3425,0,Tonyton Auto Care,FALSE
SRV-001805,VEH-01046,10/03/2024,Full Service,12185,157731,1,Weststad Auto Care,FALSE
SRV-001806,VEH-02264,01/08/2025,Transmission Service,51721,97407,0,Millerview Auto Care,FALSE
SRV-001807,VEH-00739,19/02/2025,Bodywork/Panel Repair,47516,22107,3,East Kim Auto Care,FALSE
SRV-001808,VEH-02647,02/01/2024,Suspension Repair,27633,49371,2,Connorfurt Auto Care,FALSE
SRV-001809,VEH-01442,19/10/2024,Engine Diagnostic,4201,41868,1,Perkinsborough Auto Care,TRUE
SRV-001810,VEH-00042,25/11/2024,AC Repair,20209,35689,3,West Emily Auto Care,TRUE
SRV-001811,VEH-01731,04/05/2026,Engine Diagnostic,3201,252,1,Port Justinbury Auto Care,FALSE
SRV-001812,VEH-02267,03/09/2026,Recall Fix,0,1067,3,Sosamouth Auto Care,FALSE
SRV-001813,VEH-01529,14/06/2025,Full Service,31492,12491,0,New Brandon Auto Care,FALSE
SRV-001814,VEH-01805,16/09/2026,Wheel Alignment,2914,7937,2,North Kathleen Auto Care,TRUE
SRV-001815,VEH-00285,28/01/2023,Oil Change,4282,21372,0,Barkerhaven Auto Care,FALSE
SRV-001816,VEH-02413,12/07/2024,Recall Fix,0,39481,1,Norrisview Auto Care,FALSE
SRV-001817,VEH-02628,17/01/2026,Battery Replacement,14610,76980,1,Warrenchester Auto Care,FALSE
SRV-001818,VEH-00231,13/04/2026,Brake Inspection,6995,17114,0,Gonzaleztown Auto Care,TRUE
SRV-001819,VEH-01635,05/09/2024,Oil Change,5307,7289,1,New Christopherville Auto Care,TRUE
SRV-001820,VEH-01049,14/06/2024,Oil Change,5773,11575,2,Johnville Auto Care,FALSE
SRV-001821,VEH-01507,22/07/2025,Wheel Alignment,2053,16090,1,South Karen Auto Care,TRUE
SRV-001822,VEH-02567,07/11/2024,Suspension Repair,28484,122847,1,New Jennifermouth Auto Care,FALSE
SRV-001823,VEH-01091,27/08/2025,Tire Rotation,2699,18738,0,Lake Danielbury Auto Care,FALSE
SRV-001824,VEH-00810,18/10/2025,AC Repair,18017,93882,0,Adamstown Auto Care,FALSE
SRV-001825,VEH-00174,23/03/2024,Tire Rotation,2942,235,3,Chrisland Auto Care,FALSE
SRV-001826,VEH-00175,19/03/2025,Oil Change,5331,54387,1,Jenniferside Auto Care,FALSE
SRV-001827,VEH-01585,05/06/2025,Oil Change,3913,122143,0,Dianeville Auto Care,FALSE
SRV-001828,VEH-02369,03/05/2026,Tire Rotation,2012,5204,0,South Keithfurt Auto Care,FALSE
SRV-001829,VEH-02730,28/01/2023,Tire Rotation,1664,80948,3,Davidmouth Auto Care,FALSE
SRV-001830,VEH-00201,21/01/2024,AC Repair,18008,42199,0,West Michaelburgh Auto Care,FALSE
SRV-001831,VEH-00938,14/04/2026,Battery Replacement,8666,26179,2,New Erin Auto Care,FALSE
SRV-001832,VEH-00991,11/05/2026,Brake Inspection,4243,5162,2,Lake Steve Auto Care,FALSE
SRV-001833,VEH-02227,11/02/2025,Transmission Service,18081,57489,1,North Juliastad Auto Care,TRUE
SRV-001834,VEH-02476,29/08/2024,Battery Replacement,11080,206342,0,Jeffreyland Auto Care,FALSE
SRV-001835,VEH-00525,06/02/2025,Full Service,34427,1849,1,North Anthonyshire Auto Care,FALSE
SRV-001836,VEH-01111,07/09/2026,Tire Rotation,2782,1319,0,West Richard Auto Care,FALSE
SRV-001837,VEH-02686,13/04/2026,Suspension Repair,35164,9942,1,Port Tabithaside Auto Care,FALSE
SRV-001838,VEH-00486,26/05/2025,Brake Inspection,4006,155135,2,Jordanshire Auto Care,TRUE
SRV-001839,VEH-02086,07/03/2025,Bodywork/Panel Repair,70409,14766,0,Santanafurt Auto Care,FALSE
SRV-001840,VEH-02748,11/01/2026,Suspension Repair,33473,38292,3,North Denise Auto Care,FALSE
SRV-001841,VEH-01200,16/12/2022,Bodywork/Panel Repair,46793,21448,0,North Angelachester Auto Care,FALSE
SRV-001842,VEH-00432,13/08/2024,AC Repair,5115,98443,0,West Sarahberg Auto Care,FALSE
SRV-001843,VEH-02571,14/11/2025,Tire Rotation,1067,7811,0,Margaretmouth Auto Care,TRUE
SRV-001844,VEH-00806,13/04/2025,Full Service,26340,37605,3,East Marcoton Auto Care,TRUE
SRV-001845,VEH-00140,07/04/2026,Tire Rotation,1652,63458,1,Nelsonhaven Auto Care,FALSE
SRV-001846,VEH-01070,30/05/2023,Battery Replacement,14217,48565,1,Port Michael Auto Care,TRUE
SRV-001847,VEH-00481,06/05/2026,AC Repair,11780,18132,2,Lindseyhaven Auto Care,FALSE
SRV-001848,VEH-02144,10/08/2026,Battery Replacement,14945,3671,0,Rossland Auto Care,FALSE
SRV-001849,VEH-00745,08/01/2025,Suspension Repair,29598,102215,1,Campbellhaven Auto Care,TRUE
SRV-001850,VEH-00475,08/09/2025,Suspension Repair,37076,169339,1,Charlesburgh Auto Care,TRUE
SRV-001851,VEH-01522,29/01/2023,Battery Replacement,9406,64352,0,East Juan Auto Care,TRUE
SRV-001852,VEH-02785,07/05/2024,Bodywork/Panel Repair,53135,4303,0,West Carrieborough Auto Care,TRUE
SRV-001853,VEH-02552,15/12/2025,Brake Inspection,6958,12575,0,Williamsfurt Auto Care,FALSE
SRV-001854,VEH-02738,11/05/2023,Bodywork/Panel Repair,69837,16480,1,Thomasmouth Auto Care,TRUE
SRV-001855,VEH-01140,30/04/2023,Battery Replacement,16346,50450,1,Nelsonborough Auto Care,FALSE
SRV-001856,VEH-00850,10/05/2024,Tire Rotation,2192,47135,0,North Johnhaven Auto Care,FALSE
SRV-001857,VEH-01446,12/02/2026,Recall Fix,0,4588,2,Brownmouth Auto Care,FALSE
SRV-001858,VEH-00171,24/09/2024,Transmission Service,38628,130893,2,Port Ryanhaven Auto Care,TRUE
SRV-001859,VEH-01494,05/12/2023,Tire Rotation,2830,53965,2,Oconnorport Auto Care,FALSE
SRV-001860,VEH-01657,16/11/2024,Wheel Alignment,2841,67090,3,Maynardton Auto Care,FALSE
SRV-001861,VEH-00685,25/02/2025,Oil Change,3835,73748,1,Scottville Auto Care,FALSE
SRV-001862,VEH-02500,14/11/2023,Transmission Service,29725,4938,0,Berryview Auto Care,FALSE
SRV-001863,VEH-02566,03/12/2024,Suspension Repair,44275,12764,1,Port Latasha Auto Care,FALSE
SRV-001864,VEH-00327,08/06/2026,Wheel Alignment,2704,4846,0,Richardton Auto Care,TRUE
SRV-001865,VEH-00058,04/04/2023,Oil Change,5092,37245,1,Drakehaven Auto Care,FALSE
SRV-001866,VEH-00352,04/03/2024,Recall Fix,0,50352,0,Gibsonmouth Auto Care,FALSE
SRV-001867,VEH-00241,22/12/2024,AC Repair,14441,32410,0,Jerryberg Auto Care,TRUE
SRV-001868,VEH-02724,15/01/2024,Suspension Repair,17473,10602,0,Mirandaborough Auto Care,FALSE
SRV-001869,VEH-00100,05/05/2025,Wheel Alignment,3100,38363,0,North Jeremy Auto Care,TRUE
SRV-001870,VEH-00060,24/05/2024,Wheel Alignment,2980,12605,2,Port Cherylshire Auto Care,FALSE
SRV-001871,VEH-02137,15/08/2023,Bodywork/Panel Repair,114589,16568,1,South Jessica Auto Care,FALSE
SRV-001872,VEH-02818,16/10/2023,Full Service,29093,19832,0,Joycestad Auto Care,TRUE
SRV-001873,VEH-01440,20/10/2025,Tire Rotation,1288,221,2,Kochport Auto Care,TRUE
SRV-001874,VEH-00498,19/04/2023,AC Repair,8818,15627,3,Port Phillip Auto Care,FALSE
SRV-001875,VEH-02956,02/08/2023,Recall Fix,0,15213,0,Doyletown Auto Care,FALSE
SRV-001876,VEH-00119,08/08/2025,Full Service,20445,2323,3,South Christopher Auto Care,TRUE
SRV-001877,VEH-02702,17/01/2023,Full Service,21105,4746,1,Morrisside Auto Care,TRUE
SRV-001878,VEH-00593,29/10/2022,Bodywork/Panel Repair,10630,8981,1,Mitchellfurt Auto Care,FALSE
SRV-001879,VEH-02007,24/01/2026,Brake Inspection,5787,62694,0,Lake Dwayneview Auto Care,FALSE
SRV-001880,VEH-01866,17/04/2026,Bodywork/Panel Repair,69610,2315,3,Morganmouth Auto Care,FALSE
SRV-001881,VEH-01845,04/05/2024,Transmission Service,17245,17115,1,Ryanbury Auto Care,TRUE
SRV-001882,VEH-02415,02/09/2025,Brake Inspection,6565,45427,0,Curryborough Auto Care,FALSE
SRV-001883,VEH-01913,25/05/2024,Oil Change,4537,16901,2,Lake Andrea Auto Care,FALSE
SRV-001884,VEH-01971,12/12/2025,Brake Inspection,2905,45627,1,East Sabrinaberg Auto Care,FALSE
SRV-001885,VEH-02379,13/02/2026,Tire Rotation,2480,7286,0,East Jason Auto Care,FALSE
SRV-001886,VEH-01574,25/12/2022,AC Repair,22919,4207,1,Tammyburgh Auto Care,FALSE
SRV-001887,VEH-02982,23/02/2023,Full Service,18874,27073,1,East Travisshire Auto Care,FALSE
SRV-001888,VEH-00003,25/01/2025,Brake Inspection,7483,135972,1,North Kevin Auto Care,FALSE
SRV-001889,VEH-02234,07/01/2025,Wheel Alignment,1733,29732,2,Hartborough Auto Care,FALSE
SRV-001890,VEH-00901,08/11/2024,Recall Fix,0,25877,2,Port Christopherbury Auto Care,TRUE
SRV-001891,VEH-02363,04/08/2023,Bodywork/Panel Repair,16375,59417,1,Kelseyshire Auto Care,FALSE
SRV-001892,VEH-01403,10/03/2026,Tire Rotation,1481,2803,2,Lake Troy Auto Care,FALSE
SRV-001893,VEH-00083,26/09/2024,Engine Diagnostic,2298,128370,3,Carlaland Auto Care,FALSE
SRV-001894,VEH-02848,30/06/2023,Recall Fix,0,893,1,New Marissa Auto Care,FALSE
SRV-001895,VEH-02505,17/05/2025,Suspension Repair,26598,10864,1,New Eric Auto Care,FALSE
SRV-001896,VEH-02065,02/11/2022,Tire Rotation,1887,16971,1,East Jasontown Auto Care,TRUE
SRV-001897,VEH-02430,25/11/2025,Wheel Alignment,2727,30254,3,Manuelfort Auto Care,TRUE
SRV-001898,VEH-02810,27/06/2026,Bodywork/Panel Repair,93946,2786,1,Jenniferside Auto Care,TRUE
SRV-001899,VEH-00655,07/07/2026,Wheel Alignment,3519,31439,3,Brandonfort Auto Care,FALSE
SRV-001900,VEH-00221,26/09/2025,Suspension Repair,14426,28788,0,Carolynland Auto Care,FALSE
SRV-001901,VEH-02791,02/09/2026,Brake Inspection,5512,37266,1,East Cassandraside Auto Care,TRUE
SRV-001902,VEH-01392,22/04/2023,Battery Replacement,13969,16950,3,Port Tonya Auto Care,FALSE
SRV-001903,VEH-02378,14/03/2025,Suspension Repair,10341,28155,0,Goodmanbury Auto Care,FALSE
SRV-001904,VEH-01217,21/01/2025,Wheel Alignment,1533,112566,0,Port Ryan Auto Care,FALSE
SRV-001905,VEH-01524,09/09/2023,Engine Diagnostic,2028,4473,3,East Anatown Auto Care,FALSE
SRV-001906,VEH-02179,09/10/2025,Brake Inspection,4932,43404,0,East Anna Auto Care,FALSE
SRV-001907,VEH-02767,08/04/2026,Engine Diagnostic,4030,3946,1,South Kara Auto Care,FALSE
SRV-001908,VEH-02115,29/11/2025,Wheel Alignment,1582,10676,0,Lake Richard Auto Care,FALSE
SRV-001909,VEH-01795,03/01/2024,Full Service,15021,48306,1,West Victorchester Auto Care,FALSE
SRV-001910,VEH-00607,22/01/2023,Suspension Repair,20802,25978,1,Nicolechester Auto Care,TRUE
SRV-001911,VEH-02623,08/02/2023,Wheel Alignment,3777,85721,1,Amandahaven Auto Care,TRUE
SRV-001912,VEH-01616,17/03/2023,Brake Inspection,4693,43520,0,North Raymondport Auto Care,FALSE
SRV-001913,VEH-02448,19/07/2025,Tire Rotation,1369,39912,0,Port Stephanie Auto Care,FALSE
SRV-001914,VEH-00414,09/02/2026,Oil Change,4731,3850,2,East Sarah Auto Care,FALSE
SRV-001915,VEH-01411,02/01/2023,Tire Rotation,2484,22484,0,Paulshire Auto Care,TRUE
SRV-001916,VEH-02141,06/10/2025,Bodywork/Panel Repair,25108,12681,3,Jenniferhaven Auto Care,FALSE
SRV-001917,VEH-02756,16/03/2025,Full Service,13657,43547,3,Lake Debra Auto Care,TRUE
SRV-001918,VEH-02727,30/11/2022,Brake Inspection,7423,22270,2,Port Benjaminside Auto Care,FALSE
SRV-001919,VEH-01245,13/04/2025,Brake Inspection,1988,14072,2,North Timothybury Auto Care,TRUE
SRV-001920,VEH-00187,13/05/2023,Tire Rotation,2296,17620,1,Lake Patricia Auto Care,FALSE
SRV-001921,VEH-02112,07/05/2026,AC Repair,7387,113099,2,Evansmouth Auto Care,TRUE
SRV-001922,VEH-00902,09/12/2024,Wheel Alignment,2177,17213,2,Port Austin Auto Care,FALSE
SRV-001923,VEH-00838,23/05/2025,Recall Fix,0,57714,0,Josephtown Auto Care,FALSE
SRV-001924,VEH-00583,24/11/2024,Brake Inspection,6195,2509,0,West Kathleen Auto Care,TRUE
SRV-001925,VEH-00989,18/11/2023,Oil Change,5301,37451,0,Edwardbury Auto Care,FALSE
SRV-001926,VEH-00560,19/10/2024,Suspension Repair,30440,31398,0,Dillonport Auto Care,FALSE
SRV-001927,VEH-01161,16/02/2023,Battery Replacement,9026,10716,1,Masonside Auto Care,FALSE
SRV-001928,VEH-01276,08/11/2023,Suspension Repair,10063,8104,1,Goodmanton Auto Care,FALSE
SRV-001929,VEH-02362,25/05/2023,Battery Replacement,8048,86564,0,New David Auto Care,FALSE
SRV-001930,VEH-01968,02/08/2025,Wheel Alignment,3506,3890,3,North Brian Auto Care,FALSE
SRV-001931,VEH-01072,06/01/2023,Full Service,14311,26977,0,Scottland Auto Care,TRUE
SRV-001932,VEH-00566,10/04/2025,Bodywork/Panel Repair,15304,106993,0,North Kellybury Auto Care,TRUE
SRV-001933,VEH-01530,16/11/2025,AC Repair,11358,32654,0,Hammondburgh Auto Care,FALSE
SRV-001934,VEH-01276,07/09/2026,Bodywork/Panel Repair,17152,2979,2,West Rachel Auto Care,FALSE
SRV-001935,VEH-01637,08/11/2022,Battery Replacement,8664,41119,3,Port Kevin Auto Care,FALSE
SRV-001936,VEH-02606,19/03/2024,AC Repair,14243,1373,3,West Catherinefurt Auto Care,FALSE
SRV-001937,VEH-00946,07/08/2023,Wheel Alignment,3761,61876,1,North Sallyburgh Auto Care,FALSE
SRV-001938,VEH-02498,15/07/2024,Full Service,18361,64416,1,Juanland Auto Care,FALSE
SRV-001939,VEH-02566,24/01/2025,Oil Change,4296,4485,2,Mcguiremouth Auto Care,FALSE
SRV-001940,VEH-01328,31/01/2026,Wheel Alignment,3217,108946,3,Flowersside Auto Care,TRUE
SRV-001941,VEH-02602,02/05/2025,Bodywork/Panel Repair,102948,24951,2,Millerfort Auto Care,FALSE
SRV-001942,VEH-01597,03/09/2026,Brake Inspection,6128,33235,0,Schultzmouth Auto Care,FALSE
SRV-001943,VEH-00234,20/09/2025,Brake Inspection,6251,170,3,New Susan Auto Care,FALSE
SRV-001944,VEH-00667,08/04/2023,AC Repair,11906,4635,0,West Georgeshire Auto Care,FALSE
SRV-001945,VEH-02869,29/10/2024,Transmission Service,54277,15131,2,Lauraside Auto Care,FALSE
SRV-001946,VEH-01175,29/05/2025,Recall Fix,0,1356,3,North Stacyport Auto Care,TRUE
SRV-001947,VEH-01328,02/01/2023,Tire Rotation,1467,124639,1,Lake Anthonyberg Auto Care,TRUE
SRV-001948,VEH-01990,13/03/2024,AC Repair,17915,9344,0,East Brandon Auto Care,FALSE
SRV-001949,VEH-02706,14/03/2024,Battery Replacement,12090,9607,2,North Timothyside Auto Care,FALSE
SRV-001950,VEH-01069,03/06/2023,Recall Fix,0,26852,3,Paulamouth Auto Care,FALSE
SRV-001951,VEH-02550,05/07/2026,Recall Fix,0,13501,0,Port Mariah Auto Care,FALSE
SRV-001952,VEH-00893,02/12/2024,AC Repair,15880,32535,0,North Kylechester Auto Care,TRUE
SRV-001953,VEH-00916,03/11/2022,Tire Rotation,1419,20402,1,Joshuashire Auto Care,TRUE
SRV-001954,VEH-01101,02/11/2022,Transmission Service,46849,37984,1,Meganhaven Auto Care,FALSE
SRV-001955,VEH-00126,05/01/2024,Bodywork/Panel Repair,10876,1652,0,Dominiqueland Auto Care,FALSE
SRV-001956,VEH-00454,02/10/2024,Recall Fix,0,2085,0,West Davidton Auto Care,FALSE
SRV-001957,VEH-00638,19/12/2025,Full Service,39676,66631,3,Timothytown Auto Care,FALSE
SRV-001958,VEH-01057,09/07/2026,Oil Change,5918,42392,1,Hansenmouth Auto Care,FALSE
SRV-001959,VEH-02687,22/02/2024,Bodywork/Panel Repair,20260,5255,0,South Jeffrey Auto Care,FALSE
SRV-001960,VEH-01540,09/06/2023,Tire Rotation,1241,45072,0,Kennethbury Auto Care,FALSE
SRV-001961,VEH-01474,19/09/2023,Transmission Service,56328,58434,0,West Andrea Auto Care,FALSE
SRV-001962,VEH-01218,19/12/2022,Engine Diagnostic,3201,4386,2,Lake Sandra Auto Care,FALSE
SRV-001963,VEH-00120,27/12/2022,Recall Fix,0,13958,1,South Kaitlin Auto Care,FALSE
SRV-001964,VEH-00231,19/10/2022,Tire Rotation,1937,25635,1,East Johnborough Auto Care,TRUE
SRV-001965,VEH-01455,01/02/2024,Recall Fix,0,39380,1,East Mark Auto Care,FALSE
SRV-001966,VEH-00963,21/05/2026,Full Service,13179,1072,0,South Gordonport Auto Care,FALSE
SRV-001967,VEH-01220,31/07/2025,Battery Replacement,16049,23163,1,Lake Lisastad Auto Care,TRUE
SRV-001968,VEH-02434,30/09/2024,Battery Replacement,8524,767,3,New Sheilahaven Auto Care,TRUE
SRV-001969,VEH-00767,05/08/2023,AC Repair,19370,20897,1,New Wanda Auto Care,FALSE
SRV-001970,VEH-01277,12/05/2026,Bodywork/Panel Repair,101680,9196,0,West Codyville Auto Care,TRUE
SRV-001971,VEH-01540,23/01/2024,Full Service,24705,26252,1,West Mary Auto Care,FALSE
SRV-001972,VEH-02387,02/09/2023,Recall Fix,0,94500,0,Brendaville Auto Care,FALSE
SRV-001973,VEH-00336,10/10/2025,Suspension Repair,20077,31698,3,Port Kyle Auto Care,FALSE
SRV-001974,VEH-01617,16/03/2024,Full Service,15932,92462,0,Shaunport Auto Care,FALSE
SRV-001975,VEH-01782,03/07/2025,Oil Change,4809,15700,1,Simsbury Auto Care,FALSE
SRV-001976,VEH-02523,27/07/2023,Full Service,18850,24818,1,North Joseph Auto Care,FALSE
SRV-001977,VEH-01817,20/10/2022,Battery Replacement,8086,44570,1,North Elizabeth Auto Care,FALSE
SRV-001978,VEH-00853,26/04/2026,Full Service,21493,2644,1,Amyland Auto Care,FALSE
SRV-001979,VEH-02074,12/11/2024,Battery Replacement,11279,2928,0,West Elainestad Auto Care,FALSE
SRV-001980,VEH-01174,27/09/2023,Suspension Repair,14914,12203,3,Aaronchester Auto Care,FALSE
SRV-001981,VEH-02465,08/04/2023,AC Repair,18674,38168,0,West Stephanie Auto Care,FALSE
SRV-001982,VEH-00254,04/01/2025,Battery Replacement,17414,7,0,Lake Karaview Auto Care,FALSE
SRV-001983,VEH-02786,04/05/2025,Tire Rotation,2070,3375,2,New Dianaview Auto Care,TRUE
SRV-001984,VEH-00272,09/01/2026,Bodywork/Panel Repair,98761,8728,2,South Sarah Auto Care,FALSE
SRV-001985,VEH-01422,01/10/2023,Bodywork/Panel Repair,72608,29655,2,North Gregory Auto Care,FALSE
SRV-001986,VEH-00813,14/04/2026,Tire Rotation,1778,5329,1,Lake Alyssa Auto Care,FALSE
SRV-001987,VEH-00286,20/11/2025,Recall Fix,0,10935,3,Matthewside Auto Care,FALSE
SRV-001988,VEH-01593,08/03/2024,Transmission Service,26846,4715,3,Port Ericberg Auto Care,FALSE
SRV-001989,VEH-00064,11/10/2022,Tire Rotation,1520,117409,0,West Jamesport Auto Care,FALSE
SRV-001990,VEH-01960,12/12/2025,Brake Inspection,4670,16135,1,Mckayshire Auto Care,FALSE
SRV-001991,VEH-00696,17/06/2026,Wheel Alignment,3494,16452,0,South Brooke Auto Care,FALSE
SRV-001992,VEH-01050,05/01/2023,Full Service,23765,90801,0,Port Jack Auto Care,FALSE
SRV-001993,VEH-00915,16/01/2026,Bodywork/Panel Repair,45303,29894,1,Randyland Auto Care,TRUE
SRV-001994,VEH-00158,21/01/2025,Wheel Alignment,2588,50704,2,Lake Mike Auto Care,TRUE
SRV-001995,VEH-02993,22/09/2026,Battery Replacement,10401,44776,3,West Ryanburgh Auto Care,FALSE
SRV-001996,VEH-02835,04/12/2022,Suspension Repair,23308,3975,0,Lake Josephmouth Auto Care,FALSE
SRV-001997,VEH-00141,29/03/2025,Engine Diagnostic,2511,67395,1,West Andrew Auto Care,FALSE
SRV-001998,VEH-01036,24/08/2024,Suspension Repair,19517,13178,1,Kramerchester Auto Care,FALSE
SRV-001999,VEH-00531,02/06/2025,Engine Diagnostic,4465,23648,1,North Jillside Auto Care,FALSE
SRV-002000,VEH-00640,26/10/2025,Suspension Repair,41818,2778,0,Port Daniel Auto Care,FALSE
SRV-002001,VEH-01924,07/09/2026,Tire Rotation,1062,95945,3,Trujilloport Auto Care,FALSE
SRV-002002,VEH-00120,11/04/2026,Brake Inspection,3332,34083,0,Harrisville Auto Care,TRUE
SRV-002003,VEH-01132,19/04/2024,Oil Change,3505,27123,0,Jeffreybury Auto Care,FALSE
SRV-002004,VEH-02309,08/05/2026,Battery Replacement,19847,68097,3,Shieldsmouth Auto Care,FALSE
SRV-002005,VEH-00047,05/08/2023,AC Repair,7918,11852,2,South Tinaberg Auto Care,TRUE
SRV-002006,VEH-02844,18/03/2026,Battery Replacement,13064,28998,3,Garciaburgh Auto Care,FALSE
SRV-002007,VEH-02735,17/09/2026,Brake Inspection,5025,30925,2,West Yvette Auto Care,TRUE
SRV-002008,VEH-02291,21/07/2026,Bodywork/Panel Repair,72876,2149,0,North Dennisshire Auto Care,FALSE
SRV-002009,VEH-02615,29/07/2023,Full Service,29533,13186,2,Combsmouth Auto Care,FALSE
SRV-002010,VEH-01574,18/05/2026,Tire Rotation,1706,9376,1,New Jeremyton Auto Care,TRUE
SRV-002011,VEH-00484,14/06/2025,Brake Inspection,2118,14534,2,East Dustinfort Auto Care,FALSE
SRV-002012,VEH-00985,28/11/2025,Tire Rotation,2116,35352,1,Alexanderhaven Auto Care,FALSE
SRV-002013,VEH-00929,01/04/2025,AC Repair,12708,23586,2,Watsonfort Auto Care,FALSE
SRV-002014,VEH-02686,22/09/2025,Transmission Service,28216,7419,0,Mollybury Auto Care,FALSE
SRV-002015,VEH-02942,17/03/2024,Suspension Repair,37883,8414,0,Lake Annton Auto Care,TRUE
SRV-002016,VEH-01413,29/09/2025,Battery Replacement,10752,34739,1,Port Ryan Auto Care,FALSE
SRV-002017,VEH-00448,04/07/2023,Battery Replacement,9743,2589,0,Lake Kevinberg Auto Care,FALSE
SRV-002018,VEH-02899,11/06/2026,Full Service,12457,28319,1,Charlesbury Auto Care,TRUE
SRV-002019,VEH-01910,25/09/2026,Engine Diagnostic,3552,189414,1,Nancyfort Auto Care,FALSE
SRV-002020,VEH-01361,22/09/2024,Tire Rotation,2901,56893,0,South Dawn Auto Care,FALSE
SRV-002021,VEH-00868,03/07/2024,Suspension Repair,11311,7829,1,New Emily Auto Care,FALSE
SRV-002022,VEH-01176,21/03/2026,AC Repair,8546,18202,3,North Michael Auto Care,TRUE
SRV-002023,VEH-02014,05/04/2026,Transmission Service,22497,26869,3,Port Theresastad Auto Care,FALSE
SRV-002024,VEH-02412,19/11/2025,Brake Inspection,7460,22928,0,Smithview Auto Care,FALSE
SRV-002025,VEH-00027,11/03/2026,Full Service,14030,7861,1,Michelleborough Auto Care,FALSE
SRV-002026,VEH-01015,13/11/2025,Wheel Alignment,2194,24960,1,North Keith Auto Care,FALSE
SRV-002027,VEH-00586,19/10/2023,Recall Fix,0,77596,1,Angelastad Auto Care,FALSE
SRV-002028,VEH-00221,31/07/2026,Recall Fix,0,19312,3,Lake Paul Auto Care,FALSE
SRV-002029,VEH-02915,25/09/2024,Brake Inspection,4238,6255,3,Kellybury Auto Care,FALSE
SRV-002030,VEH-00414,06/08/2025,Battery Replacement,19847,17522,2,Knoxborough Auto Care,FALSE
SRV-002031,VEH-00945,18/03/2023,Brake Inspection,3078,75382,0,Crystaltown Auto Care,TRUE
SRV-002032,VEH-00580,05/05/2023,Suspension Repair,21802,2691,1,East Tinaton Auto Care,FALSE
SRV-002033,VEH-00457,19/01/2025,Battery Replacement,18029,3269,1,Port Gloriatown Auto Care,TRUE
SRV-002034,VEH-02939,05/09/2023,Full Service,39005,106284,0,North Darrenport Auto Care,FALSE
SRV-002035,VEH-01080,15/10/2022,Bodywork/Panel Repair,28193,16302,3,Coopershire Auto Care,FALSE
SRV-002036,VEH-00092,22/09/2024,Battery Replacement,11108,26574,1,Jacksonchester Auto Care,FALSE
SRV-002037,VEH-02136,03/08/2026,Recall Fix,0,165937,0,West William Auto Care,TRUE
SRV-002038,VEH-02441,17/11/2025,AC Repair,6295,9536,0,Jimton Auto Care,TRUE
SRV-002039,VEH-01181,26/02/2024,Oil Change,4691,7824,1,West Sara Auto Care,FALSE
SRV-002040,VEH-02635,11/09/2026,Wheel Alignment,3208,5074,1,Comptonstad Auto Care,FALSE
SRV-002041,VEH-01748,28/10/2022,Suspension Repair,19408,151606,1,East Angela Auto Care,FALSE
SRV-002042,VEH-00985,24/12/2024,Recall Fix,0,37853,2,South Christophermouth Auto Care,FALSE
SRV-002043,VEH-00611,06/07/2025,Recall Fix,0,6814,0,New Nicolehaven Auto Care,TRUE
SRV-002044,VEH-01741,04/01/2025,Recall Fix,0,13085,1,South Jeremiahberg Auto Care,FALSE
SRV-002045,VEH-00053,08/08/2026,Oil Change,4121,16990,2,Martinezfurt Auto Care,FALSE
SRV-002046,VEH-02680,07/09/2023,Recall Fix,0,46471,1,Matthewberg Auto Care,FALSE
SRV-002047,VEH-02886,02/01/2025,Tire Rotation,2232,100861,0,Ryanhaven Auto Care,FALSE
SRV-002048,VEH-01905,17/03/2026,Oil Change,4023,24989,3,Lewisside Auto Care,FALSE
SRV-002049,VEH-00578,15/08/2024,Suspension Repair,31773,8487,0,North Jason Auto Care,FALSE
SRV-002050,VEH-02231,02/06/2026,Bodywork/Panel Repair,70081,55738,0,East Alicia Auto Care,FALSE
SRV-002051,VEH-01681,26/12/2025,Recall Fix,0,7061,2,Port David Auto Care,TRUE
SRV-002052,VEH-02058,29/12/2022,Engine Diagnostic,3052,6039,0,Chelseabury Auto Care,FALSE
SRV-002053,VEH-02743,18/06/2026,Oil Change,5043,11405,1,South Tammy Auto Care,FALSE
SRV-002054,VEH-00518,24/12/2023,Wheel Alignment,3795,7501,1,East Noahmouth Auto Care,TRUE
SRV-002055,VEH-02892,26/01/2025,Full Service,34991,122704,0,Christinaview Auto Care,FALSE
SRV-002056,VEH-01799,17/04/2024,Battery Replacement,9073,103871,1,East Joebury Auto Care,TRUE
SRV-002057,VEH-00456,01/04/2023,Wheel Alignment,1672,24954,0,New Corystad Auto Care,FALSE
SRV-002058,VEH-01105,28/06/2025,Bodywork/Panel Repair,114815,4818,0,Jennifertown Auto Care,FALSE
SRV-002059,VEH-01802,19/03/2026,Engine Diagnostic,3487,1268,1,Julieland Auto Care,FALSE
SRV-002060,VEH-02470,24/10/2023,Transmission Service,29360,4950,0,Lake Zachary Auto Care,TRUE
SRV-002061,VEH-02668,03/10/2025,AC Repair,5894,161119,0,South Jeremiah Auto Care,FALSE
SRV-002062,VEH-01481,09/06/2025,Recall Fix,0,106052,3,Rebeccaton Auto Care,TRUE
SRV-002063,VEH-00489,24/03/2025,Oil Change,3223,60802,1,Dianefort Auto Care,TRUE
SRV-002064,VEH-02665,14/02/2023,Brake Inspection,7165,8273,1,Lake Jamesberg Auto Care,FALSE
SRV-002065,VEH-01318,30/12/2023,Transmission Service,27883,261728,1,South Edwardland Auto Care,FALSE
SRV-002066,VEH-02450,22/10/2025,Suspension Repair,15322,4016,0,Taraville Auto Care,FALSE
SRV-002067,VEH-02652,21/09/2023,Full Service,38377,25919,0,West Jorge Auto Care,TRUE
SRV-002068,VEH-01039,16/07/2023,Bodywork/Panel Repair,77494,10611,1,South Brian Auto Care,FALSE
SRV-002069,VEH-02080,27/05/2026,Transmission Service,35091,18975,1,Marcfurt Auto Care,FALSE
SRV-002070,VEH-01952,19/07/2023,Oil Change,3704,4170,0,Crystalville Auto Care,TRUE
SRV-002071,VEH-00832,27/07/2026,Oil Change,5189,1070,3,Dannystad Auto Care,FALSE
SRV-002072,VEH-02324,14/09/2024,Transmission Service,33153,24412,0,Beckside Auto Care,FALSE
SRV-002073,VEH-02613,22/12/2022,Bodywork/Panel Repair,11643,130151,2,Hermanshire Auto Care,FALSE
SRV-002074,VEH-00469,23/04/2023,Suspension Repair,24262,42402,0,Port Dorothy Auto Care,TRUE
SRV-002075,VEH-02068,08/09/2026,Full Service,29716,77476,0,New Maureen Auto Care,TRUE
SRV-002076,VEH-00879,30/06/2024,Full Service,19414,17209,1,Derrickstad Auto Care,FALSE
SRV-002077,VEH-00154,21/09/2025,Wheel Alignment,1725,2462,0,Lake Jonathonshire Auto Care,FALSE
SRV-002078,VEH-00504,26/09/2022,Wheel Alignment,2455,46091,1,Port Tiffany Auto Care,TRUE
SRV-002079,VEH-01138,02/12/2023,Battery Replacement,10994,3070,1,Dianeview Auto Care,TRUE
SRV-002080,VEH-01847,27/04/2024,Battery Replacement,19413,10826,3,Baileyshire Auto Care,FALSE
SRV-002081,VEH-00443,02/07/2025,Tire Rotation,2947,42116,0,West Andrew Auto Care,FALSE
SRV-002082,VEH-00487,24/07/2024,Recall Fix,0,83202,3,East Thomas Auto Care,TRUE
SRV-002083,VEH-00154,01/09/2025,Engine Diagnostic,4483,2101,0,South Keith Auto Care,TRUE
SRV-002084,VEH-02063,10/01/2026,Oil Change,4678,1815,2,West Katelyn Auto Care,TRUE
SRV-002085,VEH-02938,19/09/2023,Engine Diagnostic,4720,62559,1,Rodriguezville Auto Care,FALSE
SRV-002086,VEH-00902,23/12/2023,Battery Replacement,8393,67,3,Sanchezfort Auto Care,FALSE
SRV-002087,VEH-02586,28/12/2022,Oil Change,4079,88508,1,New Vanessahaven Auto Care,FALSE
SRV-002088,VEH-00633,12/08/2023,Suspension Repair,41367,20514,0,West Georgeside Auto Care,FALSE
SRV-002089,VEH-01520,30/08/2026,Full Service,21113,10853,1,Robinsonbury Auto Care,FALSE
SRV-002090,VEH-01633,06/01/2023,Brake Inspection,3872,114145,0,East Richardmouth Auto Care,FALSE
SRV-002091,VEH-01002,06/11/2024,Suspension Repair,11562,46092,0,Thomasport Auto Care,FALSE
SRV-002092,VEH-00189,20/04/2025,Full Service,34271,32242,1,South Phillip Auto Care,FALSE
SRV-002093,VEH-02911,14/09/2023,Recall Fix,0,53537,2,Sonyaville Auto Care,FALSE
SRV-002094,VEH-01880,08/06/2024,Transmission Service,36945,265546,2,New Johnton Auto Care,TRUE
SRV-002095,VEH-02109,12/06/2023,Tire Rotation,1924,8647,3,Ballardtown Auto Care,FALSE
SRV-002096,VEH-02679,12/05/2025,Suspension Repair,17531,12470,3,Port Mary Auto Care,FALSE
SRV-002097,VEH-00311,22/03/2025,Wheel Alignment,2832,1978,2,West Renee Auto Care,TRUE
SRV-002098,VEH-00058,05/05/2025,Wheel Alignment,2681,42710,3,Ramirezborough Auto Care,TRUE
SRV-002099,VEH-01808,13/04/2024,Suspension Repair,19220,4994,2,New Jennifer Auto Care,FALSE
SRV-002100,VEH-00539,04/06/2026,Engine Diagnostic,3507,46204,1,Mirandaburgh Auto Care,TRUE
SRV-002101,VEH-01558,20/02/2026,Wheel Alignment,3612,27611,0,Lake Markberg Auto Care,FALSE
SRV-002102,VEH-01994,25/09/2025,Recall Fix,0,6270,3,Andersonchester Auto Care,TRUE
SRV-002103,VEH-00636,01/09/2024,Battery Replacement,11920,10963,0,New Amandaburgh Auto Care,FALSE
SRV-002104,VEH-00949,09/09/2026,Full Service,14876,3781,3,Navarroton Auto Care,TRUE
SRV-002105,VEH-01314,12/02/2023,Recall Fix,0,2998,0,South Cameron Auto Care,TRUE
SRV-002106,VEH-00374,16/02/2023,Suspension Repair,22688,49177,0,Hughesbury Auto Care,FALSE
SRV-002107,VEH-02687,12/07/2023,Transmission Service,58210,12110,1,North Jacqueline Auto Care,FALSE
SRV-002108,VEH-02946,20/06/2025,Brake Inspection,6690,1000,0,Banksmouth Auto Care,TRUE
SRV-002109,VEH-00323,20/03/2024,Suspension Repair,16625,33636,1,Lisaport Auto Care,FALSE
SRV-002110,VEH-02049,12/11/2023,Engine Diagnostic,2684,50899,0,Mendozaburgh Auto Care,FALSE
SRV-002111,VEH-02155,02/11/2022,Full Service,26953,26572,1,Matthewbury Auto Care,FALSE
SRV-002112,VEH-01448,13/08/2024,Engine Diagnostic,3437,4854,2,Chapmanmouth Auto Care,FALSE
SRV-002113,VEH-00667,12/04/2025,Tire Rotation,2745,41742,1,Lake Ryanmouth Auto Care,TRUE
SRV-002114,VEH-01100,06/06/2024,Bodywork/Panel Repair,97098,36349,1,Port Lisa Auto Care,FALSE
SRV-002115,VEH-02043,11/10/2023,Engine Diagnostic,2810,66589,0,Barrettton Auto Care,FALSE
SRV-002116,VEH-02584,09/12/2025,Suspension Repair,20211,3777,0,Walkerton Auto Care,FALSE
SRV-002117,VEH-01344,18/09/2024,Oil Change,5844,11194,0,East Jeanne Auto Care,TRUE
SRV-002118,VEH-00052,15/06/2025,Recall Fix,0,76876,1,South Vincentborough Auto Care,FALSE
SRV-002119,VEH-00095,23/07/2025,Tire Rotation,1670,83978,1,Michellebury Auto Care,FALSE
SRV-002120,VEH-01906,19/05/2025,Full Service,15453,914,1,North Daniel Auto Care,FALSE
SRV-002121,VEH-01497,31/08/2024,Tire Rotation,2094,24283,0,Lake Patrickfurt Auto Care,FALSE
SRV-002122,VEH-01605,20/06/2025,Transmission Service,22002,15314,1,Kimmouth Auto Care,FALSE
SRV-002123,VEH-00414,18/11/2025,Wheel Alignment,3118,4020,0,North Michaelmouth Auto Care,FALSE
SRV-002124,VEH-00381,21/08/2023,Suspension Repair,31280,4131,3,Kevinchester Auto Care,FALSE
SRV-002125,VEH-01666,16/12/2024,Engine Diagnostic,2105,22358,2,Lindatown Auto Care,FALSE
SRV-002126,VEH-01880,22/11/2022,Brake Inspection,4917,271336,2,Shaneview Auto Care,FALSE
SRV-002127,VEH-00205,04/09/2024,Tire Rotation,2444,2187,1,New Jim Auto Care,FALSE
SRV-002128,VEH-02694,27/06/2025,Transmission Service,56031,63627,1,Roweville Auto Care,FALSE
SRV-002129,VEH-02747,20/05/2024,Battery Replacement,12557,8689,1,Linton Auto Care,FALSE
SRV-002130,VEH-02415,19/01/2025,Oil Change,4308,52905,3,Berryberg Auto Care,FALSE
SRV-002131,VEH-00947,26/02/2025,Transmission Service,20722,10212,0,Fernandezfurt Auto Care,FALSE
SRV-002132,VEH-00104,21/09/2023,Battery Replacement,12118,1384,3,Oconnorfort Auto Care,FALSE
SRV-002133,VEH-02222,29/08/2024,Wheel Alignment,2560,2464,1,Hallfurt Auto Care,FALSE
SRV-002134,VEH-00263,17/05/2024,Wheel Alignment,3120,56308,0,Port Nathan Auto Care,TRUE
SRV-002135,VEH-00425,03/10/2024,Engine Diagnostic,2552,2112,1,South Alexander Auto Care,FALSE
SRV-002136,VEH-00461,04/02/2026,Full Service,30484,73390,2,Wardtown Auto Care,FALSE
SRV-002137,VEH-02977,29/10/2023,Brake Inspection,3466,23147,3,Lake Angelicaville Auto Care,FALSE
SRV-002138,VEH-02671,01/10/2025,Suspension Repair,11771,13430,2,New Jesse Auto Care,TRUE
SRV-002139,VEH-01268,11/11/2024,Engine Diagnostic,4574,26953,0,North Carlmouth Auto Care,FALSE
SRV-002140,VEH-00722,19/08/2026,Transmission Service,18099,80257,1,Port Amy Auto Care,FALSE
SRV-002141,VEH-02619,17/04/2023,Battery Replacement,14778,88729,0,Port Valeriefort Auto Care,FALSE
SRV-002142,VEH-02653,10/04/2025,Bodywork/Panel Repair,98248,4306,1,South Timothyshire Auto Care,FALSE
SRV-002143,VEH-00339,12/07/2025,Oil Change,3355,54355,1,Martinezhaven Auto Care,FALSE
SRV-002144,VEH-02246,23/06/2023,Suspension Repair,17372,19708,1,Robertland Auto Care,FALSE
SRV-002145,VEH-00194,30/06/2024,Oil Change,2780,96500,3,Greenburgh Auto Care,FALSE
SRV-002146,VEH-01826,30/01/2025,Recall Fix,0,19104,1,East Pamelaside Auto Care,FALSE
SRV-002147,VEH-00924,05/11/2022,Tire Rotation,2633,14322,2,East Rebecca Auto Care,FALSE
SRV-002148,VEH-02784,01/07/2023,Suspension Repair,42470,6584,1,Kellyfurt Auto Care,FALSE
SRV-002149,VEH-00684,29/07/2024,Wheel Alignment,1789,199781,3,Lake Robertland Auto Care,FALSE
SRV-002150,VEH-01071,29/09/2024,Engine Diagnostic,2488,13064,1,Annafurt Auto Care,FALSE
SRV-002151,VEH-02138,22/06/2024,Tire Rotation,2010,89756,0,Port Richard Auto Care,FALSE
SRV-002152,VEH-00486,07/11/2024,Transmission Service,57333,152940,1,West Rebeccaside Auto Care,TRUE
SRV-002153,VEH-01140,11/03/2026,Full Service,18368,41513,3,East Karen Auto Care,FALSE
SRV-002154,VEH-02310,25/06/2023,Wheel Alignment,2524,86894,1,Lake Jessica Auto Care,FALSE
SRV-002155,VEH-00609,11/11/2023,Wheel Alignment,2048,83387,1,New Beckyville Auto Care,FALSE
SRV-002156,VEH-01383,13/07/2023,Recall Fix,0,9841,2,Wuland Auto Care,FALSE
SRV-002157,VEH-00556,02/09/2024,Brake Inspection,5360,30190,1,Mirandashire Auto Care,FALSE
SRV-002158,VEH-01718,08/02/2025,Suspension Repair,34766,163563,3,Sethport Auto Care,TRUE
SRV-002159,VEH-00586,13/06/2023,Oil Change,2792,45007,1,Clarkmouth Auto Care,FALSE
SRV-002160,VEH-02836,24/02/2025,Oil Change,3103,171115,0,Stephaniemouth Auto Care,FALSE
SRV-002161,VEH-02851,05/11/2022,Recall Fix,0,70652,1,Kevinberg Auto Care,FALSE
SRV-002162,VEH-00613,09/12/2022,AC Repair,16695,10358,0,South Joseph Auto Care,FALSE
SRV-002163,VEH-00165,15/06/2026,Brake Inspection,4910,17379,1,Wattsberg Auto Care,FALSE
SRV-002164,VEH-01502,26/03/2025,Engine Diagnostic,4710,64836,0,Stevensview Auto Care,FALSE
SRV-002165,VEH-01673,28/07/2026,Transmission Service,31964,201046,0,Rodriguezland Auto Care,FALSE
SRV-002166,VEH-01327,19/09/2025,Brake Inspection,5498,23817,0,Ortizton Auto Care,FALSE
SRV-002167,VEH-00100,26/10/2024,Tire Rotation,2859,45388,2,Lake Danny Auto Care,FALSE
SRV-002168,VEH-00676,06/12/2022,Battery Replacement,8285,5151,0,North Samanthashire Auto Care,FALSE
SRV-002169,VEH-02018,26/09/2024,Bodywork/Panel Repair,60331,3176,2,Moraleston Auto Care,FALSE
SRV-002170,VEH-02592,16/12/2022,Brake Inspection,2671,5398,1,East Alexander Auto Care,FALSE
SRV-002171,VEH-00335,29/06/2025,Recall Fix,0,12608,0,Lake Isabella Auto Care,FALSE
SRV-002172,VEH-02444,17/01/2024,Brake Inspection,7257,51810,3,East William Auto Care,FALSE
SRV-002173,VEH-00260,26/04/2023,Battery Replacement,16844,12264,3,West Luis Auto Care,TRUE
SRV-002174,VEH-01598,03/05/2023,Tire Rotation,2353,118658,0,New Lanceburgh Auto Care,FALSE
SRV-002175,VEH-02574,03/11/2023,Suspension Repair,43380,892,1,Diamondfurt Auto Care,FALSE
SRV-002176,VEH-01310,11/07/2023,Tire Rotation,2237,13057,0,East Joycetown Auto Care,FALSE
SRV-002177,VEH-00386,16/06/2023,Recall Fix,0,1985,0,Jonathantown Auto Care,FALSE
SRV-002178,VEH-00027,10/03/2025,Recall Fix,0,9052,2,Danielborough Auto Care,TRUE
SRV-002179,VEH-02439,26/02/2025,Oil Change,5777,2641,0,Cookstad Auto Care,FALSE
SRV-002180,VEH-02862,31/05/2023,Recall Fix,0,178274,1,Heatherville Auto Care,FALSE
SRV-002181,VEH-02572,16/08/2024,Brake Inspection,3991,9304,1,Floresside Auto Care,FALSE
SRV-002182,VEH-01514,03/09/2023,AC Repair,8393,6603,1,Turnermouth Auto Care,FALSE
SRV-002183,VEH-00549,05/11/2022,Suspension Repair,19709,58024,2,South Dylan Auto Care,FALSE
SRV-002184,VEH-01782,06/09/2026,Battery Replacement,18186,3568,0,Woodfort Auto Care,FALSE
SRV-002185,VEH-02485,21/05/2023,Tire Rotation,1769,17621,1,Lake Elizabethborough Auto Care,TRUE
SRV-002186,VEH-02649,05/10/2025,Oil Change,4560,6830,2,West Heathertown Auto Care,FALSE
SRV-002187,VEH-01880,16/06/2024,Recall Fix,0,271205,1,West Joelburgh Auto Care,FALSE
SRV-002188,VEH-02626,26/11/2024,Tire Rotation,2887,95228,0,Shelleyshire Auto Care,FALSE
SRV-002189,VEH-01316,19/05/2025,Transmission Service,26755,4678,1,Shawnshire Auto Care,FALSE
SRV-002190,VEH-01209,12/03/2026,Bodywork/Panel Repair,109697,12850,0,South Carlaside Auto Care,FALSE
SRV-002191,VEH-01947,21/03/2023,Battery Replacement,19599,9107,2,East Kristin Auto Care,TRUE
SRV-002192,VEH-01140,28/09/2024,Battery Replacement,9118,29236,0,North Jonathanshire Auto Care,FALSE
SRV-002193,VEH-00846,26/12/2022,Tire Rotation,2690,33161,0,Davisville Auto Care,FALSE
SRV-002194,VEH-01667,08/09/2023,Bodywork/Panel Repair,100670,44839,3,Kingside Auto Care,TRUE
SRV-002195,VEH-02518,07/05/2025,Full Service,31908,7024,3,South Jenniferhaven Auto Care,FALSE
SRV-002196,VEH-00901,20/09/2024,AC Repair,10368,4133,0,Ambertown Auto Care,TRUE
SRV-002197,VEH-02229,17/07/2023,AC Repair,12606,31327,3,East Deannamouth Auto Care,FALSE
SRV-002198,VEH-01404,13/02/2026,Suspension Repair,10379,24938,0,Williamsonton Auto Care,FALSE
SRV-002199,VEH-02151,01/03/2024,AC Repair,12666,46197,1,Lake Amber Auto Care,FALSE
SRV-002200,VEH-01151,10/11/2024,Suspension Repair,41220,1670,1,Charleshaven Auto Care,FALSE
SRV-002201,VEH-02546,08/09/2025,Tire Rotation,2635,144197,1,Jasonview Auto Care,FALSE
SRV-002202,VEH-01008,03/07/2023,Full Service,18501,6561,2,Davidsonton Auto Care,TRUE
SRV-002203,VEH-01513,18/09/2023,Recall Fix,0,41193,0,Dennisfort Auto Care,FALSE
SRV-002204,VEH-01270,07/08/2023,Tire Rotation,2233,47519,3,New Aaron Auto Care,FALSE
SRV-002205,VEH-01019,12/11/2022,Transmission Service,30716,20390,3,Rebeccaview Auto Care,FALSE
SRV-002206,VEH-02811,29/07/2025,Transmission Service,46757,2271,0,East Denise Auto Care,FALSE
SRV-002207,VEH-00069,26/07/2026,Brake Inspection,1887,55075,1,Danielport Auto Care,TRUE
SRV-002208,VEH-02899,09/06/2025,Wheel Alignment,2725,29243,3,Davidtown Auto Care,FALSE
SRV-002209,VEH-01019,26/03/2026,Oil Change,4052,24980,2,Kathyborough Auto Care,FALSE
SRV-002210,VEH-00671,13/03/2026,Engine Diagnostic,2848,5309,1,North Arthur Auto Care,TRUE
SRV-002211,VEH-00926,12/09/2025,Oil Change,4780,12192,1,Diazfurt Auto Care,FALSE
SRV-002212,VEH-00004,23/06/2023,Recall Fix,0,2782,2,East Jordan Auto Care,FALSE
SRV-002213,VEH-02921,19/10/2024,Brake Inspection,2791,8657,3,New Jeremyburgh Auto Care,TRUE
SRV-002214,VEH-02515,20/07/2026,AC Repair,16554,4892,0,North Rachelmouth Auto Care,TRUE
SRV-002215,VEH-01438,23/06/2025,Brake Inspection,4240,12667,3,Randymouth Auto Care,FALSE
SRV-002216,VEH-01884,21/05/2026,Wheel Alignment,3978,40379,0,Robinsonmouth Auto Care,FALSE
SRV-002217,VEH-02961,04/02/2023,AC Repair,6920,25521,2,Danielchester Auto Care,FALSE
SRV-002218,VEH-01722,12/01/2023,AC Repair,10649,13551,1,Hickmanland Auto Care,FALSE
SRV-002219,VEH-00336,28/06/2023,Recall Fix,0,12025,3,Jeremyville Auto Care,FALSE
SRV-002220,VEH-02501,01/11/2025,AC Repair,18700,21288,1,Armstrongberg Auto Care,FALSE
SRV-002221,VEH-00167,23/10/2023,Suspension Repair,21353,10346,1,Patrickfurt Auto Care,FALSE
SRV-002222,VEH-01374,22/03/2023,Wheel Alignment,1695,84761,3,Hillbury Auto Care,FALSE
SRV-002223,VEH-02156,16/02/2024,Recall Fix,0,32776,3,Lake Benjamin Auto Care,FALSE
SRV-002224,VEH-01585,02/01/2026,Suspension Repair,37107,122155,1,Reneehaven Auto Care,FALSE
SRV-002225,VEH-01591,20/11/2023,Recall Fix,0,56853,1,Port Shanefort Auto Care,FALSE
SRV-002226,VEH-02463,18/08/2023,Recall Fix,0,58829,0,Brianshire Auto Care,FALSE
SRV-002227,VEH-00391,17/04/2026,Wheel Alignment,2313,27883,2,Patrickview Auto Care,FALSE
SRV-002228,VEH-00338,26/03/2023,Engine Diagnostic,4919,71800,2,Port Ian Auto Care,FALSE
SRV-002229,VEH-02626,24/07/2023,Oil Change,3414,94815,1,Port Micheleville Auto Care,TRUE
SRV-002230,VEH-00139,25/02/2026,Tire Rotation,1684,13683,3,Sarahside Auto Care,FALSE
SRV-002231,VEH-02385,17/06/2025,Bodywork/Panel Repair,56607,17407,3,East Christina Auto Care,FALSE
SRV-002232,VEH-01166,06/08/2023,Bodywork/Panel Repair,41429,6634,0,New Edwardland Auto Care,FALSE
SRV-002233,VEH-01331,26/12/2025,Suspension Repair,28255,5973,0,East Natalie Auto Care,TRUE
SRV-002234,VEH-02787,12/11/2022,Tire Rotation,2365,116383,3,Elizabethton Auto Care,FALSE
SRV-002235,VEH-01846,28/08/2023,Wheel Alignment,1828,12974,3,Bonillafort Auto Care,TRUE
SRV-002236,VEH-00656,08/06/2023,Wheel Alignment,3758,13722,3,Jameschester Auto Care,FALSE
SRV-002237,VEH-01492,30/04/2023,Battery Replacement,16820,1318,0,Lopezview Auto Care,FALSE
SRV-002238,VEH-00282,28/02/2024,Bodywork/Panel Repair,99765,123183,3,East Ashleyville Auto Care,TRUE
SRV-002239,VEH-00657,08/05/2025,Bodywork/Panel Repair,35020,10132,0,Craigberg Auto Care,TRUE
SRV-002240,VEH-01876,07/01/2025,Battery Replacement,18675,41456,0,Masonfurt Auto Care,TRUE
SRV-002241,VEH-00966,09/11/2024,Oil Change,5095,21948,1,North Nicolas Auto Care,FALSE
SRV-002242,VEH-00432,16/06/2026,Tire Rotation,2421,73685,1,Lake Shirleyfort Auto Care,FALSE
SRV-002243,VEH-02959,01/12/2024,Tire Rotation,2083,47513,2,Gonzalezport Auto Care,FALSE
SRV-002244,VEH-01565,03/01/2025,Suspension Repair,43129,12786,3,Ochoastad Auto Care,TRUE
SRV-002245,VEH-01535,16/10/2025,Bodywork/Panel Repair,54361,12530,2,Davilaville Auto Care,FALSE
SRV-002246,VEH-02228,21/04/2023,Wheel Alignment,2936,16700,2,South Catherinestad Auto Care,FALSE
SRV-002247,VEH-01224,09/09/2026,Tire Rotation,2813,19213,0,Kristenburgh Auto Care,FALSE
SRV-002248,VEH-00552,28/06/2026,Bodywork/Panel Repair,91923,355,0,North Austinmouth Auto Care,FALSE
SRV-002249,VEH-01220,21/08/2023,Bodywork/Panel Repair,92159,24737,0,South Melissamouth Auto Care,FALSE
SRV-002250,VEH-00003,11/05/2024,Brake Inspection,3227,147042,3,Kennedyside Auto Care,FALSE
SRV-002251,VEH-01432,24/08/2025,Full Service,14715,103276,0,Christinaville Auto Care,FALSE
SRV-002252,VEH-00676,19/08/2023,Bodywork/Panel Repair,110518,1779,0,Charlesberg Auto Care,TRUE
SRV-002253,VEH-00531,26/04/2025,Oil Change,4382,27656,2,Lake Amanda Auto Care,FALSE
SRV-002254,VEH-01208,25/04/2026,AC Repair,19319,10400,3,North Josephborough Auto Care,FALSE
SRV-002255,VEH-01215,28/01/2025,AC Repair,8329,3730,1,Courtneyview Auto Care,TRUE
SRV-002256,VEH-01946,26/08/2024,Wheel Alignment,2167,9198,0,Floresstad Auto Care,FALSE
SRV-002257,VEH-00783,20/12/2023,Suspension Repair,23710,10460,2,Bradleyhaven Auto Care,FALSE
SRV-002258,VEH-01347,10/02/2024,Recall Fix,0,2267,3,Josehaven Auto Care,FALSE
SRV-002259,VEH-01916,02/07/2026,Bodywork/Panel Repair,115569,24520,1,Carolineton Auto Care,TRUE
SRV-002260,VEH-00515,19/05/2024,Battery Replacement,17261,5340,3,West Johnside Auto Care,FALSE
SRV-002261,VEH-02012,02/10/2024,Battery Replacement,9255,8952,3,Christyside Auto Care,FALSE
SRV-002262,VEH-01572,02/06/2026,Suspension Repair,10487,14198,1,Katrinatown Auto Care,FALSE
SRV-002263,VEH-00736,01/06/2024,Transmission Service,43134,39973,0,East Kristinashire Auto Care,FALSE
SRV-002264,VEH-00286,13/12/2025,Full Service,34183,11767,0,New Cynthiaport Auto Care,FALSE
SRV-002265,VEH-01563,10/12/2022,Recall Fix,0,62209,2,Erinberg Auto Care,FALSE
SRV-002266,VEH-01540,08/03/2023,Transmission Service,58437,40365,0,East Robinfort Auto Care,TRUE
SRV-002267,VEH-00133,17/09/2024,Brake Inspection,2791,62465,2,Leeside Auto Care,FALSE
SRV-002268,VEH-00743,18/07/2026,Engine Diagnostic,2840,31148,1,West Jerryburgh Auto Care,FALSE
SRV-002269,VEH-00105,14/03/2025,Oil Change,2742,10765,1,East James Auto Care,FALSE
SRV-002270,VEH-02984,19/05/2024,Bodywork/Panel Repair,21494,6598,3,Colestad Auto Care,FALSE
SRV-002271,VEH-01522,03/05/2023,Engine Diagnostic,4186,85691,2,Lanestad Auto Care,TRUE
SRV-002272,VEH-00583,24/09/2023,Full Service,12694,8318,2,Craigberg Auto Care,FALSE
SRV-002273,VEH-02762,19/09/2026,Oil Change,4508,16514,1,Matthewsville Auto Care,TRUE
SRV-002274,VEH-02847,31/01/2026,Bodywork/Panel Repair,47976,2106,3,East Nathaniel Auto Care,FALSE
SRV-002275,VEH-01973,27/08/2026,AC Repair,16674,78813,0,East Jacqueline Auto Care,TRUE
SRV-002276,VEH-00111,11/12/2024,AC Repair,13040,265,2,Kayleetown Auto Care,FALSE
SRV-002277,VEH-00154,10/01/2024,Bodywork/Panel Repair,71847,996,0,South Geraldview Auto Care,TRUE
SRV-002278,VEH-02738,28/06/2023,Full Service,32581,4762,1,North David Auto Care,FALSE
SRV-002279,VEH-00599,02/04/2026,Suspension Repair,11061,40632,2,North Juliemouth Auto Care,TRUE
SRV-002280,VEH-00893,06/01/2024,Engine Diagnostic,4801,34036,1,Kylehaven Auto Care,TRUE
SRV-002281,VEH-02296,08/12/2025,Wheel Alignment,2055,9348,3,Alexisport Auto Care,FALSE
SRV-002282,VEH-02420,14/12/2025,Suspension Repair,25684,103193,2,Wolfetown Auto Care,FALSE
SRV-002283,VEH-01480,15/08/2025,Tire Rotation,2600,23633,1,South Marilynland Auto Care,FALSE
SRV-002284,VEH-01144,24/06/2026,Bodywork/Panel Repair,57572,2962,3,South Curtisfort Auto Care,FALSE
SRV-002285,VEH-02401,17/10/2024,Tire Rotation,1705,18173,1,Hallmouth Auto Care,FALSE
SRV-002286,VEH-01001,25/09/2026,Wheel Alignment,3817,122853,2,Lake Kevinfurt Auto Care,FALSE
SRV-002287,VEH-00657,12/10/2022,Recall Fix,0,31728,1,Leefort Auto Care,FALSE
SRV-002288,VEH-02787,20/06/2023,Oil Change,4928,117296,0,West Bernardburgh Auto Care,TRUE
SRV-002289,VEH-00992,09/08/2025,Bodywork/Panel Repair,91813,4834,3,Albertport Auto Care,TRUE
SRV-002290,VEH-01795,31/08/2026,Battery Replacement,12947,46962,1,North Ericmouth Auto Care,TRUE
SRV-002291,VEH-02470,05/02/2025,Oil Change,5284,577,0,Stephanieborough Auto Care,FALSE
SRV-002292,VEH-00139,25/07/2026,Full Service,15000,7342,1,Jamesland Auto Care,FALSE
SRV-002293,VEH-01850,25/11/2023,Engine Diagnostic,2603,10330,1,Michaelton Auto Care,TRUE
SRV-002294,VEH-00095,04/02/2023,Tire Rotation,1891,95584,1,New Allen Auto Care,FALSE
SRV-002295,VEH-02454,01/10/2023,Recall Fix,0,62109,1,East Allisonchester Auto Care,TRUE
SRV-002296,VEH-02856,05/01/2025,Wheel Alignment,1763,1433,2,Pattersonmouth Auto Care,FALSE
SRV-002297,VEH-01140,15/03/2024,Battery Replacement,9461,31515,3,Carterhaven Auto Care,TRUE
SRV-002298,VEH-01620,06/01/2026,Engine Diagnostic,2947,13622,1,South John Auto Care,FALSE
SRV-002299,VEH-02341,25/12/2025,Engine Diagnostic,3596,24438,1,North Ashley Auto Care,TRUE
SRV-002300,VEH-00106,16/12/2024,Battery Replacement,9523,4801,1,South Williamstad Auto Care,FALSE
SRV-002301,VEH-01750,19/07/2023,Wheel Alignment,1878,83571,0,New Racheltown Auto Care,FALSE
SRV-002302,VEH-01608,29/08/2025,Brake Inspection,7883,6653,1,Pottston Auto Care,TRUE
SRV-002303,VEH-00694,08/01/2023,Full Service,17090,5012,1,Omarhaven Auto Care,FALSE
SRV-002304,VEH-02556,24/09/2024,Engine Diagnostic,3450,52992,1,Port Courtneyburgh Auto Care,FALSE
SRV-002305,VEH-01696,05/10/2024,Full Service,31328,13472,2,New David Auto Care,FALSE
SRV-002306,VEH-01645,18/02/2026,Suspension Repair,25772,24701,2,Murraybury Auto Care,TRUE
SRV-002307,VEH-00828,11/02/2023,Recall Fix,0,25476,1,Tanyafurt Auto Care,FALSE
SRV-002308,VEH-02777,05/12/2023,Engine Diagnostic,3110,22281,0,West Kelsey Auto Care,FALSE
SRV-002309,VEH-02323,23/11/2024,Full Service,31538,33800,0,East Donald Auto Care,FALSE
SRV-002310,VEH-01252,11/11/2023,Suspension Repair,32894,126,1,New Robert Auto Care,FALSE
SRV-002311,VEH-02232,01/03/2025,AC Repair,20771,26559,1,Yorkport Auto Care,FALSE
SRV-002312,VEH-00307,16/10/2025,Tire Rotation,1063,112139,1,Byrdfort Auto Care,TRUE
SRV-002313,VEH-01160,22/08/2023,Full Service,12324,19463,2,East Travis Auto Care,FALSE
SRV-002314,VEH-02880,28/10/2023,Full Service,21521,638,3,New Gabriel Auto Care,FALSE
SRV-002315,VEH-02581,07/02/2023,Engine Diagnostic,3251,70448,0,East Devon Auto Care,FALSE
SRV-002316,VEH-00570,04/10/2022,AC Repair,17209,16710,1,Jonesfurt Auto Care,FALSE
SRV-002317,VEH-01158,25/08/2025,Brake Inspection,6544,45359,1,Richardstad Auto Care,TRUE
SRV-002318,VEH-01477,02/06/2024,Suspension Repair,16145,29524,2,South Johnny Auto Care,FALSE
SRV-002319,VEH-02057,24/04/2024,Battery Replacement,10024,13291,0,West Jenniferchester Auto Care,TRUE
SRV-002320,VEH-02045,12/05/2025,Oil Change,4514,14399,2,Elizabethburgh Auto Care,TRUE
SRV-002321,VEH-02755,11/05/2024,Bodywork/Panel Repair,57827,35743,3,Port Nicoleshire Auto Care,FALSE
SRV-002322,VEH-01954,20/02/2023,Suspension Repair,39135,32646,3,West Tammy Auto Care,FALSE
SRV-002323,VEH-02686,29/05/2025,Oil Change,3191,14928,0,East Kathyside Auto Care,FALSE
SRV-002324,VEH-02333,10/09/2026,Recall Fix,0,27627,1,East Lukefurt Auto Care,TRUE
SRV-002325,VEH-02577,15/06/2023,Tire Rotation,1993,33127,1,New Scottfort Auto Care,FALSE
SRV-002326,VEH-02219,03/08/2024,Battery Replacement,12388,533,2,West Jessicaton Auto Care,TRUE
SRV-002327,VEH-02789,31/12/2023,Bodywork/Panel Repair,28596,4502,1,West Daniel Auto Care,FALSE
SRV-002328,VEH-01965,11/05/2023,Brake Inspection,6099,860,0,Edwardsberg Auto Care,FALSE
SRV-002329,VEH-02286,13/07/2024,Engine Diagnostic,2112,335142,3,Port Randallview Auto Care,FALSE
SRV-002330,VEH-02546,14/06/2024,Suspension Repair,37744,144922,1,Johntown Auto Care,FALSE
SRV-002331,VEH-02031,07/08/2024,Wheel Alignment,3098,134564,3,West Steven Auto Care,FALSE
SRV-002332,VEH-01371,29/05/2024,AC Repair,15120,15655,1,Bonillatown Auto Care,FALSE
SRV-002333,VEH-02592,20/08/2026,Engine Diagnostic,4546,22910,3,Kimberlyborough Auto Care,FALSE
SRV-002334,VEH-00625,15/01/2023,Suspension Repair,17317,14555,1,New Jacqueline Auto Care,TRUE
SRV-002335,VEH-00843,14/12/2025,Wheel Alignment,1584,3737,1,South Justin Auto Care,FALSE
SRV-002336,VEH-00106,02/05/2024,Suspension Repair,19743,18303,1,Mcguirebury Auto Care,FALSE
SRV-002337,VEH-01959,30/10/2024,Tire Rotation,2417,14080,3,Lunaburgh Auto Care,TRUE
SRV-002338,VEH-00764,13/01/2024,Battery Replacement,10047,641,3,West Gary Auto Care,FALSE
SRV-002339,VEH-02536,26/11/2024,Transmission Service,16852,233653,3,Kimberlyland Auto Care,TRUE
SRV-002340,VEH-00668,26/06/2023,Tire Rotation,1387,60519,0,Bowmanville Auto Care,FALSE
SRV-002341,VEH-01276,21/04/2023,Bodywork/Panel Repair,56396,6838,0,South Theresa Auto Care,FALSE
SRV-002342,VEH-01708,31/05/2023,Bodywork/Panel Repair,89079,20660,0,Maryshire Auto Care,FALSE
SRV-002343,VEH-01110,04/05/2025,Wheel Alignment,2687,9600,0,Westshire Auto Care,FALSE
SRV-002344,VEH-02460,15/04/2025,Oil Change,3531,6016,0,Donnahaven Auto Care,FALSE
SRV-002345,VEH-00550,17/01/2023,Transmission Service,30378,3981,0,Heatherton Auto Care,FALSE
SRV-002346,VEH-00909,19/06/2024,Transmission Service,52130,718,2,East Melaniestad Auto Care,FALSE
SRV-002347,VEH-00733,11/06/2024,Engine Diagnostic,4839,27415,0,Lake Alexton Auto Care,FALSE
SRV-002348,VEH-02505,10/02/2025,Tire Rotation,2583,20306,1,Kennedyborough Auto Care,TRUE
SRV-002349,VEH-00084,06/05/2023,Brake Inspection,5224,17032,2,Kyliefurt Auto Care,FALSE
SRV-002350,VEH-02688,15/11/2024,AC Repair,12182,72356,1,Abigailtown Auto Care,FALSE
SRV-002351,VEH-01347,05/05/2024,Suspension Repair,12815,1863,1,West Steve Auto Care,TRUE
SRV-002352,VEH-02871,25/09/2026,Wheel Alignment,1721,125437,1,Reedfurt Auto Care,FALSE
SRV-002353,VEH-02857,09/05/2025,Full Service,38849,757,0,Lake Melissa Auto Care,FALSE
SRV-002354,VEH-02131,15/09/2025,Battery Replacement,16711,6885,0,Staffordland Auto Care,FALSE
SRV-002355,VEH-00307,09/09/2026,AC Repair,14093,108066,1,North Matthew Auto Care,FALSE
SRV-002356,VEH-01832,17/03/2023,Brake Inspection,3006,65069,2,Latashahaven Auto Care,FALSE
SRV-002357,VEH-02058,05/11/2022,Engine Diagnostic,3333,6845,0,Masonport Auto Care,FALSE
SRV-002358,VEH-01728,16/09/2024,Bodywork/Panel Repair,82968,1942,1,Smithchester Auto Care,TRUE
SRV-002359,VEH-01800,16/03/2025,Tire Rotation,2508,99551,2,Duartetown Auto Care,FALSE
SRV-002360,VEH-02660,01/07/2026,Transmission Service,54775,9689,0,Lake John Auto Care,FALSE
SRV-002361,VEH-02440,08/05/2024,AC Repair,7645,36458,0,South Victoria Auto Care,TRUE
SRV-002362,VEH-01368,08/06/2024,Engine Diagnostic,2868,28611,0,Kaylaside Auto Care,TRUE
SRV-002363,VEH-01861,16/01/2023,Tire Rotation,2848,83721,2,Port Thomas Auto Care,FALSE
SRV-002364,VEH-01713,04/04/2025,Bodywork/Panel Repair,15948,13669,1,Sierraberg Auto Care,FALSE
SRV-002365,VEH-02177,20/09/2026,Recall Fix,0,83735,3,West Kenneth Auto Care,FALSE
SRV-002366,VEH-01075,11/09/2023,Bodywork/Panel Repair,40728,358,2,Debraland Auto Care,TRUE
SRV-002367,VEH-00660,05/06/2023,Tire Rotation,1913,67024,1,West Michaelshire Auto Care,FALSE
SRV-002368,VEH-02578,10/03/2026,Wheel Alignment,2766,59243,0,Robinsonside Auto Care,TRUE
SRV-002369,VEH-00444,28/03/2024,Recall Fix,0,10318,1,Devinton Auto Care,TRUE
SRV-002370,VEH-00137,06/03/2024,Engine Diagnostic,2424,15058,0,North Joshuamouth Auto Care,FALSE
SRV-002371,VEH-01399,02/02/2026,Full Service,30805,20659,2,Lake Lauratown Auto Care,FALSE
SRV-002372,VEH-02500,07/11/2025,Full Service,12937,8471,3,Daychester Auto Care,FALSE
SRV-002373,VEH-00452,15/10/2022,Transmission Service,35058,12627,1,Angelaton Auto Care,FALSE
SRV-002374,VEH-00748,12/03/2025,Battery Replacement,16108,28681,3,Ashleyview Auto Care,FALSE
SRV-002375,VEH-01784,19/08/2023,Wheel Alignment,1863,48594,1,West Virginiahaven Auto Care,FALSE
SRV-002376,VEH-02381,13/10/2023,Engine Diagnostic,4023,22203,3,East Stacey Auto Care,FALSE
SRV-002377,VEH-00813,01/04/2026,Tire Rotation,2017,2515,1,Brownville Auto Care,FALSE
SRV-002378,VEH-01613,11/03/2023,Bodywork/Panel Repair,53123,66913,0,Danielsfurt Auto Care,FALSE
SRV-002379,VEH-01256,12/06/2024,AC Repair,8174,7323,0,East Lisaburgh Auto Care,FALSE
SRV-002380,VEH-01078,19/12/2024,Engine Diagnostic,3618,42581,1,West Christinafurt Auto Care,TRUE
SRV-002381,VEH-01340,12/08/2026,Wheel Alignment,3264,26755,2,Pamelashire Auto Care,FALSE
SRV-002382,VEH-02791,20/07/2025,Brake Inspection,4705,28263,3,Port Jenniferside Auto Care,TRUE
SRV-002383,VEH-02011,16/03/2023,Battery Replacement,13465,36813,0,Vickieside Auto Care,FALSE
SRV-002384,VEH-00238,15/09/2025,Engine Diagnostic,2608,33447,1,South Linda Auto Care,TRUE
SRV-002385,VEH-00111,19/11/2025,Transmission Service,58370,3394,1,West Johnbury Auto Care,FALSE
SRV-002386,VEH-02655,06/09/2023,Battery Replacement,17510,45663,1,Priceport Auto Care,FALSE
SRV-002387,VEH-01265,12/12/2023,Wheel Alignment,1619,32941,2,West Steven Auto Care,FALSE
SRV-002388,VEH-00531,08/12/2023,Suspension Repair,10400,29650,3,North Jesse Auto Care,TRUE
SRV-002389,VEH-01915,20/06/2025,AC Repair,7389,2214,3,South Sherri Auto Care,FALSE
SRV-002390,VEH-00816,18/09/2024,Battery Replacement,12828,37951,1,Lisafurt Auto Care,TRUE
SRV-002391,VEH-01702,31/07/2024,Suspension Repair,21620,38893,2,North Katrinastad Auto Care,FALSE
SRV-002392,VEH-01364,06/06/2024,Wheel Alignment,3486,11555,1,South Samanthafurt Auto Care,FALSE
SRV-002393,VEH-01738,16/01/2024,Full Service,14077,44529,2,West Samuelfort Auto Care,FALSE
SRV-002394,VEH-02757,07/05/2026,Engine Diagnostic,2792,4448,1,Butlerland Auto Care,FALSE
SRV-002395,VEH-00654,26/09/2024,AC Repair,9917,1287,1,Lake Stephanie Auto Care,FALSE
SRV-002396,VEH-01853,09/05/2024,Tire Rotation,2670,60842,2,Port Melissafort Auto Care,FALSE
SRV-002397,VEH-02263,14/09/2023,Engine Diagnostic,4961,47535,0,South Kellyside Auto Care,FALSE
SRV-002398,VEH-01976,17/10/2025,Tire Rotation,1331,53784,0,East Stephenfort Auto Care,FALSE
SRV-002399,VEH-00883,04/11/2025,Full Service,36585,55,0,South James Auto Care,FALSE
SRV-002400,VEH-00157,18/03/2023,Wheel Alignment,1933,27586,0,Webershire Auto Care,FALSE
SRV-002401,VEH-01918,12/01/2024,Tire Rotation,1524,4054,0,Larsenberg Auto Care,TRUE
SRV-002402,VEH-01399,09/03/2023,Wheel Alignment,3585,43,3,Carterstad Auto Care,FALSE
SRV-002403,VEH-00710,05/07/2025,Tire Rotation,1596,34410,1,Edwardsshire Auto Care,FALSE
SRV-002404,VEH-01933,10/08/2026,Recall Fix,0,81038,1,Jamesside Auto Care,FALSE
SRV-002405,VEH-02430,15/07/2024,Tire Rotation,2080,23973,1,Margaretbury Auto Care,TRUE
SRV-002406,VEH-02137,30/08/2025,Wheel Alignment,3779,9980,1,Lake Peterhaven Auto Care,FALSE
SRV-002407,VEH-01086,25/11/2023,Recall Fix,0,2405,1,Port Kevinmouth Auto Care,FALSE
SRV-002408,VEH-00971,10/07/2026,Full Service,21669,17599,1,Yolandamouth Auto Care,FALSE
SRV-002409,VEH-01326,29/07/2023,Full Service,37646,73206,1,West Cynthiamouth Auto Care,FALSE
SRV-002410,VEH-00905,12/03/2025,Oil Change,2699,25872,1,Dayhaven Auto Care,FALSE
SRV-002411,VEH-00246,28/01/2023,Wheel Alignment,3795,21380,3,Sarahland Auto Care,FALSE
SRV-002412,VEH-01271,15/07/2023,Brake Inspection,3247,24247,2,East Veronicabury Auto Care,TRUE
SRV-002413,VEH-02933,18/05/2026,Brake Inspection,2316,41639,2,Port Timothy Auto Care,FALSE
SRV-002414,VEH-01188,12/06/2024,Engine Diagnostic,4461,17534,3,New Patty Auto Care,FALSE
SRV-002415,VEH-00312,30/05/2024,Battery Replacement,11713,8234,1,Kimberlyfort Auto Care,FALSE
SRV-002416,VEH-02889,12/08/2023,Transmission Service,17304,817,2,Longmouth Auto Care,TRUE
SRV-002417,VEH-00520,17/08/2025,Transmission Service,31352,9733,1,Richardsonchester Auto Care,TRUE
SRV-002418,VEH-02486,29/12/2023,Battery Replacement,8512,24116,3,Rodriguezland Auto Care,TRUE
SRV-002419,VEH-01817,08/08/2025,AC Repair,19506,46399,0,Kellybury Auto Care,FALSE
SRV-002420,VEH-02927,13/11/2023,Oil Change,4413,13754,0,New Ryanshire Auto Care,FALSE
SRV-002421,VEH-00350,01/08/2026,Brake Inspection,7310,2506,2,Bartonstad Auto Care,FALSE
SRV-002422,VEH-01907,21/03/2023,AC Repair,15568,61685,0,Port Toddchester Auto Care,FALSE
SRV-002423,VEH-02590,30/08/2023,Bodywork/Panel Repair,65375,36176,0,Loriton Auto Care,FALSE
SRV-002424,VEH-02135,27/06/2024,Wheel Alignment,3544,17505,0,East Davidshire Auto Care,FALSE
SRV-002425,VEH-01365,02/03/2023,Recall Fix,0,17457,0,Liburgh Auto Care,FALSE
SRV-002426,VEH-00761,30/07/2024,AC Repair,23621,4561,0,Oliverchester Auto Care,FALSE
SRV-002427,VEH-02567,30/08/2026,Recall Fix,0,132733,3,Martinmouth Auto Care,FALSE
SRV-002428,VEH-00433,01/02/2026,Suspension Repair,19893,104071,2,East Gregory Auto Care,FALSE
SRV-002429,VEH-00317,08/03/2026,Transmission Service,15178,19449,0,South Sandra Auto Care,FALSE
SRV-002430,VEH-02074,29/10/2024,Oil Change,4014,2976,0,North Anne Auto Care,FALSE
SRV-002431,VEH-02285,14/02/2026,Engine Diagnostic,3498,80758,0,West James Auto Care,FALSE
SRV-002432,VEH-01079,17/03/2025,Transmission Service,28360,9011,1,Port Davidton Auto Care,FALSE
SRV-002433,VEH-00747,04/12/2022,Bodywork/Panel Repair,102162,82163,0,Kennedymouth Auto Care,TRUE
SRV-002434,VEH-00029,29/05/2023,Full Service,18943,7532,1,Ellisstad Auto Care,FALSE
SRV-002435,VEH-02285,12/07/2024,Brake Inspection,3622,48466,0,Lake Kevinmouth Auto Care,TRUE
SRV-002436,VEH-00230,28/02/2026,Transmission Service,49743,1797,3,North Ericside Auto Care,FALSE
SRV-002437,VEH-00075,20/08/2023,Tire Rotation,1748,2927,1,Ginaport Auto Care,FALSE
SRV-002438,VEH-01253,26/01/2023,Full Service,13374,125404,1,Hilltown Auto Care,FALSE
SRV-002439,VEH-02243,22/10/2024,Battery Replacement,11652,158665,3,West Bobbychester Auto Care,FALSE
SRV-002440,VEH-02675,16/06/2025,AC Repair,15386,40731,3,Reedburgh Auto Care,FALSE
SRV-002441,VEH-00302,25/01/2025,Tire Rotation,2973,47126,0,Rebeccaton Auto Care,TRUE
SRV-002442,VEH-01064,14/11/2022,Full Service,18600,2509,2,Markfort Auto Care,FALSE
SRV-002443,VEH-00483,09/09/2025,Bodywork/Panel Repair,10040,43770,0,Fergusonmouth Auto Care,FALSE
SRV-002444,VEH-00186,13/05/2025,Bodywork/Panel Repair,104628,18942,0,East Edward Auto Care,FALSE
SRV-002445,VEH-02136,09/04/2023,Brake Inspection,2614,172264,3,North Kaylastad Auto Care,TRUE
SRV-002446,VEH-01953,20/10/2025,Transmission Service,16465,1080,1,Lucasport Auto Care,FALSE
SRV-002447,VEH-01952,18/06/2025,Bodywork/Panel Repair,85407,2832,2,West Josephton Auto Care,FALSE
SRV-002448,VEH-01801,01/02/2023,Bodywork/Panel Repair,113769,5600,3,East Samanthaberg Auto Care,TRUE
SRV-002449,VEH-02786,27/09/2022,Engine Diagnostic,4382,2492,3,Keyside Auto Care,FALSE
SRV-002450,VEH-01565,20/09/2024,Brake Inspection,3035,9421,2,North Sandra Auto Care,FALSE
SRV-002451,VEH-02041,07/11/2022,Bodywork/Panel Repair,105776,10849,3,Marychester Auto Care,FALSE
SRV-002452,VEH-00403,05/07/2024,Tire Rotation,1833,40510,1,Maytown Auto Care,TRUE
SRV-002453,VEH-02835,20/07/2025,Full Service,39147,4511,2,Port Tracyfurt Auto Care,FALSE
SRV-002454,VEH-01152,04/05/2023,Tire Rotation,2777,111523,1,North Stephaniefort Auto Care,FALSE
SRV-002455,VEH-02438,13/03/2023,Oil Change,3856,79075,3,East Billy Auto Care,FALSE
SRV-002456,VEH-01550,23/05/2024,Wheel Alignment,2193,761,1,Williamfurt Auto Care,FALSE
SRV-002457,VEH-02422,01/03/2026,Transmission Service,17908,18650,3,Cassandraside Auto Care,FALSE
SRV-002458,VEH-02220,29/09/2022,Engine Diagnostic,4117,149657,2,South Elizabethstad Auto Care,FALSE
SRV-002459,VEH-02482,20/01/2025,Suspension Repair,17448,15136,2,Port Jeffreychester Auto Care,FALSE
SRV-002460,VEH-01078,21/09/2025,AC Repair,21207,70336,0,East Kathleen Auto Care,FALSE
SRV-002461,VEH-02541,21/05/2023,Recall Fix,0,64643,1,New Nicholasland Auto Care,FALSE
SRV-002462,VEH-02231,24/08/2025,Full Service,37561,51625,3,East Craigtown Auto Care,FALSE
SRV-002463,VEH-01566,01/10/2025,Engine Diagnostic,4672,7422,1,Angelshire Auto Care,TRUE
SRV-002464,VEH-00264,04/09/2026,Brake Inspection,2938,655,3,Greershire Auto Care,TRUE
SRV-002465,VEH-02184,04/11/2023,AC Repair,7066,10977,0,Pierceport Auto Care,FALSE
SRV-002466,VEH-01821,26/12/2024,Oil Change,5279,56380,1,Lake Josephtown Auto Care,FALSE
SRV-002467,VEH-00160,15/12/2025,Transmission Service,50115,3561,2,West Heather Auto Care,FALSE
SRV-002468,VEH-02832,08/01/2024,Oil Change,5549,82486,1,Lake Taylorport Auto Care,FALSE
SRV-002469,VEH-01630,02/09/2026,Tire Rotation,2478,8159,0,West Larry Auto Care,TRUE
SRV-002470,VEH-00944,16/02/2026,Wheel Alignment,1820,7589,0,Lake Tashastad Auto Care,FALSE
SRV-002471,VEH-01424,03/05/2024,Brake Inspection,1594,2216,1,Abbottland Auto Care,FALSE
SRV-002472,VEH-00749,09/04/2026,Oil Change,4673,7462,2,Lopezbury Auto Care,TRUE
SRV-002473,VEH-00721,17/06/2023,Tire Rotation,1447,108866,3,New Sharon Auto Care,FALSE
SRV-002474,VEH-00630,16/05/2025,Tire Rotation,2591,57313,3,Alejandroshire Auto Care,FALSE
SRV-002475,VEH-00539,15/10/2024,Transmission Service,23496,48302,1,Millerborough Auto Care,FALSE
SRV-002476,VEH-00441,23/04/2023,Brake Inspection,1641,5653,1,South Matthewhaven Auto Care,FALSE
SRV-002477,VEH-00228,27/09/2025,Oil Change,5984,5096,3,New Stephenfurt Auto Care,FALSE
SRV-002478,VEH-02952,31/07/2025,Tire Rotation,2064,15869,0,Gregorymouth Auto Care,TRUE
SRV-002479,VEH-00257,15/07/2025,Wheel Alignment,3647,7396,3,Lake Dannybury Auto Care,FALSE
SRV-002480,VEH-01193,30/04/2026,Full Service,39304,27952,3,Lake Bryan Auto Care,FALSE
SRV-002481,VEH-01152,24/10/2022,Engine Diagnostic,4896,113367,3,Matthewhaven Auto Care,FALSE
SRV-002482,VEH-00902,08/02/2023,Bodywork/Panel Repair,72654,17521,3,Ortegafort Auto Care,FALSE
SRV-002483,VEH-02622,19/04/2026,Full Service,34712,18269,2,New Michelle Auto Care,FALSE
SRV-002484,VEH-02999,16/04/2025,Battery Replacement,11287,34118,1,North Joseph Auto Care,FALSE
SRV-002485,VEH-00230,19/01/2026,AC Repair,13597,29587,0,North Susanstad Auto Care,FALSE
SRV-002486,VEH-00340,23/03/2025,Brake Inspection,1818,24871,3,Port Michaelfort Auto Care,FALSE
SRV-002487,VEH-01417,14/09/2023,Tire Rotation,2723,13385,0,North Kathymouth Auto Care,FALSE
SRV-002488,VEH-02992,19/06/2026,AC Repair,14687,8680,2,Bellchester Auto Care,FALSE
SRV-002489,VEH-00611,28/10/2024,AC Repair,22392,12098,1,East Joshua Auto Care,FALSE
SRV-002490,VEH-02005,27/05/2023,Suspension Repair,14785,2531,3,Bradshawtown Auto Care,FALSE
SRV-002491,VEH-02869,16/09/2025,Engine Diagnostic,2151,4624,1,Port Zachary Auto Care,TRUE
SRV-002492,VEH-02852,07/04/2023,Tire Rotation,2177,41343,1,North Sheilashire Auto Care,FALSE
SRV-002493,VEH-00244,28/03/2024,Brake Inspection,1501,28699,1,East Howard Auto Care,FALSE
SRV-002494,VEH-02050,23/03/2025,Brake Inspection,5328,37598,3,Lake Nancy Auto Care,FALSE
SRV-002495,VEH-02743,26/10/2023,Recall Fix,0,25911,1,Anthonyfurt Auto Care,FALSE
SRV-002496,VEH-01989,28/07/2024,Tire Rotation,2657,4082,3,Port Michaelburgh Auto Care,FALSE
SRV-002497,VEH-00788,07/09/2025,Brake Inspection,4204,129770,1,East Brian Auto Care,FALSE
SRV-002498,VEH-02267,31/03/2025,Recall Fix,0,1073,0,Wilcoxview Auto Care,FALSE
SRV-002499,VEH-02652,21/03/2026,Tire Rotation,1343,2243,3,Jonesborough Auto Care,TRUE
SRV-002500,VEH-01225,02/12/2025,Oil Change,4485,17053,0,West Linda Auto Care,FALSE
SRV-002501,VEH-02067,03/03/2024,AC Repair,21295,21734,0,West Jeffreyland Auto Care,FALSE
SRV-002502,VEH-01077,12/02/2026,Battery Replacement,17816,24239,0,Lake Timothyview Auto Care,FALSE
SRV-002503,VEH-01004,22/03/2024,Tire Rotation,2534,2384,0,Fitzgeraldstad Auto Care,FALSE
SRV-002504,VEH-01758,23/01/2023,AC Repair,10138,35441,1,North Alison Auto Care,TRUE
SRV-002505,VEH-01210,24/11/2022,Wheel Alignment,1983,2664,0,Wilsonmouth Auto Care,TRUE
SRV-002506,VEH-01520,24/09/2026,Oil Change,5761,19537,3,New Troyville Auto Care,FALSE
SRV-002507,VEH-02478,02/08/2023,Brake Inspection,7133,1697,1,Jeffreyhaven Auto Care,TRUE
SRV-002508,VEH-00649,16/10/2025,Suspension Repair,11568,806,1,Scottborough Auto Care,FALSE
SRV-002509,VEH-00706,16/05/2023,Bodywork/Panel Repair,93765,13170,3,Ericton Auto Care,FALSE
SRV-002510,VEH-02353,07/07/2026,Bodywork/Panel Repair,66237,28719,2,Stevenbury Auto Care,FALSE
SRV-002511,VEH-00282,26/07/2024,Oil Change,3042,120828,3,Ashleystad Auto Care,FALSE
SRV-002512,VEH-00464,15/03/2025,Suspension Repair,41700,25129,2,West Timothy Auto Care,FALSE
SRV-002513,VEH-02807,30/10/2024,Recall Fix,0,5292,1,Port Nicole Auto Care,FALSE
SRV-002514,VEH-00217,26/04/2026,Oil Change,5417,160541,1,New Aaron Auto Care,FALSE
SRV-002515,VEH-01342,06/11/2023,Suspension Repair,31107,62497,3,Reeseside Auto Care,FALSE
SRV-002516,VEH-00195,13/12/2025,Recall Fix,0,3629,0,Port Chadmouth Auto Care,FALSE
SRV-002517,VEH-02260,06/05/2023,Engine Diagnostic,3388,54511,0,Lake Vanessafort Auto Care,FALSE
SRV-002518,VEH-02709,14/12/2022,AC Repair,11998,85203,3,Lake Ryan Auto Care,FALSE
SRV-002519,VEH-00103,14/01/2023,Battery Replacement,10991,2483,1,Burnsfurt Auto Care,FALSE
SRV-002520,VEH-02435,11/08/2026,Wheel Alignment,2570,3876,1,Whitefort Auto Care,FALSE
SRV-002521,VEH-02844,18/12/2022,Brake Inspection,2278,13243,1,East Jessica Auto Care,FALSE
SRV-002522,VEH-02701,27/01/2023,Suspension Repair,13634,15798,3,Port Gabrielburgh Auto Care,FALSE
SRV-002523,VEH-01439,24/02/2023,Full Service,23401,33690,1,New Jamieside Auto Care,FALSE
SRV-002524,VEH-02223,12/08/2023,Tire Rotation,2866,15955,3,North Kathryn Auto Care,FALSE
SRV-002525,VEH-00433,24/08/2026,Full Service,16988,105426,0,West Jennaville Auto Care,FALSE
SRV-002526,VEH-02663,18/04/2026,Suspension Repair,10591,10626,2,New Lindsey Auto Care,FALSE
SRV-002527,VEH-01569,22/07/2026,Brake Inspection,2076,51048,0,Meganmouth Auto Care,FALSE
SRV-002528,VEH-00704,21/02/2026,Tire Rotation,2212,9845,0,North Erica Auto Care,FALSE
SRV-002529,VEH-02638,27/09/2025,Brake Inspection,3949,21281,1,East Brian Auto Care,FALSE
SRV-002530,VEH-02366,25/03/2026,Suspension Repair,36651,3287,0,North Jerry Auto Care,FALSE
SRV-002531,VEH-00424,13/09/2024,Wheel Alignment,1501,113775,3,New Amber Auto Care,FALSE
SRV-002532,VEH-01149,28/09/2024,Battery Replacement,8324,29454,1,New Shannon Auto Care,FALSE
SRV-002533,VEH-01983,11/09/2024,Battery Replacement,16335,25267,0,East Robinton Auto Care,FALSE
SRV-002534,VEH-00588,09/01/2024,Suspension Repair,14129,7484,1,Port Jesse Auto Care,TRUE
SRV-002535,VEH-01713,23/09/2024,Battery Replacement,19167,14659,0,Gordontown Auto Care,FALSE
SRV-002536,VEH-02274,21/11/2025,Transmission Service,20091,6055,2,North Joycefort Auto Care,TRUE
SRV-002537,VEH-02982,12/03/2026,AC Repair,22743,34001,1,Jensenport Auto Care,FALSE
SRV-002538,VEH-02754,28/05/2023,Recall Fix,0,12425,1,Walterton Auto Care,TRUE
SRV-002539,VEH-01401,24/04/2025,Bodywork/Panel Repair,39979,5803,0,Morenostad Auto Care,FALSE
SRV-002540,VEH-01655,15/05/2023,AC Repair,10460,106198,2,Johnshire Auto Care,FALSE
SRV-002541,VEH-02304,12/05/2025,Bodywork/Panel Repair,78903,2065,2,East Rosemouth Auto Care,FALSE
SRV-002542,VEH-00878,10/05/2026,Battery Replacement,18838,43445,1,Stacybury Auto Care,TRUE
SRV-002543,VEH-00057,04/04/2023,Recall Fix,0,669,1,Burtonview Auto Care,TRUE
SRV-002544,VEH-00289,19/10/2023,Battery Replacement,17881,60044,3,Lindseyville Auto Care,FALSE
SRV-002545,VEH-00252,12/02/2026,Full Service,17339,51902,1,Johnnyburgh Auto Care,FALSE
SRV-002546,VEH-00914,03/08/2025,Full Service,16004,55396,2,East Jorge Auto Care,TRUE
SRV-002547,VEH-02772,29/11/2022,Suspension Repair,25280,4476,0,West Jennifer Auto Care,TRUE
SRV-002548,VEH-01934,05/07/2025,Full Service,31774,67222,2,Lauraland Auto Care,TRUE
SRV-002549,VEH-01634,10/10/2022,Recall Fix,0,2018,0,Lake Lisa Auto Care,FALSE
SRV-002550,VEH-02837,15/08/2024,Wheel Alignment,3682,33387,3,North Patriciamouth Auto Care,FALSE
SRV-002551,VEH-02821,24/11/2023,Bodywork/Panel Repair,99953,7590,1,Johnmouth Auto Care,FALSE
SRV-002552,VEH-01558,17/04/2025,Oil Change,4246,40473,0,Mitchellfurt Auto Care,FALSE
SRV-002553,VEH-00724,14/09/2025,Engine Diagnostic,4891,1244,0,New Julieberg Auto Care,FALSE
SRV-002554,VEH-02576,29/03/2026,AC Repair,21472,91519,1,Johnfort Auto Care,FALSE
SRV-002555,VEH-01838,08/11/2024,Oil Change,5013,3261,1,Joelhaven Auto Care,FALSE
SRV-002556,VEH-01386,17/12/2025,Engine Diagnostic,2654,91575,0,Lake Shannonchester Auto Care,TRUE
SRV-002557,VEH-02436,07/01/2025,AC Repair,16410,2304,1,West James Auto Care,FALSE
SRV-002558,VEH-01078,27/11/2023,Battery Replacement,17288,47766,1,Warrenville Auto Care,TRUE
SRV-002559,VEH-02861,13/10/2022,Recall Fix,0,23141,2,Port Ronaldville Auto Care,FALSE
SRV-002560,VEH-01135,26/04/2025,Tire Rotation,2594,11200,3,Scottport Auto Care,FALSE
SRV-002561,VEH-01148,11/07/2024,Transmission Service,26944,103759,0,North Robert Auto Care,FALSE
SRV-002562,VEH-01920,05/09/2025,Tire Rotation,2524,71241,1,Port Tanyastad Auto Care,FALSE
SRV-002563,VEH-01951,14/08/2025,Brake Inspection,2767,79899,1,South Karlville Auto Care,TRUE
SRV-002564,VEH-00226,08/10/2025,Oil Change,5496,5624,1,South Brandonview Auto Care,TRUE
SRV-002565,VEH-00747,31/07/2026,Oil Change,4941,48697,3,Matthewfurt Auto Care,FALSE
SRV-002566,VEH-01702,18/12/2023,Tire Rotation,2044,37063,1,East Kara Auto Care,TRUE
SRV-002567,VEH-02127,08/05/2024,Suspension Repair,25084,21434,1,Browntown Auto Care,FALSE
SRV-002568,VEH-00956,23/03/2023,Wheel Alignment,1718,16828,1,Delgadohaven Auto Care,FALSE
SRV-002569,VEH-01261,03/06/2026,Recall Fix,0,37586,1,Frankmouth Auto Care,FALSE
SRV-002570,VEH-02178,03/06/2023,Wheel Alignment,1669,7699,0,Michelemouth Auto Care,FALSE
SRV-002571,VEH-01935,30/03/2023,AC Repair,5305,7115,1,North Patrick Auto Care,FALSE
SRV-002572,VEH-00041,15/08/2026,Recall Fix,0,11830,0,Malloryfort Auto Care,FALSE
SRV-002573,VEH-00956,13/08/2026,Bodywork/Panel Repair,81040,20152,1,Lake Betty Auto Care,TRUE
SRV-002574,VEH-00520,04/01/2026,Suspension Repair,37212,2848,3,Gomezmouth Auto Care,FALSE
SRV-002575,VEH-00275,01/01/2025,Oil Change,3642,149654,0,East Jessica Auto Care,TRUE
SRV-002576,VEH-02948,15/08/2023,Battery Replacement,10198,25331,1,Elizabethstad Auto Care,FALSE
SRV-002577,VEH-02774,18/08/2026,Suspension Repair,36392,119208,1,East Jamesland Auto Care,TRUE
SRV-002578,VEH-01218,30/07/2026,Suspension Repair,28792,13257,2,Newtonstad Auto Care,FALSE
SRV-002579,VEH-00901,05/08/2026,Engine Diagnostic,3408,5494,3,Jamesbury Auto Care,FALSE
SRV-002580,VEH-02222,07/07/2023,Wheel Alignment,3363,6325,3,Robertbury Auto Care,FALSE
SRV-002581,VEH-00055,23/03/2024,Bodywork/Panel Repair,53283,56015,0,Davidfort Auto Care,TRUE
SRV-002582,VEH-02130,29/01/2025,Engine Diagnostic,2310,22071,3,Lake Sarah Auto Care,TRUE
SRV-002583,VEH-02943,10/03/2026,Tire Rotation,2621,76165,1,Olsonburgh Auto Care,FALSE
SRV-002584,VEH-01425,19/12/2025,Wheel Alignment,3786,35435,1,West Jerryshire Auto Care,FALSE
SRV-002585,VEH-02102,07/11/2024,Full Service,23807,2994,2,New Williamview Auto Care,FALSE
SRV-002586,VEH-00106,04/05/2023,Suspension Repair,19056,5733,3,Singletonfurt Auto Care,FALSE
SRV-002587,VEH-00363,25/10/2025,Suspension Repair,44591,71714,0,Stewartport Auto Care,TRUE
SRV-002588,VEH-01485,08/09/2026,Engine Diagnostic,2269,7,3,Michaelborough Auto Care,TRUE
SRV-002589,VEH-00112,03/02/2026,Brake Inspection,4321,8716,0,New Jose Auto Care,FALSE
SRV-002590,VEH-02027,13/06/2026,Oil Change,4054,46819,0,West Tony Auto Care,FALSE
SRV-002591,VEH-02156,18/09/2026,Bodywork/Panel Repair,14192,27724,3,Evansstad Auto Care,FALSE
SRV-002592,VEH-02251,07/09/2025,Wheel Alignment,3226,8603,3,Sarahport Auto Care,FALSE
SRV-002593,VEH-02245,26/09/2022,Wheel Alignment,3278,32528,2,Longshire Auto Care,FALSE
SRV-002594,VEH-02050,30/10/2025,Battery Replacement,18300,58939,1,Edwardborough Auto Care,FALSE
SRV-002595,VEH-02044,03/06/2023,Transmission Service,46986,81251,0,South Bonnie Auto Care,FALSE
SRV-002596,VEH-00029,04/10/2022,Full Service,36969,10065,0,North Coreyside Auto Care,FALSE
SRV-002597,VEH-01089,25/10/2024,Full Service,18421,28462,0,North Debra Auto Care,FALSE
SRV-002598,VEH-00952,23/02/2025,AC Repair,19929,13121,1,Lake Andre Auto Care,TRUE
SRV-002599,VEH-02195,08/06/2023,Suspension Repair,25501,44243,1,Lake Anthonystad Auto Care,FALSE
SRV-002600,VEH-00330,21/07/2024,Full Service,38554,39900,1,Sethburgh Auto Care,TRUE
SRV-002601,VEH-00727,25/07/2025,Battery Replacement,14605,652,3,New Roy Auto Care,FALSE
SRV-002602,VEH-00713,05/04/2023,Engine Diagnostic,3661,42634,3,Grossland Auto Care,TRUE
SRV-002603,VEH-02864,19/01/2025,AC Repair,9546,39532,1,Jonesville Auto Care,FALSE
SRV-002604,VEH-02013,30/06/2026,Recall Fix,0,23837,2,Port Kayla Auto Care,FALSE
SRV-002605,VEH-01364,04/09/2026,Recall Fix,0,17586,0,Byrdton Auto Care,TRUE
SRV-002606,VEH-00842,02/09/2025,Full Service,25289,64573,1,Watkinsside Auto Care,TRUE
SRV-002607,VEH-01436,14/11/2022,Engine Diagnostic,3446,888,0,Julieland Auto Care,FALSE
SRV-002608,VEH-02925,29/11/2024,Battery Replacement,10140,33578,3,Brandonfort Auto Care,FALSE
SRV-002609,VEH-02233,07/08/2026,Brake Inspection,6511,1765,1,Allenton Auto Care,TRUE
SRV-002610,VEH-00579,26/09/2023,Brake Inspection,7145,79081,0,New Kristenport Auto Care,FALSE
SRV-002611,VEH-01006,26/03/2025,AC Repair,11536,61891,1,Deckerland Auto Care,FALSE
SRV-002612,VEH-01853,20/05/2024,Engine Diagnostic,3331,19132,0,East Frederick Auto Care,FALSE
SRV-002613,VEH-00232,21/12/2024,Oil Change,5561,133515,3,Michaelbury Auto Care,FALSE
SRV-002614,VEH-02340,25/03/2026,Tire Rotation,2529,30140,1,South Rickey Auto Care,FALSE
SRV-002615,VEH-02042,05/05/2026,Recall Fix,0,111235,1,Port Nancybury Auto Care,FALSE
SRV-002616,VEH-02163,29/02/2024,Battery Replacement,11538,22398,0,Port Rachel Auto Care,TRUE
SRV-002617,VEH-01736,31/01/2026,Recall Fix,0,40425,2,South Crystalberg Auto Care,FALSE
SRV-002618,VEH-00747,09/07/2026,Transmission Service,59277,66787,0,North Melissaburgh Auto Care,FALSE
SRV-002619,VEH-00016,03/01/2025,AC Repair,11036,9838,0,East Anthonymouth Auto Care,FALSE
SRV-002620,VEH-00349,19/01/2023,Full Service,19520,11658,1,East Shawntown Auto Care,FALSE
SRV-002621,VEH-01887,25/03/2024,Brake Inspection,4899,81633,2,West Steveshire Auto Care,FALSE
SRV-002622,VEH-01268,08/07/2024,Wheel Alignment,3012,30456,1,Lake Marvinberg Auto Care,FALSE
SRV-002623,VEH-00886,08/10/2023,Battery Replacement,17316,6381,0,North Brittany Auto Care,FALSE
SRV-002624,VEH-00505,07/09/2024,Recall Fix,0,6443,3,Powellhaven Auto Care,FALSE
SRV-002625,VEH-00759,22/12/2024,Wheel Alignment,2130,168268,1,Jessicaborough Auto Care,FALSE
SRV-002626,VEH-01780,05/11/2023,Transmission Service,26581,19688,1,Lindseyview Auto Care,TRUE
SRV-002627,VEH-00667,12/02/2024,Oil Change,3889,6832,1,New Mario Auto Care,FALSE
SRV-002628,VEH-02625,12/06/2024,Bodywork/Panel Repair,57061,16151,1,Port Melanie Auto Care,FALSE
SRV-002629,VEH-02429,14/08/2023,Bodywork/Panel Repair,96543,24575,1,East Sharon Auto Care,FALSE
SRV-002630,VEH-01935,29/11/2022,Tire Rotation,1945,20573,0,Lake Adam Auto Care,FALSE
SRV-002631,VEH-02632,03/09/2024,Full Service,23039,24782,0,South Elizabethberg Auto Care,FALSE
SRV-002632,VEH-02096,26/09/2023,Tire Rotation,2406,67210,1,Whitneyburgh Auto Care,TRUE
SRV-002633,VEH-01986,16/04/2024,Recall Fix,0,95982,3,Lake Debbie Auto Care,FALSE
SRV-002634,VEH-00086,07/12/2022,Wheel Alignment,1549,26724,1,East Cynthialand Auto Care,FALSE
SRV-002635,VEH-01025,04/04/2025,Battery Replacement,14008,2752,2,Alexandertown Auto Care,FALSE
SRV-002636,VEH-01318,13/03/2023,Bodywork/Panel Repair,64423,261846,3,East Brianaberg Auto Care,FALSE
SRV-002637,VEH-00085,15/12/2022,Suspension Repair,33611,11256,1,Beckhaven Auto Care,FALSE
SRV-002638,VEH-00407,03/03/2023,Oil Change,5805,50159,0,Grossport Auto Care,FALSE
SRV-002639,VEH-00552,24/02/2023,Recall Fix,0,7253,2,Paulchester Auto Care,FALSE
SRV-002640,VEH-01886,01/04/2026,Recall Fix,0,255,1,Curtismouth Auto Care,TRUE
SRV-002641,VEH-02097,04/12/2022,Transmission Service,15218,936,3,Johnsonview Auto Care,FALSE
SRV-002642,VEH-01524,30/12/2025,Wheel Alignment,3933,17932,0,Lake Donna Auto Care,FALSE
SRV-002643,VEH-00567,26/07/2023,Oil Change,4871,10908,3,Padillaland Auto Care,FALSE
SRV-002644,VEH-02431,27/10/2023,Full Service,27246,69570,0,West Susan Auto Care,TRUE
SRV-002645,VEH-00859,24/05/2026,Engine Diagnostic,3832,70033,1,Michaelview Auto Care,FALSE
SRV-002646,VEH-00036,21/07/2024,Recall Fix,0,18290,2,East Edwin Auto Care,FALSE
SRV-002647,VEH-01859,04/01/2025,Transmission Service,31982,164480,3,Stephenfurt Auto Care,FALSE
SRV-002648,VEH-02836,19/05/2024,Suspension Repair,40681,156115,0,North Cherylport Auto Care,FALSE
SRV-002649,VEH-02152,23/01/2026,Brake Inspection,3606,29917,1,New Stephanieland Auto Care,FALSE
SRV-002650,VEH-01921,26/06/2025,Recall Fix,0,6186,2,South Daniel Auto Care,FALSE
SRV-002651,VEH-02920,12/09/2023,Engine Diagnostic,4011,81271,1,Angelastad Auto Care,TRUE
SRV-002652,VEH-01941,02/03/2023,AC Repair,10815,1824,1,Colinstad Auto Care,FALSE
SRV-002653,VEH-02339,19/05/2025,Suspension Repair,16769,49351,0,Brianport Auto Care,FALSE
SRV-002654,VEH-02837,25/11/2024,Tire Rotation,2098,1656,2,Rogerstown Auto Care,TRUE
SRV-002655,VEH-01074,30/01/2025,Engine Diagnostic,4406,48052,1,Paulstad Auto Care,FALSE
SRV-002656,VEH-01902,20/11/2023,Full Service,16634,27112,1,Carlamouth Auto Care,FALSE
SRV-002657,VEH-00367,03/08/2026,Brake Inspection,6353,10411,1,Garnershire Auto Care,TRUE
SRV-002658,VEH-00580,29/03/2026,Bodywork/Panel Repair,47518,2864,0,Rosariostad Auto Care,FALSE
SRV-002659,VEH-02336,20/04/2024,AC Repair,22062,3047,3,Sloanland Auto Care,FALSE
SRV-002660,VEH-00077,02/06/2023,Brake Inspection,4229,2025,0,West Andre Auto Care,FALSE
SRV-002661,VEH-01255,31/01/2023,Oil Change,2623,27651,0,Dennistown Auto Care,FALSE
SRV-002662,VEH-01095,27/06/2026,Full Service,36715,17972,1,Anthonyland Auto Care,FALSE
SRV-002663,VEH-02595,03/04/2024,AC Repair,21818,6161,1,South Russellshire Auto Care,FALSE
SRV-002664,VEH-00544,15/10/2025,Oil Change,4589,14420,1,Georgeville Auto Care,FALSE
SRV-002665,VEH-01441,13/05/2023,Brake Inspection,1572,1996,0,South Derrickburgh Auto Care,FALSE
SRV-002666,VEH-01568,30/11/2022,Suspension Repair,20966,75859,0,Jeffreyburgh Auto Care,FALSE
SRV-002667,VEH-02925,14/07/2023,Brake Inspection,4996,32620,1,New Sandraport Auto Care,FALSE
SRV-002668,VEH-01350,31/05/2026,Engine Diagnostic,4144,723,1,Lake Carolstad Auto Care,FALSE
SRV-002669,VEH-00762,14/09/2024,Recall Fix,0,318,3,Lunafort Auto Care,FALSE
SRV-002670,VEH-02894,19/08/2023,Transmission Service,50519,5743,0,Danielbury Auto Care,FALSE
SRV-002671,VEH-00960,18/08/2024,Full Service,24670,10718,1,East Benjamin Auto Care,FALSE
SRV-002672,VEH-00624,21/09/2025,Full Service,17147,109562,1,Perezfort Auto Care,TRUE
SRV-002673,VEH-01186,27/02/2023,Bodywork/Panel Repair,58590,26684,1,South Jill Auto Care,FALSE
SRV-002674,VEH-02211,12/11/2024,Tire Rotation,1655,4502,1,Owensshire Auto Care,FALSE
SRV-002675,VEH-00437,06/11/2024,Oil Change,4348,15504,3,Jasonstad Auto Care,FALSE
SRV-002676,VEH-01027,06/08/2026,Full Service,34621,10784,3,West Amanda Auto Care,FALSE
SRV-002677,VEH-02127,05/06/2026,Transmission Service,23453,4024,1,Port Lucas Auto Care,FALSE
SRV-002678,VEH-01305,09/06/2025,Wheel Alignment,3915,32034,0,Davidview Auto Care,FALSE
SRV-002679,VEH-01604,08/03/2023,AC Repair,10571,49456,1,Johnton Auto Care,FALSE
SRV-002680,VEH-02295,18/12/2023,Wheel Alignment,2096,1743,3,New Trevor Auto Care,TRUE
SRV-002681,VEH-00036,09/07/2026,Engine Diagnostic,2844,23035,0,Joeside Auto Care,FALSE
SRV-002682,VEH-02508,30/11/2024,AC Repair,23583,1189,0,Angelafurt Auto Care,FALSE
SRV-002683,VEH-00892,03/11/2025,Brake Inspection,5485,3070,1,South Melissaville Auto Care,FALSE
SRV-002684,VEH-01580,07/09/2026,Suspension Repair,42133,130948,2,Kevinberg Auto Care,FALSE
SRV-002685,VEH-02693,11/04/2024,Transmission Service,21766,2826,2,New Michellefurt Auto Care,FALSE
SRV-002686,VEH-00499,13/03/2025,Bodywork/Panel Repair,33906,141184,1,East Kimberly Auto Care,FALSE
SRV-002687,VEH-02727,23/02/2024,Tire Rotation,2201,34318,0,Berryton Auto Care,FALSE
SRV-002688,VEH-00450,01/03/2023,Wheel Alignment,1781,11325,1,Stephanietown Auto Care,FALSE
SRV-002689,VEH-02718,26/12/2024,Engine Diagnostic,3304,104676,1,Port Ronnieshire Auto Care,FALSE
SRV-002690,VEH-00514,06/03/2024,Suspension Repair,26824,34033,1,Martinstad Auto Care,FALSE
SRV-002691,VEH-02708,06/10/2022,Suspension Repair,33084,262001,0,Pennyburgh Auto Care,FALSE
SRV-002692,VEH-01899,16/08/2026,Brake Inspection,7928,18899,0,Cooperfort Auto Care,TRUE
SRV-002693,VEH-02769,06/12/2022,Oil Change,5977,45346,3,Thomashaven Auto Care,TRUE
SRV-002694,VEH-02741,04/07/2026,Oil Change,2559,25417,1,New Angelafurt Auto Care,TRUE
SRV-002695,VEH-00562,24/01/2025,AC Repair,12172,139412,0,West Brian Auto Care,FALSE
SRV-002696,VEH-00083,24/02/2023,Brake Inspection,2451,114942,0,West Kyle Auto Care,FALSE
SRV-002697,VEH-01317,11/11/2022,AC Repair,19997,7525,1,South Michael Auto Care,FALSE
SRV-002698,VEH-02260,06/11/2023,Brake Inspection,2097,57835,3,Rhodesville Auto Care,FALSE
SRV-002699,VEH-02968,12/08/2026,Battery Replacement,18826,63123,0,Gregoryshire Auto Care,TRUE
SRV-002700,VEH-02919,06/03/2024,Engine Diagnostic,2622,9877,2,East Crystalchester Auto Care,FALSE
SRV-002701,VEH-01510,08/03/2025,Oil Change,3441,112,2,South Amy Auto Care,FALSE
SRV-002702,VEH-00432,03/01/2024,Recall Fix,0,72599,0,East Nancyville Auto Care,FALSE
SRV-002703,VEH-02087,09/11/2022,Tire Rotation,1816,58872,1,Michaelshire Auto Care,FALSE
SRV-002704,VEH-01296,11/12/2024,Oil Change,4019,32779,0,Lake Courtneyport Auto Care,FALSE
SRV-002705,VEH-00342,22/05/2024,AC Repair,10020,59512,0,South Michaelport Auto Care,FALSE
SRV-002706,VEH-00624,07/06/2025,Transmission Service,20251,122264,1,North Christine Auto Care,FALSE
SRV-002707,VEH-01311,25/06/2024,Recall Fix,0,150,0,Buckborough Auto Care,TRUE
SRV-002708,VEH-02460,20/01/2024,AC Repair,7997,7481,1,South Nicholaston Auto Care,TRUE
SRV-002709,VEH-02726,28/04/2024,AC Repair,23350,2097,1,Trevorborough Auto Care,FALSE
SRV-002710,VEH-00907,08/05/2026,Brake Inspection,7124,4966,0,West Michaelport Auto Care,FALSE
SRV-002711,VEH-00577,21/07/2023,Recall Fix,0,97013,3,Keybury Auto Care,TRUE
SRV-002712,VEH-02236,22/07/2023,Tire Rotation,2157,6241,1,New Vanessaborough Auto Care,TRUE
SRV-002713,VEH-02559,18/01/2023,AC Repair,9969,74947,3,Lake Charles Auto Care,FALSE
SRV-002714,VEH-01384,07/12/2022,Engine Diagnostic,2136,30073,1,North Evelynton Auto Care,FALSE
SRV-002715,VEH-01038,28/08/2023,Transmission Service,22006,7949,1,Ruizside Auto Care,FALSE
SRV-002716,VEH-01581,05/11/2022,Engine Diagnostic,3674,11028,0,South Joyside Auto Care,FALSE
SRV-002717,VEH-00475,17/04/2025,Full Service,26905,175284,1,Port Ashleyfurt Auto Care,FALSE
SRV-002718,VEH-01906,30/01/2025,Transmission Service,30914,1609,1,Starkchester Auto Care,FALSE
SRV-002719,VEH-02830,27/05/2026,Full Service,22862,2340,0,Pughhaven Auto Care,FALSE
SRV-002720,VEH-02599,18/07/2025,Tire Rotation,2728,5397,3,Sarahborough Auto Care,FALSE
SRV-002721,VEH-02794,22/09/2026,AC Repair,5420,115986,2,South Lukeside Auto Care,FALSE
SRV-002722,VEH-02070,24/08/2023,Suspension Repair,10179,2447,1,New Cameron Auto Care,TRUE
SRV-002723,VEH-01318,02/07/2023,Brake Inspection,5296,260850,1,Taylorport Auto Care,FALSE
SRV-002724,VEH-00293,24/04/2025,Battery Replacement,15096,2245,3,North Meganview Auto Care,FALSE
SRV-002725,VEH-00501,19/12/2022,Brake Inspection,6028,8808,3,Kevinbury Auto Care,TRUE
SRV-002726,VEH-00783,04/12/2023,Transmission Service,19336,15134,1,Mccartyhaven Auto Care,FALSE
SRV-002727,VEH-02874,17/04/2025,Suspension Repair,19498,950,2,Timothybury Auto Care,FALSE
SRV-002728,VEH-00647,04/12/2024,Brake Inspection,2979,48333,2,Johnmouth Auto Care,FALSE
SRV-002729,VEH-01187,16/03/2026,Wheel Alignment,2984,101151,1,Port Tony Auto Care,FALSE
SRV-002730,VEH-01489,18/04/2024,Oil Change,2592,10503,0,North Lorimouth Auto Care,FALSE
SRV-002731,VEH-00553,05/01/2026,AC Repair,11201,139617,1,Lake Sharon Auto Care,FALSE
SRV-002732,VEH-00168,13/12/2024,Oil Change,2635,16536,1,Ashleyberg Auto Care,FALSE
SRV-002733,VEH-02309,01/06/2026,Transmission Service,37991,62058,0,North Jamesbury Auto Care,FALSE
SRV-002734,VEH-02722,19/11/2022,Oil Change,4849,7320,0,North Daniel Auto Care,TRUE
SRV-002735,VEH-02285,19/10/2025,Suspension Repair,28177,72120,2,South Diana Auto Care,FALSE
SRV-002736,VEH-01646,02/08/2026,Wheel Alignment,2217,79,0,Brownville Auto Care,FALSE
SRV-002737,VEH-02351,28/10/2024,Bodywork/Panel Repair,82645,1160,1,New Michael Auto Care,TRUE
SRV-002738,VEH-01551,01/09/2025,Transmission Service,54762,24458,3,Michaelton Auto Care,FALSE
SRV-002739,VEH-00038,15/03/2024,Transmission Service,31831,29504,1,Lake Amymouth Auto Care,TRUE
SRV-002740,VEH-00299,05/05/2026,Suspension Repair,32487,102560,2,Wallsland Auto Care,FALSE
SRV-002741,VEH-01907,06/01/2024,Recall Fix,0,47240,0,South Lacey Auto Care,TRUE
SRV-002742,VEH-02422,29/04/2023,Full Service,36977,18423,1,Kevinchester Auto Care,TRUE
SRV-002743,VEH-00564,02/11/2024,Brake Inspection,1763,25071,2,Gilltown Auto Care,TRUE
SRV-002744,VEH-00987,03/04/2026,Bodywork/Panel Repair,88734,6381,0,Crystalland Auto Care,FALSE
SRV-002745,VEH-02676,07/02/2023,Battery Replacement,12073,28695,1,New Billyburgh Auto Care,TRUE
SRV-002746,VEH-01778,22/06/2025,AC Repair,7380,25995,2,Englishville Auto Care,FALSE
SRV-002747,VEH-02382,07/08/2023,Wheel Alignment,3325,5497,0,Dianafort Auto Care,FALSE
SRV-002748,VEH-01080,01/11/2023,Recall Fix,0,22008,1,Sherryview Auto Care,FALSE
SRV-002749,VEH-01883,30/04/2023,Suspension Repair,41531,14940,2,Edwardmouth Auto Care,FALSE
SRV-002750,VEH-00617,25/11/2025,Bodywork/Panel Repair,39086,22899,1,North Scott Auto Care,FALSE
SRV-002751,VEH-02302,10/12/2025,AC Repair,7885,2183,0,North Michaelbury Auto Care,FALSE
SRV-002752,VEH-02565,12/08/2024,Full Service,34799,222036,1,West Robert Auto Care,TRUE
SRV-002753,VEH-02070,15/05/2024,AC Repair,19486,5951,1,East Tyler Auto Care,FALSE
SRV-002754,VEH-00656,30/10/2023,Suspension Repair,16901,9059,1,Port Kyle Auto Care,FALSE
SRV-002755,VEH-02300,01/02/2025,Brake Inspection,5750,2593,1,New Brucetown Auto Care,TRUE
SRV-002756,VEH-02241,31/08/2026,Wheel Alignment,2081,51243,0,East Johntown Auto Care,TRUE
SRV-002757,VEH-02213,15/08/2026,Suspension Repair,44956,7604,2,Port Davidmouth Auto Care,FALSE
SRV-002758,VEH-00291,01/05/2024,Suspension Repair,32052,1229,2,South Suzanneberg Auto Care,FALSE
SRV-002759,VEH-01126,27/04/2024,Transmission Service,34720,352,1,Tiffanyfort Auto Care,FALSE
SRV-002760,VEH-01302,18/01/2025,Brake Inspection,7038,1148,2,Phillipsville Auto Care,TRUE
SRV-002761,VEH-02998,23/02/2023,Tire Rotation,1345,26838,1,Lake Wesley Auto Care,FALSE
SRV-002762,VEH-01109,12/11/2024,Engine Diagnostic,4888,151692,1,Gregfort Auto Care,FALSE
SRV-002763,VEH-02860,10/11/2025,Engine Diagnostic,4132,12013,3,Port Tom Auto Care,FALSE
SRV-002764,VEH-02902,03/01/2026,Brake Inspection,5954,85134,2,North Tina Auto Care,FALSE
SRV-002765,VEH-00212,19/05/2025,Brake Inspection,3036,38210,1,Brianport Auto Care,FALSE
SRV-002766,VEH-00701,24/05/2026,AC Repair,10288,2768,0,Hawkinsshire Auto Care,FALSE
SRV-002767,VEH-00696,07/05/2026,Suspension Repair,35793,35732,2,East Ryanville Auto Care,FALSE
SRV-002768,VEH-00930,04/08/2024,Brake Inspection,2292,4637,1,Lake Robertport Auto Care,FALSE
SRV-002769,VEH-02411,18/12/2025,Battery Replacement,13158,74239,1,Lake Ericbury Auto Care,FALSE
SRV-002770,VEH-00077,01/09/2025,AC Repair,12615,9796,1,South Nichole Auto Care,FALSE
SRV-002771,VEH-02166,18/01/2024,Engine Diagnostic,3969,43571,3,West Michaelstad Auto Care,FALSE
SRV-002772,VEH-00236,30/09/2022,Engine Diagnostic,2203,19683,3,Allenborough Auto Care,FALSE
SRV-002773,VEH-02123,27/07/2023,Battery Replacement,11992,577,1,New Sandrafort Auto Care,FALSE
SRV-002774,VEH-02235,07/12/2022,Oil Change,3192,66236,1,Port Samantha Auto Care,TRUE
SRV-002775,VEH-01491,03/06/2023,Bodywork/Panel Repair,36486,112181,1,Maureenshire Auto Care,FALSE
SRV-002776,VEH-02351,22/01/2025,Brake Inspection,2006,2212,0,Karafort Auto Care,FALSE
SRV-002777,VEH-01256,27/12/2022,Tire Rotation,1386,6947,3,Christinabury Auto Care,FALSE
SRV-002778,VEH-01095,01/12/2023,Brake Inspection,6426,34337,0,Reneefurt Auto Care,FALSE
SRV-002779,VEH-02613,22/06/2026,Bodywork/Panel Repair,32609,113453,2,Port Donna Auto Care,FALSE
SRV-002780,VEH-00567,12/05/2024,Oil Change,2979,15863,0,Timothyshire Auto Care,FALSE
SRV-002781,VEH-02919,30/07/2024,Recall Fix,0,3522,2,Ashleybury Auto Care,FALSE
SRV-002782,VEH-01008,26/02/2023,Wheel Alignment,1592,4845,0,North Chadstad Auto Care,FALSE
SRV-002783,VEH-00998,11/04/2023,Battery Replacement,14573,18336,0,Lake Charles Auto Care,TRUE
SRV-002784,VEH-02560,29/05/2026,Brake Inspection,5977,123801,0,West Nicoleshire Auto Care,TRUE
SRV-002785,VEH-02732,31/03/2024,Full Service,34805,70152,1,East Jamesside Auto Care,FALSE
SRV-002786,VEH-01897,22/12/2024,Tire Rotation,1836,5902,0,Cruzhaven Auto Care,TRUE
SRV-002787,VEH-02553,12/07/2025,Bodywork/Panel Repair,86078,30617,1,East Eddie Auto Care,FALSE
SRV-002788,VEH-01697,23/09/2026,Brake Inspection,5734,10420,1,Craigbury Auto Care,FALSE
SRV-002789,VEH-00783,11/07/2025,AC Repair,18233,17378,1,Jenniferburgh Auto Care,FALSE
SRV-002790,VEH-01489,09/02/2024,Full Service,32833,13623,1,Barbaraport Auto Care,TRUE
SRV-002791,VEH-02580,09/04/2024,Battery Replacement,12438,22929,3,Smithland Auto Care,FALSE
SRV-002792,VEH-00589,24/09/2024,Full Service,29522,61369,0,Gardnerville Auto Care,FALSE
SRV-002793,VEH-00068,21/12/2022,Recall Fix,0,18929,0,Port Desireeburgh Auto Care,FALSE
SRV-002794,VEH-01111,02/12/2023,Suspension Repair,39192,7379,1,Brownfort Auto Care,FALSE
SRV-002795,VEH-02524,15/07/2023,Tire Rotation,2409,42270,1,New Coreyland Auto Care,FALSE
SRV-002796,VEH-02738,30/11/2023,Tire Rotation,1248,10557,3,East Scott Auto Care,FALSE
SRV-002797,VEH-01981,06/08/2024,AC Repair,8855,31019,3,Jeanetteview Auto Care,TRUE
SRV-002798,VEH-01718,08/04/2026,Oil Change,4093,156765,3,Michelleville Auto Care,FALSE
SRV-002799,VEH-00480,23/09/2026,Oil Change,5152,80110,3,Malonebury Auto Care,FALSE
SRV-002800,VEH-02171,16/12/2025,Transmission Service,45022,12577,0,North Carlos Auto Care,FALSE
SRV-002801,VEH-02982,05/03/2024,Full Service,25842,48675,1,Marymouth Auto Care,FALSE
SRV-002802,VEH-01072,27/05/2024,Engine Diagnostic,3357,6354,1,Shaneland Auto Care,FALSE
SRV-002803,VEH-01933,14/04/2026,Recall Fix,0,71122,0,Jillland Auto Care,FALSE
SRV-002804,VEH-00563,10/07/2024,Bodywork/Panel Repair,95531,19458,0,Huynhstad Auto Care,FALSE
SRV-002805,VEH-02188,29/02/2024,AC Repair,11598,65033,1,Port Samuelside Auto Care,FALSE
SRV-002806,VEH-02894,19/05/2024,Suspension Repair,34453,6453,0,Ericborough Auto Care,FALSE
SRV-002807,VEH-01616,31/07/2024,Battery Replacement,14960,39529,2,North Timothyland Auto Care,FALSE
SRV-002808,VEH-00787,11/01/2024,Bodywork/Panel Repair,22220,36639,1,Pruittburgh Auto Care,FALSE
SRV-002809,VEH-00930,23/06/2026,Transmission Service,15267,6393,0,Port Emma Auto Care,FALSE
SRV-002810,VEH-02016,26/04/2025,Transmission Service,47234,31999,3,Markville Auto Care,TRUE
SRV-002811,VEH-01902,18/02/2025,Suspension Repair,40077,7848,0,Mccarthymouth Auto Care,FALSE
SRV-002812,VEH-02449,30/01/2023,AC Repair,8178,8586,1,Campbellport Auto Care,FALSE
SRV-002813,VEH-01396,22/06/2026,AC Repair,10918,4816,0,New Dorothymouth Auto Care,TRUE
SRV-002814,VEH-02630,16/11/2023,Transmission Service,56214,13288,1,North Aprilbury Auto Care,TRUE
SRV-002815,VEH-02199,08/12/2024,Transmission Service,54785,22695,2,Lake Elizabethview Auto Care,TRUE
SRV-002816,VEH-00314,03/01/2026,Recall Fix,0,112797,1,North Kimberly Auto Care,FALSE
SRV-002817,VEH-01369,17/06/2026,Tire Rotation,2894,53615,0,Hodgesfurt Auto Care,TRUE
SRV-002818,VEH-01139,06/09/2025,Bodywork/Panel Repair,40476,26117,3,Lake Christinaton Auto Care,FALSE
SRV-002819,VEH-02206,24/05/2026,Brake Inspection,2271,124173,0,Garzashire Auto Care,FALSE
SRV-002820,VEH-02127,18/07/2024,AC Repair,13255,5437,0,Joannaland Auto Care,TRUE
SRV-002821,VEH-01190,12/09/2023,Suspension Repair,34137,93122,3,North Angelafort Auto Care,FALSE
SRV-002822,VEH-02877,30/10/2022,Bodywork/Panel Repair,109751,35585,1,Stoneland Auto Care,FALSE
SRV-002823,VEH-01309,26/02/2024,Tire Rotation,1328,156171,2,Odonnellshire Auto Care,TRUE
SRV-002824,VEH-01830,10/09/2026,Bodywork/Panel Repair,24887,70124,3,South Melanieland Auto Care,FALSE
SRV-002825,VEH-02306,15/07/2024,Oil Change,2518,8806,0,Ryanton Auto Care,FALSE
SRV-002826,VEH-02361,10/08/2025,Tire Rotation,1064,10690,1,Jordanside Auto Care,FALSE
SRV-002827,VEH-02530,04/01/2025,Battery Replacement,12679,18496,1,Davidchester Auto Care,FALSE
SRV-002828,VEH-00170,28/01/2025,Wheel Alignment,2011,10069,2,North James Auto Care,FALSE
SRV-002829,VEH-02569,06/02/2025,Bodywork/Panel Repair,79117,20608,1,Dustinhaven Auto Care,FALSE
SRV-002830,VEH-01911,16/04/2024,Transmission Service,41050,30444,0,Salazarton Auto Care,FALSE
SRV-002831,VEH-01657,06/01/2023,Bodywork/Panel Repair,86254,69951,2,Stacyport Auto Care,FALSE
SRV-002832,VEH-01961,15/09/2026,Battery Replacement,16827,1384,2,Lake Michaeltown Auto Care,TRUE
SRV-002833,VEH-00213,06/06/2024,Transmission Service,26008,58185,2,Christopherside Auto Care,FALSE
SRV-002834,VEH-01629,01/02/2025,Oil Change,5021,5990,3,North Oscarfort Auto Care,FALSE
SRV-002835,VEH-00325,29/04/2026,Transmission Service,40904,24493,2,Gonzalezhaven Auto Care,FALSE
SRV-002836,VEH-00347,21/12/2022,Transmission Service,22424,13691,2,Darrylview Auto Care,TRUE
SRV-002837,VEH-00074,08/05/2025,Tire Rotation,2593,157316,3,Linmouth Auto Care,FALSE
SRV-002838,VEH-00469,29/04/2024,Suspension Repair,21084,38152,0,Hopkinsfurt Auto Care,FALSE
SRV-002839,VEH-02743,01/03/2025,Battery Replacement,16484,26601,2,Kellyberg Auto Care,FALSE
SRV-002840,VEH-01006,21/07/2023,Suspension Repair,37688,44799,2,Port Teresaport Auto Care,FALSE
SRV-002841,VEH-02316,09/07/2023,Full Service,32371,13441,2,Castrofurt Auto Care,TRUE
SRV-002842,VEH-02985,27/03/2025,AC Repair,22007,64397,0,Stevenbury Auto Care,TRUE
SRV-002843,VEH-01346,12/03/2026,Battery Replacement,10417,21566,1,Steventon Auto Care,FALSE
SRV-002844,VEH-01807,10/03/2023,Brake Inspection,5228,61349,0,Payneport Auto Care,TRUE
SRV-002845,VEH-02019,19/03/2024,Transmission Service,52802,6584,3,Lake Dustinview Auto Care,FALSE
SRV-002846,VEH-01389,01/07/2026,Brake Inspection,4680,24466,1,East Jeffreymouth Auto Care,FALSE
SRV-002847,VEH-02642,05/03/2026,Bodywork/Panel Repair,70712,3381,2,North James Auto Care,TRUE
SRV-002848,VEH-02557,24/03/2023,Wheel Alignment,2964,2216,0,Jessicafurt Auto Care,FALSE
SRV-002849,VEH-01168,29/03/2026,Full Service,13704,4317,3,West Aaronfurt Auto Care,TRUE
SRV-002850,VEH-01155,15/06/2026,Wheel Alignment,3897,11723,3,Lake Robin Auto Care,FALSE
SRV-002851,VEH-01000,08/05/2023,Bodywork/Panel Repair,19031,10782,1,East Michael Auto Care,FALSE
SRV-002852,VEH-01383,24/02/2025,Tire Rotation,2896,9920,0,Jameschester Auto Care,TRUE
SRV-002853,VEH-00246,14/06/2023,Full Service,25799,428,2,Port Adamshire Auto Care,FALSE
SRV-002854,VEH-01289,27/01/2025,Wheel Alignment,1904,26977,3,Jamesmouth Auto Care,TRUE
SRV-002855,VEH-02709,15/04/2023,Tire Rotation,1248,92996,0,Phamton Auto Care,FALSE
SRV-002856,VEH-02888,28/07/2024,Transmission Service,20793,48724,2,Fordview Auto Care,FALSE
SRV-002857,VEH-00004,24/06/2026,Wheel Alignment,2161,43156,3,West Sharonfort Auto Care,FALSE
SRV-002858,VEH-02122,24/08/2023,Suspension Repair,16565,62817,2,East Stephenbury Auto Care,FALSE
SRV-002859,VEH-02332,29/09/2024,Wheel Alignment,2570,1128,1,Nicholaston Auto Care,FALSE
SRV-002860,VEH-02463,20/11/2024,Wheel Alignment,2612,52914,0,North Jennifer Auto Care,FALSE
SRV-002861,VEH-00334,13/02/2025,Tire Rotation,1164,26046,3,New Jorge Auto Care,FALSE
SRV-002862,VEH-01221,05/04/2023,Recall Fix,0,24739,1,Leblancton Auto Care,TRUE
SRV-002863,VEH-02092,02/12/2023,Suspension Repair,31715,37269,0,Freemanshire Auto Care,FALSE
SRV-002864,VEH-01551,02/01/2024,Oil Change,5233,56994,3,South Jennifer Auto Care,TRUE
SRV-002865,VEH-00630,27/12/2025,Transmission Service,54474,41034,0,New Sharonchester Auto Care,FALSE
SRV-002866,VEH-02677,06/08/2026,Battery Replacement,12385,8334,0,South Heather Auto Care,TRUE
SRV-002867,VEH-00942,16/12/2024,Recall Fix,0,3353,3,North Josephmouth Auto Care,FALSE
SRV-002868,VEH-00096,11/05/2023,Transmission Service,45311,5340,1,East Heatherhaven Auto Care,FALSE
SRV-002869,VEH-01745,20/09/2026,Transmission Service,28643,28064,1,East Beth Auto Care,FALSE
SRV-002870,VEH-01073,15/02/2025,Tire Rotation,2449,6558,0,Smithside Auto Care,FALSE
SRV-002871,VEH-01149,17/06/2026,Bodywork/Panel Repair,42202,28668,2,Alvarezland Auto Care,TRUE
SRV-002872,VEH-00900,29/01/2024,Transmission Service,18018,21343,1,Lake Kevin Auto Care,FALSE
SRV-002873,VEH-02449,21/06/2023,Wheel Alignment,1550,519,1,Justinland Auto Care,FALSE
SRV-002874,VEH-02407,04/12/2022,Oil Change,4853,14108,0,New Ashley Auto Care,FALSE
SRV-002875,VEH-00193,09/03/2026,Oil Change,3800,800,2,North Andrew Auto Care,FALSE
SRV-002876,VEH-01187,25/08/2023,Transmission Service,35695,82047,2,Ruizview Auto Care,FALSE
SRV-002877,VEH-00877,17/03/2026,Recall Fix,0,26062,0,North Briannamouth Auto Care,TRUE
SRV-002878,VEH-02169,27/03/2026,Tire Rotation,2810,8146,2,Dylantown Auto Care,FALSE
SRV-002879,VEH-02979,09/02/2026,Recall Fix,0,1690,3,North Heather Auto Care,TRUE
SRV-002880,VEH-01565,02/12/2024,Tire Rotation,1740,6793,1,New Bruceview Auto Care,FALSE
SRV-002881,VEH-01312,15/07/2023,Oil Change,2578,26423,0,South Danielside Auto Care,TRUE
SRV-002882,VEH-00757,23/01/2026,Transmission Service,16456,41257,1,North Sarah Auto Care,TRUE
SRV-002883,VEH-01892,29/11/2025,Brake Inspection,7734,56479,1,Michaelside Auto Care,FALSE
SRV-002884,VEH-02017,19/04/2023,Brake Inspection,4811,28203,3,Walshside Auto Care,FALSE
SRV-002885,VEH-01517,06/03/2026,Recall Fix,0,57124,0,Stoneside Auto Care,TRUE
SRV-002886,VEH-02850,23/02/2023,Recall Fix,0,72342,2,Ramirezside Auto Care,TRUE
SRV-002887,VEH-02774,17/08/2025,Battery Replacement,10126,102739,2,Robertmouth Auto Care,FALSE
SRV-002888,VEH-00316,01/11/2023,Brake Inspection,7520,489,1,East James Auto Care,FALSE
SRV-002889,VEH-01011,05/02/2026,Suspension Repair,41748,70667,2,Wallerview Auto Care,TRUE
SRV-002890,VEH-01487,09/06/2023,Oil Change,4548,13120,1,Alanchester Auto Care,FALSE
SRV-002891,VEH-00949,02/12/2023,Wheel Alignment,2533,3721,3,Davisfort Auto Care,FALSE
SRV-002892,VEH-01322,24/12/2023,Transmission Service,22094,8316,1,South Michael Auto Care,FALSE
SRV-002893,VEH-02709,20/03/2026,Bodywork/Panel Repair,23279,84599,0,Robinchester Auto Care,FALSE
SRV-002894,VEH-00890,02/08/2024,AC Repair,16294,39915,1,East Josephtown Auto Care,FALSE
SRV-002895,VEH-01394,02/02/2023,Recall Fix,0,2495,0,South Elizabethville Auto Care,FALSE
SRV-002896,VEH-02769,27/05/2023,Engine Diagnostic,3513,35242,1,Janeville Auto Care,FALSE
SRV-002897,VEH-01579,13/04/2026,Engine Diagnostic,2353,894,3,North Hannahton Auto Care,TRUE
SRV-002898,VEH-02390,03/09/2024,Battery Replacement,13548,12761,1,Whiteville Auto Care,FALSE
SRV-002899,VEH-00995,31/10/2022,Bodywork/Panel Repair,50165,3263,0,Bishopburgh Auto Care,FALSE
SRV-002900,VEH-01140,21/06/2024,Suspension Repair,19272,30759,1,North Nicholas Auto Care,TRUE
SRV-002901,VEH-02015,21/11/2023,Wheel Alignment,2495,1558,0,Whitetown Auto Care,FALSE
SRV-002902,VEH-00050,27/05/2023,Bodywork/Panel Repair,82327,154224,2,South Jamesport Auto Care,FALSE
SRV-002903,VEH-00024,09/01/2023,Transmission Service,52118,18324,2,New Davidview Auto Care,FALSE
SRV-002904,VEH-01136,24/08/2023,Brake Inspection,1994,33485,0,New Michael Auto Care,FALSE
SRV-002905,VEH-01109,29/07/2026,Suspension Repair,14332,161638,0,Adamstad Auto Care,FALSE
SRV-002906,VEH-02671,15/02/2026,AC Repair,19681,6831,0,Garrisonfurt Auto Care,FALSE
SRV-002907,VEH-00172,13/12/2023,Transmission Service,45838,74305,2,New Lindsey Auto Care,FALSE
SRV-002908,VEH-01687,26/11/2025,Suspension Repair,21592,7931,3,Lake Saraburgh Auto Care,TRUE
SRV-002909,VEH-00749,30/12/2025,Wheel Alignment,3454,4167,3,Laceymouth Auto Care,FALSE
SRV-002910,VEH-02888,05/08/2026,Recall Fix,0,52592,1,Port Travis Auto Care,FALSE
SRV-002911,VEH-02964,16/08/2023,Recall Fix,0,40777,2,New Michelleshire Auto Care,FALSE
SRV-002912,VEH-01726,27/10/2024,Bodywork/Panel Repair,101200,70796,2,South Robinport Auto Care,FALSE
SRV-002913,VEH-00003,15/11/2023,AC Repair,14442,158100,1,Thomasborough Auto Care,FALSE
SRV-002914,VEH-02685,14/08/2024,Full Service,25310,547,0,Sarahstad Auto Care,TRUE
SRV-002915,VEH-02354,03/10/2024,Suspension Repair,30074,51252,0,New Colleenchester Auto Care,FALSE
SRV-002916,VEH-01710,16/08/2025,AC Repair,18883,14322,0,Gonzalezberg Auto Care,FALSE
SRV-002917,VEH-01522,13/05/2026,Battery Replacement,12414,68942,1,West Duaneland Auto Care,FALSE
SRV-002918,VEH-00521,27/02/2023,Full Service,36105,57335,3,Angelside Auto Care,FALSE
SRV-002919,VEH-01693,09/01/2026,Full Service,15710,219895,1,Port Jerrychester Auto Care,TRUE
SRV-002920,VEH-01865,22/07/2025,Bodywork/Panel Repair,104945,68826,1,Nicholsonberg Auto Care,FALSE
SRV-002921,VEH-02207,31/03/2026,Oil Change,4971,20905,3,South Brianhaven Auto Care,TRUE
SRV-002922,VEH-01341,11/03/2026,Suspension Repair,39315,35901,3,Port Anne Auto Care,FALSE
SRV-002923,VEH-02890,21/06/2023,Bodywork/Panel Repair,10506,3,0,Wilsonbury Auto Care,FALSE
SRV-002924,VEH-00888,29/10/2025,Full Service,14642,120138,3,Douglasfort Auto Care,FALSE
SRV-002925,VEH-00617,23/12/2022,Brake Inspection,5556,20796,2,Contrerasport Auto Care,FALSE
SRV-002926,VEH-02630,25/07/2025,Brake Inspection,1798,5659,1,East Mariah Auto Care,FALSE
SRV-002927,VEH-01096,27/01/2024,Full Service,23731,58862,1,Yatesville Auto Care,FALSE
SRV-002928,VEH-00431,11/07/2024,Brake Inspection,5004,14204,2,Brandontown Auto Care,FALSE
SRV-002929,VEH-02067,05/12/2023,Battery Replacement,18773,1849,2,Lynnview Auto Care,TRUE
SRV-002930,VEH-00729,27/03/2023,Tire Rotation,2219,163385,3,Jeffreyview Auto Care,TRUE
SRV-002931,VEH-02454,30/01/2026,Engine Diagnostic,2575,61545,3,Roychester Auto Care,TRUE
SRV-002932,VEH-00061,19/08/2026,Engine Diagnostic,4925,4611,0,Robinsonfort Auto Care,TRUE
SRV-002933,VEH-00480,27/01/2023,Brake Inspection,5266,80710,1,Port Christopherton Auto Care,FALSE
SRV-002934,VEH-02454,17/05/2024,Wheel Alignment,2391,60282,1,East Michael Auto Care,TRUE
SRV-002935,VEH-01161,01/11/2024,Tire Rotation,2422,13469,2,Danafort Auto Care,TRUE
SRV-002936,VEH-01751,15/05/2025,Battery Replacement,10291,14574,1,Carlamouth Auto Care,FALSE
SRV-002937,VEH-00457,16/07/2026,Recall Fix,0,4585,1,Murraychester Auto Care,FALSE
SRV-002938,VEH-00339,05/12/2023,Bodywork/Panel Repair,99490,32265,0,Kellerfort Auto Care,FALSE
SRV-002939,VEH-00692,03/05/2024,AC Repair,12179,36710,1,Wallsview Auto Care,FALSE
SRV-002940,VEH-01516,07/03/2025,Suspension Repair,32766,9469,0,East Kevinhaven Auto Care,FALSE
SRV-002941,VEH-01707,05/03/2023,Recall Fix,0,5096,1,Starkview Auto Care,FALSE
SRV-002942,VEH-01365,08/08/2026,AC Repair,5241,26581,1,East Gabrielberg Auto Care,FALSE
SRV-002943,VEH-01018,03/06/2023,Oil Change,5697,41988,0,South Victoriaview Auto Care,FALSE
SRV-002944,VEH-02058,23/11/2025,Oil Change,3338,17851,1,Jamesberg Auto Care,FALSE
SRV-002945,VEH-00017,11/06/2026,Full Service,20208,2219,3,Jenniferport Auto Care,FALSE
SRV-002946,VEH-02510,03/09/2025,Battery Replacement,16515,873,3,North Kevin Auto Care,FALSE
SRV-002947,VEH-02072,20/02/2023,Brake Inspection,7647,198,2,North Justinhaven Auto Care,FALSE
SRV-002948,VEH-00809,20/07/2023,Full Service,22522,4264,1,Sherylton Auto Care,FALSE
SRV-002949,VEH-02707,17/04/2026,Suspension Repair,13741,56430,1,West Meganville Auto Care,FALSE
SRV-002950,VEH-01709,26/12/2025,Transmission Service,19418,4873,1,South Michael Auto Care,FALSE
SRV-002951,VEH-00932,25/12/2025,Recall Fix,0,4007,3,Richardton Auto Care,FALSE
SRV-002952,VEH-01031,09/02/2024,Battery Replacement,9329,10482,1,New Rebeccafort Auto Care,FALSE
SRV-002953,VEH-00685,28/06/2024,Brake Inspection,3920,67205,1,Jamesmouth Auto Care,FALSE
SRV-002954,VEH-01901,09/03/2025,Tire Rotation,1206,150038,0,North Manuelside Auto Care,FALSE
SRV-002955,VEH-02100,28/08/2023,Wheel Alignment,3085,21356,1,Christopherside Auto Care,FALSE
SRV-002956,VEH-00116,11/12/2022,Brake Inspection,5040,83041,0,Howardshire Auto Care,FALSE
SRV-002957,VEH-02031,23/02/2024,AC Repair,6913,128598,0,Lake Sarahborough Auto Care,FALSE
SRV-002958,VEH-02056,10/02/2024,Oil Change,5352,3684,1,Rebeccastad Auto Care,FALSE
SRV-002959,VEH-00583,19/03/2023,AC Repair,5513,6410,0,South Tiffany Auto Care,TRUE
SRV-002960,VEH-02369,23/11/2022,Engine Diagnostic,4147,22384,0,Lake Holly Auto Care,TRUE
SRV-002961,VEH-02620,09/07/2026,Oil Change,3067,19522,0,Gregoryberg Auto Care,FALSE
SRV-002962,VEH-00510,30/08/2025,Wheel Alignment,3923,13395,2,Lake Ericamouth Auto Care,TRUE
SRV-002963,VEH-00977,23/03/2025,Wheel Alignment,3851,72614,0,Aaronborough Auto Care,FALSE
SRV-002964,VEH-01828,05/02/2026,Recall Fix,0,41488,1,East Lauraville Auto Care,FALSE
SRV-002965,VEH-00090,07/04/2024,Full Service,12445,21201,3,Reneestad Auto Care,FALSE
SRV-002966,VEH-02643,06/03/2025,Oil Change,5703,8083,0,Ashleyburgh Auto Care,FALSE
SRV-002967,VEH-02346,14/08/2026,Oil Change,4822,9845,2,Chadmouth Auto Care,TRUE
SRV-002968,VEH-00267,17/03/2023,Transmission Service,25433,34637,0,Myersmouth Auto Care,FALSE
SRV-002969,VEH-02295,08/08/2026,Full Service,23149,5518,1,South Lisa Auto Care,FALSE
SRV-002970,VEH-01955,28/03/2023,AC Repair,6215,25864,3,North Debbietown Auto Care,FALSE
SRV-002971,VEH-02298,09/08/2023,Battery Replacement,16670,62540,1,New Bradley Auto Care,FALSE
SRV-002972,VEH-02451,17/10/2023,Battery Replacement,10953,21773,2,Lake Michael Auto Care,FALSE
SRV-002973,VEH-02599,07/01/2025,Tire Rotation,2030,1004,1,South Chad Auto Care,FALSE
SRV-002974,VEH-01553,15/12/2023,Engine Diagnostic,4906,21847,3,Theresaville Auto Care,TRUE
SRV-002975,VEH-00020,24/09/2024,Engine Diagnostic,2407,28790,2,Port Chad Auto Care,FALSE
SRV-002976,VEH-01319,06/07/2024,Full Service,36202,33085,1,Charlesside Auto Care,FALSE
SRV-002977,VEH-01168,01/04/2023,AC Repair,23827,8650,1,North Michelleport Auto Care,TRUE
SRV-002978,VEH-00521,21/07/2026,Wheel Alignment,2667,57370,0,Tranburgh Auto Care,FALSE
SRV-002979,VEH-02225,07/05/2024,Recall Fix,0,32819,1,North Tristanfort Auto Care,TRUE
SRV-002980,VEH-02976,18/10/2022,AC Repair,14916,13388,0,North Nicholas Auto Care,TRUE
SRV-002981,VEH-01451,19/01/2025,Full Service,18337,12500,0,Michaelborough Auto Care,FALSE
SRV-002982,VEH-02876,11/04/2024,Engine Diagnostic,2854,29499,1,Courtneyfurt Auto Care,TRUE
SRV-002983,VEH-02498,04/09/2026,Wheel Alignment,2335,58351,1,Walkerborough Auto Care,TRUE
SRV-002984,VEH-00049,23/07/2025,Oil Change,5613,154353,0,East Davidland Auto Care,TRUE
SRV-002985,VEH-02035,22/10/2025,Wheel Alignment,2516,2213,0,West James Auto Care,TRUE
SRV-002986,VEH-01931,30/09/2025,Engine Diagnostic,4996,286,0,Grayfurt Auto Care,FALSE
SRV-002987,VEH-00870,13/04/2023,AC Repair,9395,5,1,East Sandrafurt Auto Care,FALSE
SRV-002988,VEH-00514,30/06/2023,Engine Diagnostic,3228,7225,3,West Jeremyview Auto Care,FALSE
SRV-002989,VEH-01377,24/05/2026,Transmission Service,28250,6533,0,Alexisfurt Auto Care,TRUE
SRV-002990,VEH-02027,29/09/2022,Transmission Service,37784,46599,2,Port Staceychester Auto Care,TRUE
SRV-002991,VEH-01798,30/10/2025,Wheel Alignment,3571,13150,1,Lake Davidmouth Auto Care,FALSE
SRV-002992,VEH-01644,16/10/2025,Bodywork/Panel Repair,50497,86546,1,Caitlinport Auto Care,FALSE
SRV-002993,VEH-00949,31/10/2023,Wheel Alignment,3026,3081,2,Watsonborough Auto Care,TRUE
SRV-002994,VEH-01217,18/07/2024,Oil Change,4403,110890,0,North Timothyhaven Auto Care,FALSE
SRV-002995,VEH-01998,14/03/2023,Recall Fix,0,2613,2,Port Gina Auto Care,FALSE
SRV-002996,VEH-00085,21/04/2024,Full Service,14418,15171,1,East Susan Auto Care,FALSE
SRV-002997,VEH-00795,10/10/2023,Oil Change,5143,9853,2,Kerrview Auto Care,FALSE
SRV-002998,VEH-02352,01/01/2023,Brake Inspection,2099,10462,0,Bellhaven Auto Care,FALSE
SRV-002999,VEH-02785,10/11/2022,Engine Diagnostic,4683,1642,3,South Elizabethfurt Auto Care,TRUE
SRV-003000,VEH-00477,18/04/2024,Recall Fix,0,12057,1,West Susan Auto Care,TRUE
SRV-003001,VEH-02808,05/11/2023,Transmission Service,26361,20758,0,New Ronald Auto Care,FALSE
SRV-003002,VEH-00963,27/11/2025,Suspension Repair,18490,25217,1,Davisborough Auto Care,TRUE
SRV-003003,VEH-01937,12/07/2026,Bodywork/Panel Repair,41379,3562,0,Katrinafort Auto Care,TRUE
SRV-003004,VEH-00369,30/04/2025,Oil Change,5530,20428,0,West Adamborough Auto Care,FALSE
SRV-003005,VEH-01370,30/11/2022,Transmission Service,26566,21121,3,South Michelleshire Auto Care,FALSE
SRV-003006,VEH-00380,19/10/2023,Transmission Service,36764,35038,2,Paulbury Auto Care,FALSE
SRV-003007,VEH-00874,18/05/2024,Suspension Repair,31197,28396,0,Powellborough Auto Care,FALSE
SRV-003008,VEH-00037,24/02/2023,AC Repair,10183,31755,0,Port Carolyn Auto Care,FALSE
SRV-003009,VEH-01255,15/06/2024,Bodywork/Panel Repair,113446,45478,0,Lake April Auto Care,FALSE
SRV-003010,VEH-02965,14/10/2023,Suspension Repair,30952,54770,0,New Barbara Auto Care,FALSE
SRV-003011,VEH-00420,26/02/2024,AC Repair,16747,36236,2,Tracyville Auto Care,FALSE
SRV-003012,VEH-01678,30/07/2025,Brake Inspection,4968,240,0,East Christopherborough Auto Care,FALSE
SRV-003013,VEH-02768,04/05/2026,Full Service,25520,31023,1,Cathyborough Auto Care,FALSE
SRV-003014,VEH-00897,18/07/2026,AC Repair,7442,39758,1,New Jordan Auto Care,TRUE
SRV-003015,VEH-00542,23/07/2026,Oil Change,4995,77041,0,Dukehaven Auto Care,TRUE
SRV-003016,VEH-01768,02/04/2026,Oil Change,3100,88554,0,Port Amanda Auto Care,FALSE
SRV-003017,VEH-02066,28/11/2024,Wheel Alignment,3304,14328,2,Port Michaelchester Auto Care,FALSE
SRV-003018,VEH-00235,19/04/2024,Oil Change,4472,3949,1,Smithton Auto Care,FALSE
SRV-003019,VEH-01304,25/06/2023,Suspension Repair,39745,8882,1,Campbellmouth Auto Care,TRUE
SRV-003020,VEH-02732,17/09/2024,Oil Change,3484,73967,0,South Juanland Auto Care,FALSE
SRV-003021,VEH-01201,11/08/2023,Suspension Repair,15966,6523,1,West Victor Auto Care,FALSE
SRV-003022,VEH-00359,16/09/2026,Transmission Service,41320,162911,1,New Melanie Auto Care,FALSE
SRV-003023,VEH-01162,10/02/2026,Oil Change,4621,4204,3,West Michelle Auto Care,FALSE
SRV-003024,VEH-00642,11/12/2023,Tire Rotation,1436,4326,1,East Pamela Auto Care,TRUE
SRV-003025,VEH-02012,11/01/2026,AC Repair,21133,5547,0,South Amyport Auto Care,FALSE
SRV-003026,VEH-01841,26/08/2023,Transmission Service,57335,1681,1,New Lauren Auto Care,FALSE
SRV-003027,VEH-01393,27/07/2025,Battery Replacement,12992,104381,1,Johnsonberg Auto Care,FALSE
SRV-003028,VEH-01924,11/06/2026,Wheel Alignment,3956,93314,0,Gonzalezberg Auto Care,FALSE
SRV-003029,VEH-01681,18/09/2023,Brake Inspection,7507,2415,2,New Derrickport Auto Care,FALSE
SRV-003030,VEH-02549,25/09/2024,Tire Rotation,1404,192,3,Ramirezview Auto Care,FALSE
SRV-003031,VEH-00188,27/02/2026,Brake Inspection,5667,10137,0,Roberttown Auto Care,FALSE
SRV-003032,VEH-00663,23/05/2026,Transmission Service,27181,5167,2,Lake David Auto Care,TRUE
SRV-003033,VEH-01629,09/06/2025,Full Service,29487,26286,1,Gordonfurt Auto Care,FALSE
SRV-003034,VEH-01755,08/04/2024,Full Service,39209,3307,0,South Carla Auto Care,FALSE
SRV-003035,VEH-00776,10/04/2025,Engine Diagnostic,4461,117579,1,Saraville Auto Care,TRUE
SRV-003036,VEH-00049,22/03/2026,AC Repair,17078,150526,0,New Danielle Auto Care,FALSE
SRV-003037,VEH-01597,28/12/2023,Full Service,38795,33461,1,Tashaport Auto Care,TRUE
SRV-003038,VEH-02008,11/12/2024,Tire Rotation,1515,1567,3,South Tyler Auto Care,FALSE
SRV-003039,VEH-00541,21/02/2025,Tire Rotation,2465,111527,0,Cassandraville Auto Care,FALSE
SRV-003040,VEH-00720,21/05/2025,Bodywork/Panel Repair,88891,20308,0,Danielbury Auto Care,TRUE
SRV-003041,VEH-01334,07/06/2024,Oil Change,2908,53,3,Kylemouth Auto Care,FALSE
SRV-003042,VEH-00009,26/09/2024,Brake Inspection,4028,23157,2,New Colin Auto Care,TRUE
SRV-003043,VEH-01277,15/01/2025,Brake Inspection,5369,2668,1,Michelleton Auto Care,FALSE
SRV-003044,VEH-02158,09/11/2025,Transmission Service,58645,4182,0,Port Jonathantown Auto Care,FALSE
SRV-003045,VEH-00050,06/02/2025,AC Repair,11617,157874,0,East Christopher Auto Care,FALSE
SRV-003046,VEH-02715,01/04/2025,Transmission Service,17608,34567,0,Rodriguezberg Auto Care,FALSE
SRV-003047,VEH-02591,27/03/2024,Oil Change,2937,15686,0,Lake Elaine Auto Care,FALSE
SRV-003048,VEH-01786,01/11/2023,Engine Diagnostic,3439,9568,2,Roseburgh Auto Care,TRUE
SRV-003049,VEH-00252,12/08/2024,Suspension Repair,39585,37075,2,Lake Lindsaytown Auto Care,FALSE
SRV-003050,VEH-00733,11/11/2023,Tire Rotation,2203,28298,1,Markland Auto Care,TRUE
SRV-003051,VEH-01323,26/06/2023,Engine Diagnostic,2079,2601,1,Darrellville Auto Care,TRUE
SRV-003052,VEH-02771,09/06/2025,Tire Rotation,2470,31319,3,Orrport Auto Care,FALSE
SRV-003053,VEH-01140,08/03/2026,Recall Fix,0,40504,1,Spearschester Auto Care,FALSE
SRV-003054,VEH-02373,04/12/2025,Engine Diagnostic,2365,136914,3,South Matthew Auto Care,FALSE
SRV-003055,VEH-01572,11/05/2026,Oil Change,3478,17151,2,Port Kimberly Auto Care,FALSE
SRV-003056,VEH-01075,01/11/2022,Suspension Repair,24808,433,0,Stephenburgh Auto Care,FALSE
SRV-003057,VEH-02920,22/07/2023,AC Repair,16406,63057,0,Gallagherburgh Auto Care,TRUE
SRV-003058,VEH-02893,11/04/2024,Suspension Repair,31552,98513,1,South Kristiburgh Auto Care,TRUE
SRV-003059,VEH-01976,17/03/2023,AC Repair,12514,29235,0,North Sarah Auto Care,FALSE
SRV-003060,VEH-02221,01/09/2023,Tire Rotation,1670,48335,1,Wyattbury Auto Care,FALSE
SRV-003061,VEH-02969,05/01/2026,Brake Inspection,2505,13674,2,Downsmouth Auto Care,FALSE
SRV-003062,VEH-02570,01/02/2023,Tire Rotation,1848,6958,0,Waltersview Auto Care,TRUE
SRV-003063,VEH-02757,29/04/2024,Suspension Repair,21286,11152,3,West Anthony Auto Care,FALSE
SRV-003064,VEH-01550,10/04/2024,Tire Rotation,1029,13618,1,Thompsonstad Auto Care,FALSE
SRV-003065,VEH-01497,07/04/2025,Recall Fix,0,15229,0,Port Sandrahaven Auto Care,FALSE
SRV-003066,VEH-01430,24/02/2026,Full Service,38926,96910,1,Kimberlystad Auto Care,FALSE
SRV-003067,VEH-02097,27/05/2023,Wheel Alignment,3175,11544,0,New Eric Auto Care,FALSE
SRV-003068,VEH-01744,07/08/2024,Tire Rotation,2445,18569,0,Buchananburgh Auto Care,FALSE
SRV-003069,VEH-00826,14/04/2024,AC Repair,8087,6938,0,Michaelmouth Auto Care,FALSE
SRV-003070,VEH-01770,14/08/2026,Suspension Repair,19562,53657,1,Meganberg Auto Care,FALSE
SRV-003071,VEH-01381,29/05/2023,Recall Fix,0,24128,0,West Kellyhaven Auto Care,FALSE
SRV-003072,VEH-02241,26/10/2025,Bodywork/Panel Repair,14114,57298,3,Mahoneyshire Auto Care,FALSE
SRV-003073,VEH-01409,16/03/2023,Transmission Service,18730,93105,3,New William Auto Care,FALSE
SRV-003074,VEH-02949,31/08/2025,Suspension Repair,29167,60193,0,Westbury Auto Care,FALSE
SRV-003075,VEH-02466,04/07/2025,Engine Diagnostic,3958,12336,1,Ericabury Auto Care,FALSE
SRV-003076,VEH-00296,03/09/2024,Battery Replacement,12937,3755,1,Port Crystalborough Auto Care,FALSE
SRV-003077,VEH-00480,10/05/2023,Bodywork/Panel Repair,88230,79572,3,North Adam Auto Care,FALSE
SRV-003078,VEH-02055,19/01/2023,Bodywork/Panel Repair,88222,4810,0,Millerstad Auto Care,FALSE
SRV-003079,VEH-01041,01/04/2024,Battery Replacement,9098,214856,1,Nortonborough Auto Care,FALSE
SRV-003080,VEH-02565,19/04/2023,Transmission Service,16662,243900,0,Debraville Auto Care,FALSE
SRV-003081,VEH-00782,28/05/2024,Recall Fix,0,6151,1,Martinezstad Auto Care,FALSE
SRV-003082,VEH-00326,03/09/2025,Suspension Repair,13799,6254,0,Reidfort Auto Care,TRUE
SRV-003083,VEH-02647,19/11/2023,Wheel Alignment,3129,43341,1,Harrisport Auto Care,FALSE
SRV-003084,VEH-02366,17/03/2026,Bodywork/Panel Repair,50461,21312,0,Williamstown Auto Care,FALSE
SRV-003085,VEH-01661,22/08/2023,Full Service,35164,15795,3,Longhaven Auto Care,FALSE
SRV-003086,VEH-00369,21/07/2024,Bodywork/Panel Repair,106504,15129,3,East Paulhaven Auto Care,FALSE
SRV-003087,VEH-02597,01/09/2024,Transmission Service,52236,130786,1,Lake Stephenhaven Auto Care,TRUE
SRV-003088,VEH-01764,31/10/2023,Full Service,15501,66910,3,West Jeremyland Auto Care,TRUE
SRV-003089,VEH-01744,29/12/2024,Oil Change,4153,7436,2,Riveramouth Auto Care,TRUE
SRV-003090,VEH-02347,06/07/2023,Brake Inspection,1840,30471,3,New Willie Auto Care,FALSE
SRV-003091,VEH-01159,23/09/2024,Full Service,39005,8943,0,Grossmouth Auto Care,TRUE
SRV-003092,VEH-02215,27/05/2023,Suspension Repair,43390,15868,0,Nelsonchester Auto Care,TRUE
SRV-003093,VEH-00337,25/12/2022,Brake Inspection,4824,9695,0,East Natalieland Auto Care,FALSE
SRV-003094,VEH-00557,26/09/2022,Bodywork/Panel Repair,69775,5229,1,Michelleside Auto Care,FALSE
SRV-003095,VEH-02301,21/06/2023,Engine Diagnostic,4196,2763,3,Johnsonbury Auto Care,FALSE
SRV-003096,VEH-02713,27/04/2024,Oil Change,5957,49318,3,South Christophershire Auto Care,FALSE
SRV-003097,VEH-01996,18/11/2023,Transmission Service,38538,3843,2,Scotttown Auto Care,FALSE
SRV-003098,VEH-02079,30/04/2026,Recall Fix,0,15517,2,New Thomaschester Auto Care,FALSE
SRV-003099,VEH-01450,15/11/2023,Bodywork/Panel Repair,38563,15728,0,Brentfort Auto Care,FALSE
SRV-003100,VEH-01622,17/07/2025,Wheel Alignment,3409,10704,0,Lake Glennmouth Auto Care,FALSE
SRV-003101,VEH-00932,16/09/2023,Recall Fix,0,15408,1,Tammyville Auto Care,TRUE
SRV-003102,VEH-01441,23/02/2023,Bodywork/Panel Repair,52771,77,2,Meganmouth Auto Care,FALSE
SRV-003103,VEH-01859,25/05/2025,Oil Change,5417,164366,2,Ianview Auto Care,FALSE
SRV-003104,VEH-00032,30/05/2025,Wheel Alignment,3309,16254,0,Port Derrickmouth Auto Care,FALSE
SRV-003105,VEH-01223,12/02/2025,Battery Replacement,13334,134306,2,North Daniel Auto Care,TRUE
SRV-003106,VEH-01806,31/01/2025,Engine Diagnostic,4800,43194,0,North Jermainetown Auto Care,FALSE
SRV-003107,VEH-01338,15/07/2026,Bodywork/Panel Repair,92348,7598,1,New Michael Auto Care,FALSE
SRV-003108,VEH-00829,17/03/2023,Brake Inspection,2114,12165,3,Port Ryanmouth Auto Care,FALSE
SRV-003109,VEH-00701,09/06/2025,Oil Change,3771,8258,1,West Lindaberg Auto Care,FALSE
SRV-003110,VEH-01043,01/07/2026,Brake Inspection,4308,7368,3,West Mark Auto Care,FALSE
SRV-003111,VEH-02569,04/01/2026,Recall Fix,0,27160,0,Port Lisashire Auto Care,FALSE
SRV-003112,VEH-00461,13/07/2024,Full Service,34739,71911,0,Lake Laurenfort Auto Care,TRUE
SRV-003113,VEH-00624,27/01/2026,Engine Diagnostic,3646,107162,3,Lake Michelefort Auto Care,FALSE
SRV-003114,VEH-00167,20/05/2026,Transmission Service,43346,5958,1,Reyesmouth Auto Care,FALSE
SRV-003115,VEH-01018,14/10/2022,Transmission Service,34195,40962,1,South Kathrynchester Auto Care,FALSE
SRV-003116,VEH-00749,17/12/2022,Oil Change,3387,604,3,Jenniferton Auto Care,TRUE
SRV-003117,VEH-00975,05/10/2025,Battery Replacement,15584,7349,3,Robertsstad Auto Care,FALSE
SRV-003118,VEH-01913,21/02/2023,Suspension Repair,37060,17017,1,New Jermaineside Auto Care,FALSE
SRV-003119,VEH-01498,03/11/2025,Full Service,26741,10911,1,Andrewville Auto Care,FALSE
SRV-003120,VEH-00397,16/07/2025,Battery Replacement,10946,8160,3,Jessicaton Auto Care,TRUE
SRV-003121,VEH-02898,31/08/2024,AC Repair,23151,66749,2,West Jameshaven Auto Care,FALSE
SRV-003122,VEH-02536,19/02/2025,Suspension Repair,12663,248582,2,West Jeffrey Auto Care,FALSE
SRV-003123,VEH-02212,01/09/2024,Oil Change,3794,11831,2,Lake Dwayne Auto Care,FALSE
SRV-003124,VEH-01474,21/12/2023,Suspension Repair,23630,49047,1,Rodriguezstad Auto Care,FALSE
SRV-003125,VEH-02949,26/05/2023,Recall Fix,0,59367,2,West Debra Auto Care,TRUE
SRV-003126,VEH-01891,28/01/2023,Tire Rotation,1066,3843,3,East Sarahland Auto Care,FALSE
SRV-003127,VEH-01208,25/12/2023,Brake Inspection,1531,5027,2,East Robertside Auto Care,TRUE
SRV-003128,VEH-02653,21/02/2025,Engine Diagnostic,4471,10517,0,Port Lynn Auto Care,FALSE
SRV-003129,VEH-02673,22/04/2024,Bodywork/Panel Repair,94689,63054,2,West Sophia Auto Care,FALSE
SRV-003130,VEH-00951,24/06/2023,Transmission Service,56033,99161,3,Allenborough Auto Care,FALSE
SRV-003131,VEH-01198,07/05/2026,Engine Diagnostic,4942,213,2,Frenchside Auto Care,FALSE
SRV-003132,VEH-02996,11/02/2024,Tire Rotation,1268,4651,0,Johnsonchester Auto Care,TRUE
SRV-003133,VEH-00172,05/08/2026,Recall Fix,0,74936,1,Markfurt Auto Care,TRUE
SRV-003134,VEH-00296,27/11/2024,AC Repair,23377,2962,3,Scottborough Auto Care,FALSE
SRV-003135,VEH-00143,21/06/2026,Engine Diagnostic,3531,69205,1,New Nicholasshire Auto Care,FALSE
SRV-003136,VEH-01451,26/07/2025,Recall Fix,0,7372,1,Riveraville Auto Care,FALSE
SRV-003137,VEH-01212,03/07/2023,Tire Rotation,2714,15508,2,New Julie Auto Care,TRUE
SRV-003138,VEH-01154,09/06/2026,Transmission Service,38753,47823,1,Loriview Auto Care,FALSE
SRV-003139,VEH-00248,11/05/2025,Tire Rotation,2482,78089,2,North Steven Auto Care,FALSE
SRV-003140,VEH-00475,09/09/2025,Engine Diagnostic,4728,168349,1,Markhaven Auto Care,FALSE
SRV-003141,VEH-02885,07/11/2023,Battery Replacement,19893,11523,1,Caitlinton Auto Care,FALSE
SRV-003142,VEH-01432,11/11/2025,Bodywork/Panel Repair,109491,101374,1,Port Karen Auto Care,FALSE
SRV-003143,VEH-02509,25/12/2022,Full Service,36764,2712,2,Velasquezfort Auto Care,FALSE
SRV-003144,VEH-00202,22/03/2023,Suspension Repair,31757,17658,0,Dianamouth Auto Care,FALSE
SRV-003145,VEH-02920,26/08/2026,Engine Diagnostic,3547,59571,0,Lake Yolandaberg Auto Care,TRUE
SRV-003146,VEH-01393,05/02/2025,AC Repair,15940,104097,3,Smithland Auto Care,FALSE
SRV-003147,VEH-01835,22/01/2023,Oil Change,2709,19329,3,South Ricky Auto Care,FALSE
SRV-003148,VEH-01886,10/05/2025,Brake Inspection,2026,712,2,North Williamside Auto Care,FALSE
SRV-003149,VEH-00776,05/10/2025,Tire Rotation,1971,113040,0,Lake Deborahbury Auto Care,FALSE
SRV-003150,VEH-00910,29/09/2024,Battery Replacement,9148,1920,3,North Danielport Auto Care,FALSE
SRV-003151,VEH-00746,08/09/2024,Transmission Service,37514,29076,3,New Diamondview Auto Care,TRUE
SRV-003152,VEH-01375,30/11/2023,Battery Replacement,12627,3629,2,Jonathanbury Auto Care,FALSE
SRV-003153,VEH-01422,11/01/2026,Suspension Repair,36305,41657,3,West Richard Auto Care,FALSE
SRV-003154,VEH-02440,21/04/2023,Recall Fix,0,27794,2,Port Reneeland Auto Care,FALSE
SRV-003155,VEH-01874,16/02/2025,Brake Inspection,7788,53560,1,Charlesland Auto Care,TRUE
SRV-003156,VEH-02479,07/10/2022,Suspension Repair,13331,3412,2,Michaelberg Auto Care,FALSE
SRV-003157,VEH-01621,11/06/2024,Battery Replacement,17719,10481,1,Rachelhaven Auto Care,FALSE
SRV-003158,VEH-00518,15/06/2025,Engine Diagnostic,2035,20086,1,North Richard Auto Care,FALSE
SRV-003159,VEH-00572,02/04/2024,Recall Fix,0,11389,1,West Lindaburgh Auto Care,FALSE
SRV-003160,VEH-00088,18/08/2025,Suspension Repair,14180,3632,0,Port Aaronside Auto Care,FALSE
SRV-003161,VEH-00489,29/11/2024,Oil Change,5047,24340,1,Mayport Auto Care,TRUE
SRV-003162,VEH-02005,25/11/2025,Tire Rotation,1851,7451,1,West Johnmouth Auto Care,TRUE
SRV-003163,VEH-01056,10/06/2023,Wheel Alignment,3312,849,0,East William Auto Care,FALSE
SRV-003164,VEH-01564,14/02/2024,Wheel Alignment,3942,2595,1,Mccormickborough Auto Care,FALSE
SRV-003165,VEH-00357,25/01/2023,Recall Fix,0,15003,0,Annestad Auto Care,FALSE
SRV-003166,VEH-02247,16/12/2023,Full Service,17544,1093,0,Lake Bradyfort Auto Care,FALSE
SRV-003167,VEH-00880,03/08/2023,Bodywork/Panel Repair,50490,96555,0,South Robert Auto Care,FALSE
SRV-003168,VEH-01122,01/09/2026,Tire Rotation,2625,19931,0,New Emmaton Auto Care,TRUE
SRV-003169,VEH-00418,28/09/2023,Wheel Alignment,1951,11347,3,Bernardmouth Auto Care,TRUE
SRV-003170,VEH-01953,14/10/2023,AC Repair,18908,6580,2,North Albertburgh Auto Care,TRUE
SRV-003171,VEH-02003,19/03/2026,Full Service,26216,37601,3,Hannahborough Auto Care,FALSE
SRV-003172,VEH-02179,23/01/2026,Recall Fix,0,39527,0,Terrellmouth Auto Care,FALSE
SRV-003173,VEH-01270,20/05/2026,Full Service,34028,28290,0,East Mark Auto Care,FALSE
SRV-003174,VEH-01610,17/01/2025,Tire Rotation,1397,11362,1,Dannystad Auto Care,FALSE
SRV-003175,VEH-00712,28/07/2025,Bodywork/Panel Repair,31997,18614,1,Lake Kennethview Auto Care,TRUE
SRV-003176,VEH-02969,26/11/2022,Wheel Alignment,2523,24793,1,South Josephchester Auto Care,FALSE
SRV-003177,VEH-01843,09/06/2026,Oil Change,4660,126305,0,Taylorshire Auto Care,FALSE
SRV-003178,VEH-02174,06/09/2024,Tire Rotation,2251,1536,2,North Aliciahaven Auto Care,FALSE
SRV-003179,VEH-01353,08/05/2023,Oil Change,3247,845,0,Port Sarahton Auto Care,FALSE
SRV-003180,VEH-01981,08/08/2024,Engine Diagnostic,4458,54031,0,Wyattton Auto Care,FALSE
SRV-003181,VEH-00434,11/02/2024,Tire Rotation,1504,23135,3,Patriciaside Auto Care,FALSE
SRV-003182,VEH-01065,14/07/2025,Oil Change,3819,26859,3,Mcknightton Auto Care,FALSE
SRV-003183,VEH-01741,22/10/2023,Wheel Alignment,2076,6139,0,West Jeffrey Auto Care,TRUE
SRV-003184,VEH-00061,06/08/2024,Oil Change,5827,567,0,Sullivanchester Auto Care,FALSE
SRV-003185,VEH-02362,08/10/2024,Brake Inspection,1808,93682,0,East Mary Auto Care,TRUE
SRV-003186,VEH-02472,06/07/2026,Wheel Alignment,3086,5168,2,Brianafurt Auto Care,TRUE
SRV-003187,VEH-01171,11/11/2022,Full Service,18444,16367,1,Gloverburgh Auto Care,FALSE
SRV-003188,VEH-02269,24/01/2025,Full Service,15980,5459,0,Lewisfort Auto Care,FALSE
SRV-003189,VEH-00929,21/04/2026,Bodywork/Panel Repair,59902,20005,1,East Andrea Auto Care,TRUE
SRV-003190,VEH-01331,08/04/2024,Bodywork/Panel Repair,27014,5114,0,Wilsonberg Auto Care,TRUE
SRV-003191,VEH-02839,24/03/2023,Wheel Alignment,2141,21880,1,Phelpschester Auto Care,FALSE
SRV-003192,VEH-02936,02/07/2023,Full Service,14873,473,0,Powersfurt Auto Care,TRUE
SRV-003193,VEH-01056,15/12/2024,Recall Fix,0,12039,1,South Jeremy Auto Care,FALSE
SRV-003194,VEH-01794,15/06/2023,Bodywork/Panel Repair,40784,4017,0,Lake Lindseyburgh Auto Care,FALSE
SRV-003195,VEH-02504,03/06/2024,AC Repair,21167,109100,3,Joannaport Auto Care,FALSE
SRV-003196,VEH-00795,21/12/2023,Recall Fix,0,257,1,Colonfurt Auto Care,FALSE
SRV-003197,VEH-00980,20/11/2024,Engine Diagnostic,4170,22074,3,Sharonbury Auto Care,FALSE
SRV-003198,VEH-01036,10/05/2023,Wheel Alignment,2595,912,2,New Chrisbury Auto Care,FALSE
SRV-003199,VEH-02570,16/07/2023,AC Repair,9046,9923,0,West Kennethville Auto Care,FALSE
SRV-003200,VEH-00769,08/10/2024,Engine Diagnostic,4390,3929,2,Wendyport Auto Care,TRUE
SRV-003201,VEH-01390,03/09/2025,Suspension Repair,35854,57288,0,Robertstad Auto Care,FALSE
SRV-003202,VEH-01061,01/12/2025,AC Repair,11233,4386,1,West Larryburgh Auto Care,FALSE
SRV-003203,VEH-02115,01/11/2023,Engine Diagnostic,2708,8634,0,Port Kimberlyport Auto Care,TRUE
SRV-003204,VEH-00856,23/07/2026,Brake Inspection,5375,7577,3,South Sarahland Auto Care,FALSE
SRV-003205,VEH-00168,16/07/2024,Wheel Alignment,3938,55493,2,Tateport Auto Care,FALSE
SRV-003206,VEH-01612,28/04/2026,Brake Inspection,3787,27888,1,South Brianton Auto Care,TRUE
SRV-003207,VEH-00393,03/09/2023,Brake Inspection,6277,25875,0,South Brenda Auto Care,FALSE
SRV-003208,VEH-02993,30/10/2023,Full Service,15816,52656,0,Bakerberg Auto Care,FALSE
SRV-003209,VEH-02831,26/03/2023,Tire Rotation,2763,5985,3,Lake Renee Auto Care,FALSE
SRV-003210,VEH-00867,18/07/2024,Brake Inspection,4177,2316,0,Smithhaven Auto Care,TRUE
SRV-003211,VEH-00985,05/11/2022,AC Repair,8323,39410,0,Roberttown Auto Care,FALSE
SRV-003212,VEH-01850,08/12/2025,Recall Fix,0,6282,0,Lake Angie Auto Care,FALSE
SRV-003213,VEH-00430,17/03/2025,Bodywork/Panel Repair,96583,56658,0,Lake Tylerhaven Auto Care,FALSE
SRV-003214,VEH-00576,24/06/2026,Oil Change,2823,26590,1,South Lisaview Auto Care,FALSE
SRV-003215,VEH-01957,17/05/2023,Battery Replacement,13755,6107,1,South Marktown Auto Care,FALSE
SRV-003216,VEH-00599,11/12/2025,AC Repair,9645,26500,1,Pittsberg Auto Care,FALSE
SRV-003217,VEH-01225,19/05/2023,Recall Fix,0,27639,0,Davenportchester Auto Care,TRUE
SRV-003218,VEH-01048,11/01/2026,Bodywork/Panel Repair,51308,9466,0,Galvanbury Auto Care,FALSE
SRV-003219,VEH-00316,03/12/2023,Recall Fix,0,28463,1,Pamelahaven Auto Care,FALSE
SRV-003220,VEH-00942,11/09/2025,Transmission Service,41097,2138,0,Beltranland Auto Care,FALSE
SRV-003221,VEH-01793,13/11/2025,Transmission Service,19365,52091,1,Jenniferton Auto Care,FALSE
SRV-003222,VEH-02547,26/12/2024,Oil Change,4794,10084,0,Kristinamouth Auto Care,FALSE
SRV-003223,VEH-01997,17/12/2025,AC Repair,12079,21723,0,Barbaraport Auto Care,TRUE
SRV-003224,VEH-00122,01/09/2025,Engine Diagnostic,4582,4049,3,Bellchester Auto Care,FALSE
SRV-003225,VEH-02854,19/07/2026,Brake Inspection,4807,5576,1,Frenchshire Auto Care,FALSE
SRV-003226,VEH-01805,14/06/2023,AC Repair,19887,10921,1,East Scottmouth Auto Care,FALSE
SRV-003227,VEH-00577,04/05/2023,Wheel Alignment,2631,85839,1,Davisville Auto Care,TRUE
SRV-003228,VEH-00288,01/12/2024,AC Repair,9290,76564,1,Ruizshire Auto Care,TRUE
SRV-003229,VEH-01508,25/07/2024,Engine Diagnostic,3482,5194,2,Port Holly Auto Care,FALSE
SRV-003230,VEH-00299,28/11/2025,Bodywork/Panel Repair,116817,128525,0,Taylortown Auto Care,TRUE
SRV-003231,VEH-00274,09/01/2023,Wheel Alignment,2658,23390,3,Scottmouth Auto Care,FALSE
SRV-003232,VEH-00440,03/11/2023,Engine Diagnostic,2613,49187,0,Millerbury Auto Care,TRUE
SRV-003233,VEH-00165,22/04/2023,Bodywork/Panel Repair,12984,478,1,Angelashire Auto Care,TRUE
SRV-003234,VEH-02292,24/09/2025,Tire Rotation,2109,99810,2,Clarkside Auto Care,FALSE
SRV-003235,VEH-01871,26/06/2026,AC Repair,9018,48931,3,East Andrewton Auto Care,FALSE
SRV-003236,VEH-02922,10/01/2024,AC Repair,11504,82173,0,South Natalie Auto Care,FALSE
SRV-003237,VEH-02727,25/04/2024,Engine Diagnostic,3339,21372,3,Bradleymouth Auto Care,FALSE
SRV-003238,VEH-00801,12/10/2023,Full Service,37658,24196,1,North Matthew Auto Care,TRUE
SRV-003239,VEH-01819,01/02/2026,Full Service,16415,4410,1,New Victorfurt Auto Care,FALSE
SRV-003240,VEH-01283,09/06/2023,Brake Inspection,4022,24048,3,Aaronchester Auto Care,TRUE
SRV-003241,VEH-02543,05/05/2024,Wheel Alignment,3283,25886,1,North Maryton Auto Care,FALSE
SRV-003242,VEH-02574,01/08/2024,Recall Fix,0,1831,3,New Michaelhaven Auto Care,FALSE
SRV-003243,VEH-00644,19/05/2026,Tire Rotation,1766,33280,0,Port Nicholashaven Auto Care,TRUE
SRV-003244,VEH-02017,04/05/2025,Engine Diagnostic,2260,26539,0,Lake Eddie Auto Care,FALSE
SRV-003245,VEH-01791,11/09/2025,Suspension Repair,41042,63833,1,Nguyenchester Auto Care,TRUE
SRV-003246,VEH-00413,15/05/2024,Engine Diagnostic,3157,81254,0,West Michaelland Auto Care,FALSE
SRV-003247,VEH-02094,01/02/2025,Tire Rotation,1238,1844,0,New Timothystad Auto Care,TRUE
SRV-003248,VEH-00362,16/06/2026,Wheel Alignment,1943,44923,0,East Lisaport Auto Care,TRUE
SRV-003249,VEH-02311,07/12/2025,Full Service,16391,75488,3,South Debbie Auto Care,TRUE
SRV-003250,VEH-00063,27/06/2023,Transmission Service,24746,4690,0,Cameronburgh Auto Care,TRUE
SRV-003251,VEH-02825,16/12/2025,Oil Change,4910,10561,0,Goldenhaven Auto Care,FALSE
SRV-003252,VEH-02082,19/04/2025,Transmission Service,42770,7525,3,East Larrymouth Auto Care,FALSE
SRV-003253,VEH-01724,14/03/2026,Engine Diagnostic,3552,33199,3,North Eric Auto Care,FALSE
SRV-003254,VEH-01529,10/02/2026,Engine Diagnostic,3130,6765,1,Port Linda Auto Care,FALSE
SRV-003255,VEH-02296,21/01/2025,Brake Inspection,2982,3140,1,Clarkton Auto Care,FALSE
SRV-003256,VEH-02897,21/08/2025,Recall Fix,0,18448,1,Williamsbury Auto Care,FALSE
SRV-003257,VEH-02439,01/07/2025,Suspension Repair,14264,6665,3,Port Sarah Auto Care,TRUE
SRV-003258,VEH-01639,19/11/2024,Recall Fix,0,147271,1,Guzmanstad Auto Care,FALSE
SRV-003259,VEH-02423,11/09/2024,Battery Replacement,15266,46786,1,South Julia Auto Care,FALSE
SRV-003260,VEH-00705,12/09/2024,AC Repair,7443,77114,1,Ryanport Auto Care,FALSE
SRV-003261,VEH-01604,21/06/2025,AC Repair,10092,42911,0,North Andreaport Auto Care,TRUE
SRV-003262,VEH-02717,22/04/2024,Suspension Repair,36787,18833,2,North Timothy Auto Care,FALSE
SRV-003263,VEH-00926,08/01/2026,Bodywork/Panel Repair,71810,12110,1,Chelseaview Auto Care,FALSE
SRV-003264,VEH-02168,25/11/2025,Transmission Service,34383,6121,3,East Tylerview Auto Care,FALSE
SRV-003265,VEH-00993,21/03/2025,Bodywork/Panel Repair,13564,21448,2,Heatherborough Auto Care,FALSE
SRV-003266,VEH-00911,28/09/2023,Tire Rotation,1453,7524,3,New Williamview Auto Care,FALSE
SRV-003267,VEH-02427,06/11/2025,Bodywork/Panel Repair,51451,107237,2,Michaelberg Auto Care,FALSE
SRV-003268,VEH-01522,27/03/2026,Wheel Alignment,2631,70698,1,Marioview Auto Care,FALSE
SRV-003269,VEH-01105,06/03/2026,Wheel Alignment,3159,33758,3,East William Auto Care,TRUE
SRV-003270,VEH-02825,03/06/2026,Battery Replacement,12284,10683,0,West Christopherbury Auto Care,FALSE
SRV-003271,VEH-01375,07/12/2025,Tire Rotation,1623,883,0,Doyleberg Auto Care,TRUE
SRV-003272,VEH-00458,24/03/2024,Full Service,12580,7658,0,Allisonchester Auto Care,TRUE
SRV-003273,VEH-01377,18/05/2026,Brake Inspection,3404,12075,1,East Jasonborough Auto Care,TRUE
SRV-003274,VEH-02930,06/09/2026,Oil Change,3882,70925,3,North Michael Auto Care,FALSE
SRV-003275,VEH-02172,27/02/2023,Wheel Alignment,3619,8303,0,North Christian Auto Care,FALSE
SRV-003276,VEH-01557,03/08/2025,Oil Change,3126,143923,1,South Donald Auto Care,FALSE
SRV-003277,VEH-02309,12/08/2023,Recall Fix,0,55352,2,Harrisonton Auto Care,FALSE
SRV-003278,VEH-01045,28/11/2024,Oil Change,4716,28307,1,Lake Stephanie Auto Care,FALSE
SRV-003279,VEH-02438,20/08/2023,Oil Change,3767,82496,1,Jessicaburgh Auto Care,FALSE
SRV-003280,VEH-01894,18/11/2025,Bodywork/Panel Repair,93263,56484,1,North Lisa Auto Care,TRUE
SRV-003281,VEH-02575,22/01/2023,Wheel Alignment,3801,4763,3,New Brendashire Auto Care,FALSE
SRV-003282,VEH-00151,26/01/2025,Transmission Service,18595,6778,1,Lake Jessica Auto Care,FALSE
SRV-003283,VEH-00329,22/11/2024,Oil Change,5655,6077,2,Richardsborough Auto Care,FALSE
SRV-003284,VEH-02613,01/07/2026,Engine Diagnostic,3650,119343,1,East Brandon Auto Care,FALSE
SRV-003285,VEH-01722,05/07/2025,AC Repair,21618,10788,0,East Zacharyland Auto Care,FALSE
SRV-003286,VEH-01622,01/06/2025,Bodywork/Panel Repair,74774,12399,3,Shorttown Auto Care,FALSE
SRV-003287,VEH-01158,04/06/2023,Brake Inspection,5139,52557,1,Port Katherinehaven Auto Care,FALSE
SRV-003288,VEH-02227,22/05/2023,Transmission Service,28934,36179,2,Sandovalhaven Auto Care,FALSE
SRV-003289,VEH-02868,09/06/2025,Bodywork/Panel Repair,42783,7784,1,New Davidbury Auto Care,TRUE
SRV-003290,VEH-00155,08/08/2023,Engine Diagnostic,2940,47237,0,Sandrahaven Auto Care,FALSE
SRV-003291,VEH-02358,12/07/2024,Engine Diagnostic,2276,148,1,New John Auto Care,FALSE
SRV-003292,VEH-01506,21/04/2024,Tire Rotation,2085,32945,0,West Tiffanyhaven Auto Care,FALSE
SRV-003293,VEH-00142,09/01/2026,Tire Rotation,1838,54822,1,Tuckershire Auto Care,FALSE
SRV-003294,VEH-01111,02/08/2024,Wheel Alignment,3315,8006,1,South Rickyfort Auto Care,FALSE
SRV-003295,VEH-02389,25/02/2025,AC Repair,11252,115,0,East Joshuachester Auto Care,FALSE
SRV-003296,VEH-02085,05/11/2023,Tire Rotation,2730,52507,3,Ericborough Auto Care,FALSE
SRV-003297,VEH-01591,11/07/2025,Suspension Repair,29892,60159,2,Savannahhaven Auto Care,FALSE
SRV-003298,VEH-00776,22/10/2025,Bodywork/Panel Repair,80375,118781,2,Nelsonview Auto Care,FALSE
SRV-003299,VEH-01880,08/11/2022,Suspension Repair,38079,268772,0,Lake Kendra Auto Care,TRUE
SRV-003300,VEH-01480,10/11/2022,Oil Change,2954,8107,0,New Billy Auto Care,FALSE
SRV-003301,VEH-01718,17/10/2024,Engine Diagnostic,2870,161295,1,Jonathanberg Auto Care,FALSE
SRV-003302,VEH-01512,13/02/2026,Tire Rotation,1524,34467,2,Lake Joseph Auto Care,FALSE
SRV-003303,VEH-01118,19/03/2025,Transmission Service,55945,83928,0,North Kevinfurt Auto Care,FALSE
SRV-003304,VEH-02100,13/01/2025,Bodywork/Panel Repair,94604,35396,2,Port Richard Auto Care,FALSE
SRV-003305,VEH-00204,27/06/2025,AC Repair,24427,11418,1,West Paulafurt Auto Care,FALSE
SRV-003306,VEH-01098,02/04/2024,Wheel Alignment,2516,42539,0,Butlerhaven Auto Care,FALSE
SRV-003307,VEH-00112,19/10/2025,Bodywork/Panel Repair,24526,68459,0,West Brianbury Auto Care,TRUE
SRV-003308,VEH-02014,14/04/2026,Brake Inspection,4919,5742,2,Amberview Auto Care,TRUE
SRV-003309,VEH-02658,05/07/2026,Battery Replacement,13564,24148,2,Sylviamouth Auto Care,TRUE
SRV-003310,VEH-01027,06/10/2023,AC Repair,18442,11952,1,Gibsonborough Auto Care,TRUE
SRV-003311,VEH-02344,04/07/2025,Wheel Alignment,2707,38832,1,South James Auto Care,TRUE
SRV-003312,VEH-01419,04/11/2023,Suspension Repair,14774,14964,0,Faithton Auto Care,FALSE
SRV-003313,VEH-00420,21/11/2024,Transmission Service,38537,17205,1,North Sandrastad Auto Care,TRUE
SRV-003314,VEH-01195,10/04/2026,Bodywork/Panel Repair,97940,2913,1,Russellland Auto Care,FALSE
SRV-003315,VEH-02392,23/09/2025,Battery Replacement,12788,8346,2,Kevinchester Auto Care,FALSE
SRV-003316,VEH-01173,22/05/2024,Suspension Repair,14562,10767,2,Aprilview Auto Care,FALSE
SRV-003317,VEH-01265,16/09/2026,Full Service,24964,36985,0,New Heatherstad Auto Care,FALSE
SRV-003318,VEH-01025,26/09/2024,Brake Inspection,4770,6262,0,North Timothyfurt Auto Care,FALSE
SRV-003319,VEH-01625,25/03/2023,Bodywork/Panel Repair,59724,45464,0,West Mistyburgh Auto Care,FALSE
SRV-003320,VEH-02258,12/06/2023,AC Repair,21319,146768,3,Port Danielle Auto Care,TRUE
SRV-003321,VEH-01206,16/07/2026,Brake Inspection,6730,35401,1,Smithstad Auto Care,FALSE
SRV-003322,VEH-02467,13/12/2024,Brake Inspection,5632,181,3,Melissaburgh Auto Care,FALSE
SRV-003323,VEH-02974,29/06/2023,Recall Fix,0,8875,0,Andrewport Auto Care,FALSE
SRV-003324,VEH-00069,18/12/2023,Recall Fix,0,37678,0,South Andrew Auto Care,TRUE
SRV-003325,VEH-02226,10/11/2025,Recall Fix,0,4414,0,Amandaport Auto Care,FALSE
SRV-003326,VEH-00260,02/01/2025,Full Service,16282,5661,1,Cortezland Auto Care,TRUE
SRV-003327,VEH-01758,01/01/2025,Wheel Alignment,3164,21428,0,South Justinmouth Auto Care,FALSE
SRV-003328,VEH-00419,30/11/2025,AC Repair,21215,15559,2,Scotthaven Auto Care,FALSE
SRV-003329,VEH-02880,15/04/2023,Oil Change,4817,243,0,Curtischester Auto Care,TRUE
SRV-003330,VEH-01740,12/04/2025,Bodywork/Panel Repair,100656,1402,0,Lake Barryhaven Auto Care,TRUE
SRV-003331,VEH-01723,16/03/2025,AC Repair,13098,21482,1,Hahnbury Auto Care,TRUE
SRV-003332,VEH-00341,29/06/2025,Oil Change,3997,66719,0,East Rogerton Auto Care,FALSE
SRV-003333,VEH-02221,17/09/2024,Recall Fix,0,65693,2,Hillmouth Auto Care,FALSE
SRV-003334,VEH-00485,06/03/2026,Transmission Service,18124,1567,2,Jasonport Auto Care,TRUE
SRV-003335,VEH-01144,14/09/2026,Battery Replacement,16220,127,0,New Jasminemouth Auto Care,TRUE
SRV-003336,VEH-01181,18/12/2022,Transmission Service,49750,12172,3,Matthewtown Auto Care,FALSE
SRV-003337,VEH-00310,16/03/2023,Tire Rotation,2373,50892,1,East James Auto Care,TRUE
SRV-003338,VEH-02872,12/01/2026,Oil Change,5733,20132,0,Michellebury Auto Care,FALSE
SRV-003339,VEH-02862,28/11/2025,Tire Rotation,1194,176422,3,Port Terryberg Auto Care,FALSE
SRV-003340,VEH-02555,24/08/2025,Transmission Service,46009,24939,3,Lyonschester Auto Care,FALSE
SRV-003341,VEH-01003,10/09/2025,Tire Rotation,2615,64546,1,North Walter Auto Care,TRUE
SRV-003342,VEH-00488,20/11/2024,Bodywork/Panel Repair,92799,56244,1,Jimmyview Auto Care,TRUE
SRV-003343,VEH-01980,27/10/2022,Suspension Repair,16248,39015,1,South Patricia Auto Care,FALSE
SRV-003344,VEH-01673,01/04/2026,Bodywork/Panel Repair,93190,209271,2,North Martinhaven Auto Care,FALSE
SRV-003345,VEH-00822,29/04/2026,Tire Rotation,1427,3932,0,Tammyberg Auto Care,FALSE
SRV-003346,VEH-02287,10/05/2024,Oil Change,3351,5334,2,East Jared Auto Care,TRUE
SRV-003347,VEH-01655,03/02/2023,Full Service,23923,99186,0,South Jacquelinehaven Auto Care,TRUE
SRV-003348,VEH-01415,05/05/2026,Recall Fix,0,13883,0,Terryhaven Auto Care,TRUE
SRV-003349,VEH-01825,29/08/2025,Brake Inspection,4403,42686,2,Robertton Auto Care,FALSE
SRV-003350,VEH-00642,25/04/2024,Transmission Service,55251,9597,0,Dennisland Auto Care,FALSE
SRV-003351,VEH-02810,13/02/2023,Full Service,27486,922,0,Longhaven Auto Care,FALSE
SRV-003352,VEH-00123,21/06/2023,Suspension Repair,20482,2879,0,Martinbury Auto Care,FALSE
SRV-003353,VEH-01036,23/11/2025,Oil Change,4626,9825,0,Brandonhaven Auto Care,FALSE
SRV-003354,VEH-01124,20/01/2025,Recall Fix,0,7721,1,West Annettemouth Auto Care,TRUE
SRV-003355,VEH-01593,23/10/2025,AC Repair,14227,12238,0,Danielland Auto Care,FALSE
SRV-003356,VEH-02520,25/03/2026,Battery Replacement,15330,2378,3,South Christopher Auto Care,FALSE
SRV-003357,VEH-02869,31/03/2024,Transmission Service,25527,12471,0,Port Jamesville Auto Care,FALSE
SRV-003358,VEH-02111,30/03/2025,Transmission Service,18696,96644,3,Aliciaside Auto Care,FALSE
SRV-003359,VEH-02625,12/02/2025,Suspension Repair,39618,5133,0,South Robert Auto Care,FALSE
SRV-003360,VEH-00182,01/09/2023,AC Repair,20697,37883,0,Jasonview Auto Care,FALSE
SRV-003361,VEH-00365,28/07/2024,Full Service,22436,50650,0,West Sean Auto Care,FALSE
SRV-003362,VEH-02153,07/03/2023,Engine Diagnostic,2381,23984,0,Walshborough Auto Care,TRUE
SRV-003363,VEH-01312,31/01/2024,AC Repair,12064,28808,0,Thomasbury Auto Care,FALSE
SRV-003364,VEH-01197,19/04/2026,Wheel Alignment,3561,103674,0,Mitchellmouth Auto Care,FALSE
SRV-003365,VEH-02711,17/03/2023,Full Service,34537,43219,1,Marymouth Auto Care,FALSE
SRV-003366,VEH-01502,10/07/2023,Oil Change,5637,63709,1,Bakermouth Auto Care,FALSE
SRV-003367,VEH-00698,08/04/2025,Bodywork/Panel Repair,59262,5794,0,North Nancy Auto Care,FALSE
SRV-003368,VEH-00051,02/07/2025,Transmission Service,56069,1456,1,South Charlesbury Auto Care,FALSE
SRV-003369,VEH-00374,18/07/2023,Suspension Repair,13776,48741,0,Ramosville Auto Care,FALSE
SRV-003370,VEH-01152,23/08/2025,Suspension Repair,12634,112520,0,Lake Daniel Auto Care,FALSE
SRV-003371,VEH-02584,29/03/2024,Battery Replacement,16192,5873,0,Sharonburgh Auto Care,FALSE
SRV-003372,VEH-00679,08/04/2026,Tire Rotation,2088,26901,2,South John Auto Care,FALSE
SRV-003373,VEH-01741,22/08/2025,AC Repair,8425,14273,2,Hayestown Auto Care,FALSE
SRV-003374,VEH-02548,21/11/2023,Suspension Repair,29172,58999,1,West Marilynmouth Auto Care,TRUE
SRV-003375,VEH-00250,21/08/2026,Bodywork/Panel Repair,32950,50865,1,Millerfurt Auto Care,FALSE
SRV-003376,VEH-02349,19/11/2023,Oil Change,3885,47405,0,East John Auto Care,FALSE
SRV-003377,VEH-01508,17/02/2025,AC Repair,6860,3758,2,South Johnhaven Auto Care,FALSE
SRV-003378,VEH-00711,05/09/2024,AC Repair,8753,8670,0,Floresmouth Auto Care,FALSE
SRV-003379,VEH-02331,03/11/2023,Oil Change,5938,22829,0,Benjamintown Auto Care,FALSE
SRV-003380,VEH-01470,09/12/2023,AC Repair,16804,9198,0,North Linda Auto Care,TRUE
SRV-003381,VEH-02960,23/01/2026,Tire Rotation,2082,22829,3,Garzahaven Auto Care,TRUE
SRV-003382,VEH-00160,08/12/2024,Recall Fix,0,2360,3,Stephentown Auto Care,FALSE
SRV-003383,VEH-01362,11/01/2023,Tire Rotation,1185,50446,0,Moranfurt Auto Care,TRUE
SRV-003384,VEH-01573,28/08/2025,Tire Rotation,2743,2001,0,Armstrongshire Auto Care,FALSE
SRV-003385,VEH-00154,21/02/2025,AC Repair,13973,3243,0,South Sandra Auto Care,FALSE
SRV-003386,VEH-01214,06/08/2025,Brake Inspection,2933,12988,1,South Danielle Auto Care,FALSE
SRV-003387,VEH-00628,14/11/2022,AC Repair,19493,3958,3,Perkinston Auto Care,FALSE
SRV-003388,VEH-01777,10/10/2025,Full Service,12641,37985,3,Fitzgeraldside Auto Care,FALSE
SRV-003389,VEH-02427,13/04/2025,Brake Inspection,3267,129203,3,Port Allen Auto Care,TRUE
SRV-003390,VEH-00244,15/07/2025,Tire Rotation,1277,38,3,Lake John Auto Care,FALSE
SRV-003391,VEH-00137,13/01/2023,AC Repair,8135,27431,1,North Rebeccaborough Auto Care,FALSE
SRV-003392,VEH-01688,14/06/2024,Bodywork/Panel Repair,62864,95582,3,West Adam Auto Care,FALSE
SRV-003393,VEH-02605,23/11/2025,Suspension Repair,15999,54093,1,North Chelsea Auto Care,TRUE
SRV-003394,VEH-01078,04/02/2026,Battery Replacement,19366,46329,1,Lake Tammy Auto Care,FALSE
SRV-003395,VEH-02859,05/05/2024,Full Service,25597,9830,1,Kimberlyfort Auto Care,TRUE
SRV-003396,VEH-02119,14/12/2023,Bodywork/Panel Repair,54181,15502,1,Sarachester Auto Care,FALSE
SRV-003397,VEH-00756,03/09/2025,Tire Rotation,1337,23790,2,Lake Jennifer Auto Care,FALSE
SRV-003398,VEH-01798,29/06/2023,Bodywork/Panel Repair,115258,13981,0,Lake Rose Auto Care,FALSE
SRV-003399,VEH-00172,18/02/2024,Brake Inspection,2873,78275,2,West Kevinfurt Auto Care,FALSE
SRV-003400,VEH-01221,19/09/2024,Suspension Repair,33831,10478,1,Vincentside Auto Care,FALSE
SRV-003401,VEH-00852,26/04/2026,Suspension Repair,16599,8772,0,Port Mariastad Auto Care,FALSE
SRV-003402,VEH-00090,12/03/2025,Wheel Alignment,3374,40738,3,Joseport Auto Care,TRUE
SRV-003403,VEH-02633,04/07/2023,Brake Inspection,3170,14294,0,North Davidshire Auto Care,FALSE
SRV-003404,VEH-01153,11/11/2025,Recall Fix,0,14105,1,East Kevin Auto Care,FALSE
SRV-003405,VEH-00005,04/09/2023,Wheel Alignment,3127,69511,1,Glennville Auto Care,FALSE
SRV-003406,VEH-01718,30/12/2023,Battery Replacement,13750,167998,2,Port Jean Auto Care,TRUE
SRV-003407,VEH-00402,22/07/2023,Battery Replacement,19719,1519,1,Port Davidmouth Auto Care,FALSE
SRV-003408,VEH-01662,02/06/2026,Suspension Repair,40988,38182,1,Lake Joseph Auto Care,TRUE
SRV-003409,VEH-00226,27/05/2023,Engine Diagnostic,2524,934,1,Margaretshire Auto Care,FALSE
SRV-003410,VEH-00872,13/06/2024,Battery Replacement,8772,22251,1,Stewartbury Auto Care,TRUE
SRV-003411,VEH-01809,25/12/2024,Transmission Service,46117,9571,1,Jesusmouth Auto Care,FALSE
SRV-003412,VEH-02121,28/01/2024,AC Repair,24594,67784,3,East Savannahtown Auto Care,FALSE
SRV-003413,VEH-01384,18/10/2024,Full Service,18520,1238,1,North Madison Auto Care,FALSE
SRV-003414,VEH-00575,01/02/2024,Transmission Service,58067,12737,0,West Patrickburgh Auto Care,FALSE
SRV-003415,VEH-00049,16/08/2026,Bodywork/Panel Repair,21115,136424,0,East Joseph Auto Care,FALSE
SRV-003416,VEH-00670,04/07/2025,Brake Inspection,3089,89067,2,East Garyland Auto Care,TRUE
SRV-003417,VEH-00509,28/09/2023,Oil Change,2919,35324,1,South Amanda Auto Care,FALSE
SRV-003418,VEH-01138,06/07/2026,Brake Inspection,4640,2209,0,North Paulport Auto Care,FALSE
SRV-003419,VEH-00813,11/10/2022,Brake Inspection,6661,19284,1,Ramirezberg Auto Care,FALSE
SRV-003420,VEH-00859,03/03/2025,Transmission Service,22836,86032,0,New Stephanie Auto Care,FALSE
SRV-003421,VEH-02635,10/04/2024,Engine Diagnostic,2678,19929,0,Michaelmouth Auto Care,FALSE
SRV-003422,VEH-02973,27/05/2025,Engine Diagnostic,2669,2725,2,East Kimberly Auto Care,FALSE
SRV-003423,VEH-00717,02/06/2026,Brake Inspection,4952,14055,1,North Haleyhaven Auto Care,TRUE
SRV-003424,VEH-00160,21/04/2023,AC Repair,5707,9360,1,Port Nicole Auto Care,TRUE
SRV-003425,VEH-00678,15/11/2023,Suspension Repair,27070,32158,0,East Benjaminfurt Auto Care,FALSE
SRV-003426,VEH-01528,28/04/2026,Oil Change,4388,12350,0,North Williammouth Auto Care,FALSE
SRV-003427,VEH-02597,11/07/2025,Wheel Alignment,3917,135337,1,Brownville Auto Care,FALSE
SRV-003428,VEH-02948,13/03/2025,Tire Rotation,2115,14460,1,South Jonathan Auto Care,FALSE
SRV-003429,VEH-02976,06/03/2026,Bodywork/Panel Repair,75878,29050,0,Hillville Auto Care,FALSE
SRV-003430,VEH-01789,29/04/2024,Bodywork/Panel Repair,12517,2373,3,North Williamburgh Auto Care,FALSE
SRV-003431,VEH-01325,17/06/2023,Bodywork/Panel Repair,29618,3296,3,Danielburgh Auto Care,TRUE
SRV-003432,VEH-00868,26/11/2025,Suspension Repair,15246,10708,0,Bryantown Auto Care,FALSE
SRV-003433,VEH-02850,11/04/2023,Brake Inspection,3723,68606,0,East James Auto Care,TRUE
SRV-003434,VEH-00411,17/11/2025,Oil Change,4069,70699,1,Lake Teresa Auto Care,FALSE
SRV-003435,VEH-01075,09/03/2026,Full Service,13064,36097,0,East Ashleyberg Auto Care,TRUE
SRV-003436,VEH-01561,04/09/2026,Transmission Service,54343,9452,1,Sarahaven Auto Care,FALSE
SRV-003437,VEH-02468,15/07/2026,Oil Change,5117,24728,0,West Tinafort Auto Care,FALSE
SRV-003438,VEH-00072,23/09/2023,Engine Diagnostic,3436,12362,1,Barryberg Auto Care,TRUE
SRV-003439,VEH-01368,28/02/2023,Bodywork/Panel Repair,51035,13269,1,Kimberlyland Auto Care,FALSE
SRV-003440,VEH-01729,27/05/2024,Bodywork/Panel Repair,56101,9704,0,North Hannahland Auto Care,FALSE
SRV-003441,VEH-01554,14/04/2025,Suspension Repair,32514,5196,0,Jeffreyberg Auto Care,TRUE
SRV-003442,VEH-00640,15/02/2023,Engine Diagnostic,3453,7030,1,West Cherylhaven Auto Care,TRUE
SRV-003443,VEH-00833,18/06/2025,AC Repair,17302,42994,1,Zoeburgh Auto Care,FALSE
SRV-003444,VEH-00919,12/03/2026,Battery Replacement,19190,37808,1,Port Kellybury Auto Care,FALSE
SRV-003445,VEH-01672,09/06/2025,Tire Rotation,2375,1717,1,Maryport Auto Care,FALSE
SRV-003446,VEH-02774,29/08/2025,Bodywork/Panel Repair,116191,112676,0,New Michelemouth Auto Care,FALSE
SRV-003447,VEH-00857,24/04/2025,Transmission Service,15897,8591,3,South Richardtown Auto Care,TRUE
SRV-003448,VEH-01636,24/07/2025,Bodywork/Panel Repair,11321,97116,0,New Lisaville Auto Care,FALSE
SRV-003449,VEH-01667,12/03/2023,AC Repair,12000,32088,1,Joshuaborough Auto Care,FALSE
SRV-003450,VEH-00893,05/11/2025,Brake Inspection,7128,28597,1,Port Ryanmouth Auto Care,FALSE
SRV-003451,VEH-02869,15/12/2022,Recall Fix,0,3741,2,Lake Kellytown Auto Care,FALSE
SRV-003452,VEH-01087,23/09/2026,Battery Replacement,10621,33682,0,Emilyside Auto Care,FALSE
SRV-003453,VEH-00484,14/12/2024,Suspension Repair,41388,11344,0,Port Anthony Auto Care,FALSE
SRV-003454,VEH-00084,07/11/2023,Oil Change,3621,5331,0,Omarberg Auto Care,FALSE
SRV-003455,VEH-02344,28/06/2025,Bodywork/Panel Repair,27821,36896,1,Lake Anthonyside Auto Care,FALSE
SRV-003456,VEH-02735,15/07/2023,Tire Rotation,1330,44364,3,Lake Troy Auto Care,FALSE
SRV-003457,VEH-00521,30/07/2024,Transmission Service,27329,72057,2,Dustinshire Auto Care,FALSE
SRV-003458,VEH-01028,09/08/2023,Brake Inspection,7020,24889,1,Andersonberg Auto Care,TRUE
SRV-003459,VEH-00758,14/12/2022,Oil Change,4421,15221,3,Nicholaschester Auto Care,FALSE
SRV-003460,VEH-02711,29/08/2025,Bodywork/Panel Repair,100711,45370,3,Montgomeryville Auto Care,FALSE
SRV-003461,VEH-00863,24/06/2026,Battery Replacement,9661,11167,0,Wallaceland Auto Care,TRUE
SRV-003462,VEH-00281,15/07/2026,Engine Diagnostic,2748,12714,1,South Lisa Auto Care,FALSE
SRV-003463,VEH-00636,10/07/2026,Wheel Alignment,2931,686,1,Lindatown Auto Care,FALSE
SRV-003464,VEH-01451,23/02/2023,Suspension Repair,30827,9630,1,North Michael Auto Care,FALSE
SRV-003465,VEH-00880,09/03/2025,AC Repair,24924,84823,1,Andersonborough Auto Care,FALSE
SRV-003466,VEH-01151,16/10/2023,Transmission Service,20474,5017,3,West Kelsey Auto Care,FALSE
SRV-003467,VEH-00293,20/03/2025,Brake Inspection,5768,1485,3,Shaffermouth Auto Care,TRUE
SRV-003468,VEH-01622,29/07/2025,Tire Rotation,1598,2390,0,North Randy Auto Care,FALSE
SRV-003469,VEH-01718,17/07/2024,Recall Fix,0,162367,1,Maynardchester Auto Care,FALSE
SRV-003470,VEH-00625,03/04/2026,Recall Fix,0,8022,0,New Ianton Auto Care,FALSE
SRV-003471,VEH-00082,05/10/2025,Suspension Repair,16576,42740,2,Port Heather Auto Care,FALSE
SRV-003472,VEH-00176,16/01/2025,Full Service,18411,100450,0,Keithview Auto Care,TRUE
SRV-003473,VEH-02513,17/10/2022,Full Service,12795,42687,1,South Karen Auto Care,FALSE
SRV-003474,VEH-01573,22/07/2024,AC Repair,6714,9540,0,Floydhaven Auto Care,FALSE
SRV-003475,VEH-00031,11/07/2025,Full Service,12757,28765,0,Luiston Auto Care,FALSE
SRV-003476,VEH-00278,28/02/2023,Brake Inspection,3631,19128,2,Lauraberg Auto Care,FALSE
SRV-003477,VEH-00788,10/06/2023,Brake Inspection,7263,126255,1,Lauraview Auto Care,FALSE
SRV-003478,VEH-00690,09/12/2024,Transmission Service,40388,14413,1,New Katherinechester Auto Care,FALSE
SRV-003479,VEH-01011,16/10/2022,Bodywork/Panel Repair,13780,69917,0,Martinside Auto Care,FALSE
SRV-003480,VEH-01575,11/07/2023,Brake Inspection,4755,37331,0,Dunnport Auto Care,FALSE
SRV-003481,VEH-01033,25/07/2026,Recall Fix,0,45944,2,Daughertymouth Auto Care,FALSE
SRV-003482,VEH-02349,23/07/2025,Brake Inspection,7222,36141,0,Turnermouth Auto Care,FALSE
SRV-003483,VEH-00265,13/08/2025,Transmission Service,51153,2919,3,Port Timothyshire Auto Care,FALSE
SRV-003484,VEH-00574,06/04/2023,Tire Rotation,2568,56704,0,South Anna Auto Care,TRUE
SRV-003485,VEH-00328,20/02/2023,Brake Inspection,6363,863,1,Madisonbury Auto Care,FALSE
SRV-003486,VEH-00606,20/11/2023,Transmission Service,16491,93831,1,Jeremiahside Auto Care,FALSE
SRV-003487,VEH-02118,01/01/2024,Wheel Alignment,1578,6356,2,North Cheryl Auto Care,FALSE
SRV-003488,VEH-01922,28/04/2023,Full Service,34444,29144,2,Guzmanhaven Auto Care,FALSE
SRV-003489,VEH-00399,26/11/2024,Battery Replacement,14014,50028,2,East David Auto Care,FALSE
SRV-003490,VEH-01884,06/10/2025,Bodywork/Panel Repair,46392,36101,3,Port Sherri Auto Care,FALSE
SRV-003491,VEH-00826,15/11/2024,Recall Fix,0,2200,1,Graceton Auto Care,FALSE
SRV-003492,VEH-02028,20/06/2025,Bodywork/Panel Repair,27401,5722,2,Ricardomouth Auto Care,TRUE
SRV-003493,VEH-00240,07/05/2025,Battery Replacement,19910,7851,3,East Jonathanton Auto Care,FALSE
SRV-003494,VEH-00164,08/03/2024,Oil Change,3868,69455,0,Samuelstad Auto Care,FALSE
SRV-003495,VEH-00458,26/01/2023,Suspension Repair,21898,12881,0,Burgessbury Auto Care,FALSE
SRV-003496,VEH-00442,13/01/2026,Suspension Repair,28830,53769,0,Sherryview Auto Care,FALSE
SRV-003497,VEH-01902,17/06/2026,AC Repair,19560,9177,1,Karenport Auto Care,TRUE
SRV-003498,VEH-00707,03/06/2026,Transmission Service,35962,69138,0,Port Gina Auto Care,TRUE
SRV-003499,VEH-01066,04/04/2025,Recall Fix,0,18645,3,Joshuastad Auto Care,TRUE
SRV-003500,VEH-01990,20/11/2023,Full Service,37784,5318,1,East Karenborough Auto Care,FALSE
SRV-003501,VEH-02067,16/01/2023,Transmission Service,45611,352,1,Port Shawnshire Auto Care,TRUE
SRV-003502,VEH-02795,13/05/2026,Brake Inspection,2108,46814,3,Sarahshire Auto Care,TRUE
SRV-003503,VEH-00181,26/12/2023,Wheel Alignment,2999,112386,0,Reginaburgh Auto Care,TRUE
SRV-003504,VEH-01478,22/04/2026,Full Service,36081,15667,1,East Claire Auto Care,FALSE
SRV-003505,VEH-01796,04/03/2025,Recall Fix,0,65473,2,Elizabethmouth Auto Care,FALSE
SRV-003506,VEH-02528,13/06/2026,Oil Change,3083,44009,3,Ericchester Auto Care,TRUE
SRV-003507,VEH-01027,20/11/2025,Bodywork/Panel Repair,59753,8355,0,North Melissa Auto Care,FALSE
SRV-003508,VEH-00411,08/05/2025,Recall Fix,0,35480,3,Madisonmouth Auto Care,FALSE
SRV-003509,VEH-01044,01/11/2022,Oil Change,4863,15175,0,Teresaside Auto Care,FALSE
SRV-003510,VEH-00712,05/07/2025,Transmission Service,40282,17020,2,Mckinneyland Auto Care,FALSE
SRV-003511,VEH-00102,26/06/2026,Tire Rotation,2750,84883,1,Gonzalezside Auto Care,FALSE
SRV-003512,VEH-01530,10/04/2026,Battery Replacement,19060,37277,0,New Ellen Auto Care,FALSE
SRV-003513,VEH-00467,02/01/2023,AC Repair,8790,9932,1,Lake Veronicashire Auto Care,FALSE
SRV-003514,VEH-00499,18/12/2025,Engine Diagnostic,2365,139989,3,West Curtis Auto Care,FALSE
SRV-003515,VEH-01059,07/03/2023,Wheel Alignment,2453,9179,0,Port Reneeshire Auto Care,FALSE
SRV-003516,VEH-01705,30/10/2025,Suspension Repair,43069,13759,0,Patrickbury Auto Care,FALSE
SRV-003517,VEH-00202,08/03/2023,Bodywork/Panel Repair,27957,14140,1,South Tiffanyfurt Auto Care,TRUE
SRV-003518,VEH-01896,21/04/2024,AC Repair,15232,2372,1,Peterchester Auto Care,TRUE
SRV-003519,VEH-00276,05/06/2026,Oil Change,3416,9688,2,North Brandon Auto Care,TRUE
SRV-003520,VEH-02276,17/08/2025,Oil Change,4340,42103,2,Loriborough Auto Care,FALSE
SRV-003521,VEH-00052,06/08/2023,Engine Diagnostic,3541,79621,1,Biancaton Auto Care,FALSE
SRV-003522,VEH-00185,26/01/2023,Bodywork/Panel Repair,90376,120794,1,Randyport Auto Care,TRUE
SRV-003523,VEH-02413,15/10/2022,Engine Diagnostic,4015,62232,3,Estradastad Auto Care,FALSE
SRV-003524,VEH-02998,18/04/2026,Wheel Alignment,1864,3606,3,Jennifershire Auto Care,FALSE
SRV-003525,VEH-01626,13/12/2023,AC Repair,23898,104529,3,West Sarahmouth Auto Care,TRUE
SRV-003526,VEH-01419,19/08/2023,Tire Rotation,1509,26001,0,Christineberg Auto Care,TRUE
SRV-003527,VEH-01278,02/09/2025,Transmission Service,25949,5100,0,Lake Erin Auto Care,FALSE
SRV-003528,VEH-02408,09/05/2025,Full Service,37377,163572,1,Burnettstad Auto Care,FALSE
SRV-003529,VEH-00140,11/12/2025,Bodywork/Panel Repair,30126,66757,0,Bergview Auto Care,TRUE
SRV-003530,VEH-00903,17/09/2025,Suspension Repair,41634,8800,1,Lake Phillipchester Auto Care,FALSE
SRV-003531,VEH-00348,25/08/2026,Wheel Alignment,2018,444,0,Robertfurt Auto Care,FALSE
SRV-003532,VEH-02291,06/12/2025,Transmission Service,47326,2103,3,Rachelfurt Auto Care,TRUE
SRV-003533,VEH-00190,20/01/2024,Tire Rotation,1791,25807,1,South Jasonfurt Auto Care,TRUE
SRV-003534,VEH-01172,03/04/2024,Recall Fix,0,10045,1,Williamville Auto Care,FALSE
SRV-003535,VEH-02163,21/08/2024,Recall Fix,0,8479,0,North Brianshire Auto Care,FALSE
SRV-003536,VEH-02402,28/03/2026,Wheel Alignment,2887,36173,0,Stevensfurt Auto Care,TRUE
SRV-003537,VEH-02033,13/04/2025,AC Repair,20221,39505,2,New Nicole Auto Care,FALSE
SRV-003538,VEH-02951,08/07/2023,Engine Diagnostic,4211,225124,0,Patriciachester Auto Care,FALSE
SRV-003539,VEH-00047,08/09/2026,AC Repair,22413,11023,1,East Larry Auto Care,FALSE
SRV-003540,VEH-00911,04/08/2023,Full Service,16789,4806,0,Burkeburgh Auto Care,TRUE
SRV-003541,VEH-01849,15/11/2024,Tire Rotation,1348,57867,0,Christopherchester Auto Care,FALSE
SRV-003542,VEH-02564,11/07/2023,AC Repair,12014,12240,0,South Carmen Auto Care,FALSE
SRV-003543,VEH-00158,11/12/2023,Transmission Service,58555,33044,1,Westport Auto Care,FALSE
SRV-003544,VEH-02899,11/01/2023,Full Service,12997,33530,1,Doylebury Auto Care,FALSE
SRV-003545,VEH-01800,16/09/2025,Wheel Alignment,1673,131479,3,South Jodi Auto Care,FALSE
SRV-003546,VEH-00398,21/12/2022,Bodywork/Panel Repair,19816,8896,1,North Stephanieside Auto Care,FALSE
SRV-003547,VEH-02905,17/07/2024,Battery Replacement,17381,1565,0,Reyeston Auto Care,TRUE
SRV-003548,VEH-00782,19/04/2024,Full Service,28878,26798,3,West Julie Auto Care,FALSE
SRV-003549,VEH-00020,28/02/2024,Battery Replacement,10902,12987,1,East Markside Auto Care,FALSE
SRV-003550,VEH-01278,22/04/2026,Battery Replacement,15126,294,2,South Emilystad Auto Care,FALSE
SRV-003551,VEH-02609,26/08/2026,Brake Inspection,2704,763,2,Cherylside Auto Care,FALSE
SRV-003552,VEH-02079,28/05/2025,Recall Fix,0,5705,3,Lake Ericaville Auto Care,FALSE
SRV-003553,VEH-01962,28/11/2024,Oil Change,3601,74825,1,Patrickside Auto Care,TRUE
SRV-003554,VEH-00772,01/02/2026,Wheel Alignment,2344,3299,1,Bennetthaven Auto Care,FALSE
SRV-003555,VEH-00542,30/07/2025,Suspension Repair,28862,59399,1,Melissafurt Auto Care,FALSE
SRV-003556,VEH-01455,14/01/2024,Wheel Alignment,3998,36809,3,Lloydtown Auto Care,FALSE
SRV-003557,VEH-02923,08/08/2023,Wheel Alignment,2423,1340,2,Walterborough Auto Care,FALSE
SRV-003558,VEH-01508,19/07/2025,Full Service,37633,6875,0,West David Auto Care,FALSE
SRV-003559,VEH-00597,19/01/2026,Bodywork/Panel Repair,74509,10535,0,Sullivanberg Auto Care,FALSE
SRV-003560,VEH-00327,09/11/2024,Bodywork/Panel Repair,44234,6268,2,New Tammyberg Auto Care,TRUE
SRV-003561,VEH-00898,08/02/2023,Bodywork/Panel Repair,50577,23835,2,Walkerfurt Auto Care,FALSE
SRV-003562,VEH-01424,30/11/2025,Engine Diagnostic,2716,4305,0,Tinachester Auto Care,FALSE
SRV-003563,VEH-01418,04/09/2024,Recall Fix,0,35188,0,New Brian Auto Care,FALSE
SRV-003564,VEH-02917,14/08/2026,Wheel Alignment,3916,8603,0,South Rebeccafort Auto Care,FALSE
SRV-003565,VEH-00146,18/08/2025,Suspension Repair,14025,13995,0,Toddborough Auto Care,FALSE
SRV-003566,VEH-01886,29/06/2024,AC Repair,23706,5628,0,Jenniferchester Auto Care,FALSE
SRV-003567,VEH-00024,20/01/2023,Bodywork/Panel Repair,32150,15269,1,Stephenchester Auto Care,TRUE
SRV-003568,VEH-02796,25/06/2024,Transmission Service,17443,58208,1,Heatherfort Auto Care,FALSE
SRV-003569,VEH-02869,29/05/2025,Tire Rotation,1675,6746,0,South Jonathanburgh Auto Care,FALSE
SRV-003570,VEH-01469,29/05/2023,Wheel Alignment,2620,26096,1,Rodriguezberg Auto Care,FALSE
SRV-003571,VEH-02990,19/03/2026,Recall Fix,0,53563,0,West Michelle Auto Care,FALSE
SRV-003572,VEH-01273,18/03/2025,AC Repair,23260,20324,0,Lisamouth Auto Care,FALSE
SRV-003573,VEH-01050,29/10/2025,Suspension Repair,13529,96849,1,Thompsonview Auto Care,FALSE
SRV-003574,VEH-00671,06/04/2025,AC Repair,12979,1401,0,South Russellside Auto Care,TRUE
SRV-003575,VEH-00570,15/10/2025,Oil Change,3387,17524,1,South Cole Auto Care,FALSE
SRV-003576,VEH-02818,19/02/2026,Transmission Service,24401,3798,0,North Bethmouth Auto Care,TRUE
SRV-003577,VEH-02805,22/08/2026,Engine Diagnostic,4014,16043,2,Huntland Auto Care,TRUE
SRV-003578,VEH-00305,14/02/2025,Wheel Alignment,1827,26738,1,East April Auto Care,FALSE
SRV-003579,VEH-01458,21/12/2025,Full Service,16601,15709,3,South Wandabury Auto Care,TRUE
SRV-003580,VEH-02331,03/06/2025,Full Service,17540,26869,0,Lake Darrell Auto Care,FALSE
SRV-003581,VEH-00979,29/05/2024,Brake Inspection,5101,126918,0,Montestown Auto Care,FALSE
SRV-003582,VEH-02432,07/03/2024,Engine Diagnostic,2627,7345,0,Port John Auto Care,FALSE
SRV-003583,VEH-00241,15/04/2026,Tire Rotation,2353,13512,3,New Kimberlyland Auto Care,FALSE
SRV-003584,VEH-02427,14/04/2025,Transmission Service,56392,109764,2,New Erica Auto Care,FALSE
SRV-003585,VEH-01920,24/12/2022,Suspension Repair,14339,52157,1,Carrollburgh Auto Care,TRUE
SRV-003586,VEH-01563,16/01/2024,Oil Change,3914,67753,0,Robertshire Auto Care,FALSE
SRV-003587,VEH-01351,07/02/2023,Oil Change,5532,44955,0,North Megantown Auto Care,FALSE
SRV-003588,VEH-00303,15/01/2025,Transmission Service,58090,7177,1,Baxterhaven Auto Care,FALSE
SRV-003589,VEH-01517,15/05/2024,Recall Fix,0,59598,0,New Heather Auto Care,FALSE
SRV-003590,VEH-01418,25/12/2025,Wheel Alignment,2806,7950,3,West Brianport Auto Care,TRUE
SRV-003591,VEH-00730,03/01/2026,Full Service,31098,52396,0,Connorfurt Auto Care,TRUE
SRV-003592,VEH-00491,19/01/2023,Brake Inspection,1507,19565,3,Sullivanville Auto Care,FALSE
SRV-003593,VEH-00465,04/08/2023,Full Service,39656,54998,1,South Jamesport Auto Care,FALSE
SRV-003594,VEH-02155,21/12/2024,Wheel Alignment,3792,15510,0,Jameschester Auto Care,FALSE
SRV-003595,VEH-01319,09/02/2023,Tire Rotation,2835,35811,1,West Kristentown Auto Care,FALSE
SRV-003596,VEH-02257,04/12/2024,Full Service,14936,41218,2,West Meganfort Auto Care,FALSE
SRV-003597,VEH-00269,16/07/2026,Bodywork/Panel Repair,67662,54395,0,Wendyshire Auto Care,FALSE
SRV-003598,VEH-00613,16/12/2024,Tire Rotation,2680,8759,0,Wardview Auto Care,TRUE
SRV-003599,VEH-02793,22/01/2026,Battery Replacement,15857,50234,1,East Kevinshire Auto Care,TRUE
SRV-003600,VEH-02917,09/10/2023,Battery Replacement,10400,21632,2,Jonesborough Auto Care,FALSE
SRV-003601,VEH-00917,09/01/2025,Brake Inspection,5398,106310,0,South Ashley Auto Care,FALSE
SRV-003602,VEH-01314,18/09/2023,Recall Fix,0,1752,1,Elizabethview Auto Care,FALSE
SRV-003603,VEH-01288,27/08/2025,Transmission Service,52565,29973,1,Matthewside Auto Care,FALSE
SRV-003604,VEH-02330,02/08/2026,Suspension Repair,10082,477,1,West Michelemouth Auto Care,FALSE
SRV-003605,VEH-02232,04/08/2026,Tire Rotation,1193,11046,1,Lake Bryan Auto Care,FALSE
SRV-003606,VEH-01415,07/04/2023,Battery Replacement,10283,1693,3,Davidland Auto Care,FALSE
SRV-003607,VEH-01538,29/12/2025,Suspension Repair,25958,30876,3,Isabelmouth Auto Care,TRUE
SRV-003608,VEH-00982,16/06/2025,Tire Rotation,2487,59273,1,Port Kenneth Auto Care,FALSE
SRV-003609,VEH-01676,08/11/2025,Tire Rotation,1794,23544,3,Colemanchester Auto Care,TRUE
SRV-003610,VEH-01275,24/08/2023,Suspension Repair,21015,137826,1,West Danielhaven Auto Care,FALSE
SRV-003611,VEH-01223,19/08/2026,Brake Inspection,1983,134635,3,South Jamesmouth Auto Care,FALSE
SRV-003612,VEH-00090,11/05/2025,Wheel Alignment,2009,18827,3,Perezland Auto Care,FALSE
SRV-003613,VEH-02351,10/09/2024,Bodywork/Panel Repair,50735,2238,1,East Karen Auto Care,FALSE
SRV-003614,VEH-00734,31/07/2023,Recall Fix,0,48154,3,Randybury Auto Care,FALSE
SRV-003615,VEH-01525,30/05/2024,Recall Fix,0,28422,3,Sethton Auto Care,FALSE
SRV-003616,VEH-01270,09/02/2026,Recall Fix,0,7765,1,West Ericabury Auto Care,FALSE
SRV-003617,VEH-00028,20/11/2023,Engine Diagnostic,3602,57667,2,North Wanda Auto Care,FALSE
SRV-003618,VEH-00559,22/07/2024,Brake Inspection,6087,4142,2,New Gregory Auto Care,FALSE
SRV-003619,VEH-01153,29/10/2025,Brake Inspection,2657,10512,1,Richardville Auto Care,TRUE
SRV-003620,VEH-02842,13/05/2026,AC Repair,17286,2590,1,West Lisa Auto Care,FALSE
SRV-003621,VEH-01264,02/10/2023,Battery Replacement,12958,98233,3,Susanland Auto Care,FALSE
SRV-003622,VEH-02058,11/01/2026,Engine Diagnostic,2181,1798,2,North Pamela Auto Care,FALSE
SRV-003623,VEH-01468,09/02/2024,Battery Replacement,8181,47048,0,Collinsberg Auto Care,FALSE
SRV-003624,VEH-01694,23/03/2026,Tire Rotation,2441,20178,3,East Daniellechester Auto Care,FALSE
SRV-003625,VEH-01409,30/09/2022,Oil Change,4554,77246,3,Gordonhaven Auto Care,FALSE
SRV-003626,VEH-00777,02/05/2025,Oil Change,5951,85738,3,Mirandahaven Auto Care,TRUE
SRV-003627,VEH-00453,23/08/2024,Suspension Repair,15293,87336,1,East Tonyastad Auto Care,FALSE
SRV-003628,VEH-01956,10/06/2024,Engine Diagnostic,3253,5089,3,Laurenmouth Auto Care,FALSE
SRV-003629,VEH-00042,25/06/2026,AC Repair,8210,36988,1,North Emma Auto Care,FALSE
SRV-003630,VEH-01358,12/12/2022,Oil Change,5447,3376,1,Sandersshire Auto Care,FALSE
SRV-003631,VEH-01935,20/09/2025,Wheel Alignment,3218,4430,1,South Anthonyshire Auto Care,FALSE
SRV-003632,VEH-01332,17/05/2024,Engine Diagnostic,4585,33766,1,New Audreymouth Auto Care,FALSE
SRV-003633,VEH-01383,14/01/2024,Oil Change,3085,7954,1,Jeremymouth Auto Care,TRUE
SRV-003634,VEH-01636,05/03/2026,Full Service,39822,107338,0,West Michael Auto Care,TRUE
SRV-003635,VEH-00381,09/07/2025,Engine Diagnostic,4157,8545,0,Morachester Auto Care,TRUE
SRV-003636,VEH-01835,18/09/2025,Battery Replacement,11343,27566,1,Port Michaelchester Auto Care,FALSE
SRV-003637,VEH-02415,13/08/2023,Oil Change,4726,47546,1,South Andrew Auto Care,FALSE
SRV-003638,VEH-02490,15/08/2025,Engine Diagnostic,4293,25606,0,North Karenland Auto Care,FALSE
SRV-003639,VEH-01820,29/04/2026,Full Service,15713,2608,2,Lake Frank Auto Care,FALSE
SRV-003640,VEH-01517,12/01/2023,Engine Diagnostic,4970,71961,1,East Andrew Auto Care,FALSE
SRV-003641,VEH-01041,10/07/2026,Suspension Repair,27430,202755,2,Crawfordchester Auto Care,FALSE
SRV-003642,VEH-01371,16/11/2024,AC Repair,19783,18400,0,Scottton Auto Care,FALSE
SRV-003643,VEH-00220,15/01/2025,Tire Rotation,2278,32547,0,South Brooketon Auto Care,FALSE
SRV-003644,VEH-01961,30/07/2023,Brake Inspection,4449,4163,1,Anthonyview Auto Care,TRUE
SRV-003645,VEH-00431,12/04/2023,Bodywork/Panel Repair,77398,1234,0,South Dustinmouth Auto Care,FALSE
SRV-003646,VEH-01065,03/11/2025,Tire Rotation,1624,21989,0,West Derrickside Auto Care,TRUE
SRV-003647,VEH-01790,20/02/2024,Oil Change,5712,134026,1,Lake Chasechester Auto Care,FALSE
SRV-003648,VEH-01245,20/12/2024,Wheel Alignment,3757,9197,1,New Ernest Auto Care,FALSE
SRV-003649,VEH-02589,12/03/2026,Engine Diagnostic,4303,1894,0,West Kristinefurt Auto Care,FALSE
SRV-003650,VEH-02419,03/11/2024,Recall Fix,0,2453,1,Allisonbury Auto Care,FALSE
SRV-003651,VEH-02740,24/07/2023,Suspension Repair,36717,70690,2,Paulfort Auto Care,FALSE
SRV-003652,VEH-00336,22/07/2024,Recall Fix,0,4749,2,Schmidtborough Auto Care,FALSE
SRV-003653,VEH-00285,19/12/2022,Wheel Alignment,1560,24045,0,Lake Tracyfort Auto Care,FALSE
SRV-003654,VEH-00630,18/10/2022,AC Repair,18327,46429,0,New Susan Auto Care,TRUE
SRV-003655,VEH-01514,12/02/2026,Bodywork/Panel Repair,76228,7790,0,Robertschester Auto Care,FALSE
SRV-003656,VEH-01113,06/05/2026,Engine Diagnostic,2242,127443,2,Jessemouth Auto Care,FALSE
SRV-003657,VEH-00976,22/10/2022,Tire Rotation,2969,2952,1,West Emily Auto Care,TRUE
SRV-003658,VEH-01894,12/11/2022,Engine Diagnostic,3491,50268,3,Josephmouth Auto Care,TRUE
SRV-003659,VEH-01117,20/01/2026,Tire Rotation,1116,44716,2,Jonside Auto Care,TRUE
SRV-003660,VEH-00224,12/10/2023,Recall Fix,0,4780,1,Cynthiaside Auto Care,FALSE
SRV-003661,VEH-02750,09/10/2024,Engine Diagnostic,2973,83919,0,Georgeton Auto Care,TRUE
SRV-003662,VEH-00849,17/03/2025,Suspension Repair,13966,87288,0,Jesusside Auto Care,FALSE
SRV-003663,VEH-00817,04/12/2022,Bodywork/Panel Repair,24523,40508,0,Kimberlymouth Auto Care,FALSE
SRV-003664,VEH-02236,25/04/2026,Wheel Alignment,1606,7513,3,Julieshire Auto Care,FALSE
SRV-003665,VEH-01462,27/11/2024,Tire Rotation,2051,6560,0,North Natalie Auto Care,TRUE
SRV-003666,VEH-01430,13/12/2024,Full Service,13767,103200,1,Carsonside Auto Care,FALSE
SRV-003667,VEH-00162,09/11/2022,Oil Change,3513,32193,0,Richardsonbury Auto Care,FALSE
SRV-003668,VEH-01669,04/03/2025,Battery Replacement,8826,8668,1,Lake Jacqueline Auto Care,FALSE
SRV-003669,VEH-01486,30/03/2025,Engine Diagnostic,3132,12927,0,Katiemouth Auto Care,FALSE
SRV-003670,VEH-00696,23/12/2025,Tire Rotation,2162,11607,2,Logantown Auto Care,TRUE
SRV-003671,VEH-01292,26/05/2026,Battery Replacement,17579,15917,1,Howardton Auto Care,TRUE
SRV-003672,VEH-01912,30/03/2025,Brake Inspection,6897,105545,0,New Tina Auto Care,FALSE
SRV-003673,VEH-02644,04/12/2025,Full Service,27762,2122,1,Kellyhaven Auto Care,FALSE
SRV-003674,VEH-01854,20/06/2026,Oil Change,5858,11794,1,Crystalborough Auto Care,FALSE
SRV-003675,VEH-00114,23/01/2026,Oil Change,5168,75156,1,Lake Michaelchester Auto Care,TRUE
SRV-003676,VEH-00439,20/09/2023,Transmission Service,50055,3010,1,Scottland Auto Care,FALSE
SRV-003677,VEH-00585,18/09/2026,Battery Replacement,9047,68796,3,Simpsonton Auto Care,FALSE
SRV-003678,VEH-01510,31/10/2023,Engine Diagnostic,2353,2530,2,Pearsonside Auto Care,FALSE
SRV-003679,VEH-02404,31/12/2022,Engine Diagnostic,3672,10206,2,Crystalport Auto Care,TRUE
SRV-003680,VEH-00868,19/10/2023,Battery Replacement,8588,35751,0,Kristinshire Auto Care,TRUE
SRV-003681,VEH-01206,19/06/2023,Oil Change,5858,65537,2,Xavierview Auto Care,FALSE
SRV-003682,VEH-01817,15/03/2025,Oil Change,4666,49042,1,West Amyside Auto Care,TRUE
SRV-003683,VEH-02587,22/08/2024,Battery Replacement,14703,73151,0,Markburgh Auto Care,FALSE
SRV-003684,VEH-01298,23/02/2023,Oil Change,3389,113534,3,North Kim Auto Care,FALSE
SRV-003685,VEH-02955,26/11/2022,Brake Inspection,5021,73021,0,Adrianafort Auto Care,FALSE
SRV-003686,VEH-00535,22/05/2024,Battery Replacement,13539,7856,2,Aguirreview Auto Care,FALSE
SRV-003687,VEH-02493,24/02/2026,AC Repair,17875,66613,0,Jonesview Auto Care,FALSE
SRV-003688,VEH-02016,01/05/2026,Full Service,32060,8914,3,South Marcusfort Auto Care,FALSE
SRV-003689,VEH-02905,01/01/2023,Engine Diagnostic,2038,234,3,Dalefort Auto Care,TRUE
SRV-003690,VEH-00245,25/07/2026,Tire Rotation,2651,64994,3,Hinesville Auto Care,TRUE
SRV-003691,VEH-02898,11/11/2022,Wheel Alignment,2845,67048,3,Richardborough Auto Care,FALSE
SRV-003692,VEH-01162,23/06/2026,Transmission Service,34374,10218,1,South Rebecca Auto Care,FALSE
SRV-003693,VEH-00359,28/04/2026,Wheel Alignment,2701,162821,1,Rodneyton Auto Care,TRUE
SRV-003694,VEH-00978,02/07/2023,Bodywork/Panel Repair,73108,2625,0,Rebeccafort Auto Care,FALSE
SRV-003695,VEH-01297,16/01/2025,Bodywork/Panel Repair,77699,26238,3,Rogersbury Auto Care,TRUE
SRV-003696,VEH-00270,28/02/2024,Tire Rotation,2594,1014,3,Arnoldchester Auto Care,FALSE
SRV-003697,VEH-00492,25/05/2024,Tire Rotation,1516,14168,0,Valenzuelachester Auto Care,FALSE
SRV-003698,VEH-01354,21/04/2026,Transmission Service,39753,32796,0,East Samanthaville Auto Care,FALSE
SRV-003699,VEH-00354,17/03/2023,Transmission Service,43574,7038,1,West Marc Auto Care,FALSE
SRV-003700,VEH-02759,24/07/2024,Engine Diagnostic,2567,7215,0,West Nicholefort Auto Care,FALSE
SRV-003701,VEH-00990,02/05/2025,Tire Rotation,2763,25026,1,Rachelville Auto Care,FALSE
SRV-003702,VEH-01422,19/01/2025,Suspension Repair,28655,26863,3,Carlchester Auto Care,FALSE
SRV-003703,VEH-01009,30/11/2024,Brake Inspection,7735,51211,0,Lake Eric Auto Care,TRUE
SRV-003704,VEH-03000,21/11/2025,Transmission Service,46475,50379,1,Davidside Auto Care,FALSE
SRV-003705,VEH-02159,28/03/2025,Oil Change,5469,5556,2,New Douglasbury Auto Care,FALSE
SRV-003706,VEH-01591,18/10/2024,Wheel Alignment,2172,60876,1,North Nathanielchester Auto Care,FALSE
SRV-003707,VEH-01556,13/10/2022,Oil Change,3789,27267,1,East Jeremiah Auto Care,TRUE
SRV-003708,VEH-02680,26/04/2025,Wheel Alignment,3103,44349,0,West Seanbury Auto Care,FALSE
SRV-003709,VEH-02758,20/05/2023,Transmission Service,33454,87663,0,Buchananburgh Auto Care,FALSE
SRV-003710,VEH-00427,14/04/2023,Transmission Service,52333,35050,1,Jamesfort Auto Care,FALSE
SRV-003711,VEH-02344,29/08/2026,Brake Inspection,1541,34597,1,Susanville Auto Care,FALSE
SRV-003712,VEH-01063,04/03/2023,AC Repair,9358,69952,1,Andersonshire Auto Care,FALSE
SRV-003713,VEH-01307,24/05/2024,Tire Rotation,1793,49129,2,Pughhaven Auto Care,FALSE
SRV-003714,VEH-02870,20/04/2024,Tire Rotation,1053,27378,2,North Josephmouth Auto Care,FALSE
SRV-003715,VEH-00223,11/08/2024,Tire Rotation,2644,10767,3,Flowersfurt Auto Care,TRUE
SRV-003716,VEH-01463,06/08/2023,Battery Replacement,15014,3032,0,Lake Leslieborough Auto Care,FALSE
SRV-003717,VEH-01441,17/12/2024,Suspension Repair,39775,2032,2,New Lauraberg Auto Care,FALSE
SRV-003718,VEH-02613,02/07/2025,Suspension Repair,13229,118198,0,Dixonfurt Auto Care,FALSE
SRV-003719,VEH-01430,24/06/2026,Suspension Repair,18747,106798,2,North Aprilshire Auto Care,FALSE
SRV-003720,VEH-01249,05/01/2023,Battery Replacement,12293,7989,0,New Jerry Auto Care,FALSE
SRV-003721,VEH-01475,10/10/2025,Tire Rotation,2509,4527,0,Kendraview Auto Care,FALSE
SRV-003722,VEH-02199,21/11/2022,Suspension Repair,36838,14500,0,South Danielle Auto Care,FALSE
SRV-003723,VEH-00003,24/03/2026,Engine Diagnostic,3526,138343,1,Lake Williambury Auto Care,FALSE
SRV-003724,VEH-01672,25/02/2024,Wheel Alignment,2148,8518,1,Campbellborough Auto Care,TRUE
SRV-003725,VEH-00966,30/04/2024,Wheel Alignment,3183,21829,1,Brucehaven Auto Care,FALSE
SRV-003726,VEH-02772,10/02/2026,Suspension Repair,21164,3101,1,Kimberlyside Auto Care,FALSE
SRV-003727,VEH-02671,20/12/2023,Transmission Service,52317,3966,2,Port Aaron Auto Care,FALSE
SRV-003728,VEH-00137,02/05/2025,Full Service,30071,12416,1,Courtneyburgh Auto Care,TRUE
SRV-003729,VEH-01485,16/11/2024,Brake Inspection,5594,5098,1,Pricemouth Auto Care,FALSE
SRV-003730,VEH-01761,01/08/2025,Recall Fix,0,31472,1,Ryanmouth Auto Care,FALSE
SRV-003731,VEH-01535,14/09/2023,Tire Rotation,2506,10757,0,Ortizhaven Auto Care,FALSE
SRV-003732,VEH-01343,22/01/2023,Brake Inspection,3924,9307,1,Taraborough Auto Care,FALSE
SRV-003733,VEH-00055,11/12/2025,Engine Diagnostic,4668,69926,0,Lake Kristopher Auto Care,TRUE
SRV-003734,VEH-02292,08/02/2023,Transmission Service,16930,115358,1,Lake Pam Auto Care,FALSE
SRV-003735,VEH-02125,23/10/2024,Wheel Alignment,3962,66168,0,East Leah Auto Care,FALSE
SRV-003736,VEH-01381,01/06/2024,AC Repair,10189,4969,0,Maryhaven Auto Care,FALSE
SRV-003737,VEH-01508,23/02/2023,Brake Inspection,5425,19265,2,Kyleside Auto Care,FALSE
SRV-003738,VEH-02371,28/02/2025,Suspension Repair,34310,115993,2,Port Tammietown Auto Care,TRUE
SRV-003739,VEH-01179,13/12/2024,Recall Fix,0,2370,2,Donaldmouth Auto Care,FALSE
SRV-003740,VEH-00731,23/09/2023,Battery Replacement,15037,51959,2,Chelseyville Auto Care,TRUE
SRV-003741,VEH-02842,02/03/2025,Suspension Repair,36089,28912,1,North Leslie Auto Care,FALSE
SRV-003742,VEH-00780,29/07/2025,Recall Fix,0,1173,0,Montoyaview Auto Care,FALSE
SRV-003743,VEH-02901,24/09/2025,Bodywork/Panel Repair,36354,64404,0,Jenniferburgh Auto Care,FALSE
SRV-003744,VEH-02029,17/02/2025,Brake Inspection,3979,72451,1,Millerburgh Auto Care,FALSE
SRV-003745,VEH-02699,15/10/2022,Full Service,38653,23015,0,Eddiehaven Auto Care,FALSE
SRV-003746,VEH-02730,20/08/2024,Battery Replacement,10487,82700,1,North Davidton Auto Care,TRUE
SRV-003747,VEH-01512,03/05/2024,Engine Diagnostic,3313,19347,1,West Ronald Auto Care,FALSE
SRV-003748,VEH-02456,08/12/2025,Oil Change,4258,15408,3,Edwinland Auto Care,TRUE
SRV-003749,VEH-02537,29/05/2025,Suspension Repair,38268,55092,1,Port Edward Auto Care,TRUE
SRV-003750,VEH-01544,16/06/2024,Battery Replacement,19518,142,1,West Kelly Auto Care,TRUE
SRV-003751,VEH-02517,11/09/2024,Wheel Alignment,3989,15681,1,Marshberg Auto Care,FALSE
SRV-003752,VEH-00265,23/10/2025,Full Service,32203,2942,1,South Robertstad Auto Care,TRUE
SRV-003753,VEH-02071,04/11/2023,Suspension Repair,11673,2695,1,Samanthachester Auto Care,FALSE
SRV-003754,VEH-01520,23/01/2026,Bodywork/Panel Repair,46151,1094,2,Brownborough Auto Care,FALSE
SRV-003755,VEH-02867,10/08/2024,Brake Inspection,3426,49716,1,South Brandonton Auto Care,FALSE
SRV-003756,VEH-00981,21/02/2025,Recall Fix,0,42777,3,Teresastad Auto Care,FALSE
SRV-003757,VEH-00857,16/10/2024,Full Service,35193,2998,2,Jesushaven Auto Care,FALSE
SRV-003758,VEH-02048,24/06/2026,Transmission Service,27962,1051,2,West Kimberly Auto Care,FALSE
SRV-003759,VEH-00727,29/08/2024,Full Service,25758,8110,0,Gwendolynmouth Auto Care,FALSE
SRV-003760,VEH-00055,17/02/2023,Recall Fix,0,56383,1,South Deborahland Auto Care,FALSE
SRV-003761,VEH-01120,26/04/2026,Recall Fix,0,73579,0,Melissafurt Auto Care,TRUE
SRV-003762,VEH-01006,12/05/2025,Bodywork/Panel Repair,49459,39212,1,Lake Bryanfort Auto Care,FALSE
SRV-003763,VEH-00836,25/04/2026,Recall Fix,0,62350,2,New Annmouth Auto Care,FALSE
SRV-003764,VEH-00543,19/08/2026,Wheel Alignment,2005,22047,0,West Andreaville Auto Care,FALSE
SRV-003765,VEH-00230,24/12/2024,Tire Rotation,1663,5194,3,Taylorborough Auto Care,FALSE
SRV-003766,VEH-02967,19/09/2024,Recall Fix,0,22686,0,Brianmouth Auto Care,FALSE
SRV-003767,VEH-01165,09/01/2023,Oil Change,4567,44500,0,Thomasstad Auto Care,FALSE
SRV-003768,VEH-02377,20/05/2026,Recall Fix,0,5842,0,Hatfieldburgh Auto Care,FALSE
SRV-003769,VEH-02056,22/12/2025,Recall Fix,0,29,2,North Stephanietown Auto Care,TRUE
SRV-003770,VEH-00685,01/11/2023,Bodywork/Panel Repair,63851,65960,3,Mannland Auto Care,FALSE
SRV-003771,VEH-00022,02/02/2026,Recall Fix,0,96190,0,Bradleymouth Auto Care,FALSE
SRV-003772,VEH-01274,18/07/2026,Engine Diagnostic,3568,1810,1,Blackshire Auto Care,FALSE
SRV-003773,VEH-02473,24/11/2022,Battery Replacement,18054,11636,2,East Racheltown Auto Care,FALSE
SRV-003774,VEH-02225,07/07/2026,Oil Change,5952,27512,1,Gambleland Auto Care,TRUE
SRV-003775,VEH-02978,03/09/2026,Brake Inspection,1957,106972,1,Rodneyborough Auto Care,FALSE
SRV-003776,VEH-02190,29/03/2025,Transmission Service,47478,64949,2,North Donaldmouth Auto Care,FALSE
SRV-003777,VEH-00376,05/06/2025,Full Service,34511,1166,1,Glennfort Auto Care,FALSE
SRV-003778,VEH-01798,13/02/2026,Wheel Alignment,3492,11548,1,South Tricia Auto Care,FALSE
SRV-003779,VEH-01153,14/07/2024,Transmission Service,15450,5504,1,East Daniel Auto Care,TRUE
SRV-003780,VEH-02403,04/06/2026,Wheel Alignment,1816,61628,3,Thomasland Auto Care,TRUE
SRV-003781,VEH-00187,10/05/2023,Tire Rotation,1765,17497,1,Jenningsstad Auto Care,TRUE
SRV-003782,VEH-00651,28/06/2026,Wheel Alignment,2729,27919,0,Mckeeburgh Auto Care,FALSE
SRV-003783,VEH-01893,22/05/2025,Battery Replacement,12764,585,1,South Paul Auto Care,FALSE
SRV-003784,VEH-01158,05/06/2023,Tire Rotation,2005,65821,1,South Dennis Auto Care,FALSE
SRV-003785,VEH-01944,18/02/2023,Transmission Service,43162,8,1,West Donald Auto Care,TRUE
SRV-003786,VEH-02376,03/03/2023,Suspension Repair,14033,4015,2,Jenniferfort Auto Care,TRUE
SRV-003787,VEH-01312,05/08/2024,Bodywork/Panel Repair,94333,45773,1,North Dylan Auto Care,TRUE
SRV-003788,VEH-01780,02/04/2025,Suspension Repair,12693,16134,2,Keyhaven Auto Care,FALSE
SRV-003789,VEH-00916,15/03/2023,AC Repair,5986,24522,2,New Andrewville Auto Care,FALSE
SRV-003790,VEH-00537,27/03/2025,Transmission Service,40916,12336,1,Wattsside Auto Care,FALSE
SRV-003791,VEH-00753,20/02/2024,Wheel Alignment,1581,14668,3,West Brittany Auto Care,FALSE
SRV-003792,VEH-02872,21/07/2023,Wheel Alignment,2392,26432,3,Saraburgh Auto Care,TRUE
SRV-003793,VEH-01813,07/08/2025,Brake Inspection,3152,31890,0,Wrightport Auto Care,FALSE
SRV-003794,VEH-01120,19/08/2024,Full Service,13347,100873,1,West Mark Auto Care,FALSE
SRV-003795,VEH-02058,15/05/2025,Engine Diagnostic,4859,14218,3,New Abigailside Auto Care,TRUE
SRV-003796,VEH-01523,20/03/2023,Brake Inspection,6081,19373,0,East Ashley Auto Care,FALSE
SRV-003797,VEH-00516,01/02/2026,Engine Diagnostic,2468,8296,0,Hernandezberg Auto Care,FALSE
SRV-003798,VEH-02415,02/02/2025,Engine Diagnostic,3731,45501,1,Lake Kathryn Auto Care,TRUE
SRV-003799,VEH-02605,14/05/2025,AC Repair,12346,51539,1,Lake Holly Auto Care,TRUE
SRV-003800,VEH-00512,05/09/2024,Recall Fix,0,70350,0,Kevinborough Auto Care,TRUE
SRV-003801,VEH-00286,26/06/2026,Bodywork/Panel Repair,28386,9185,1,Williamsmouth Auto Care,TRUE
SRV-003802,VEH-02702,13/12/2023,Brake Inspection,6150,2628,0,Anthonymouth Auto Care,FALSE
SRV-003803,VEH-01100,31/08/2025,Engine Diagnostic,3140,52973,0,Tomstad Auto Care,FALSE
SRV-003804,VEH-00746,21/07/2023,AC Repair,7650,39929,1,West Tina Auto Care,FALSE
SRV-003805,VEH-00675,26/08/2026,Tire Rotation,2775,5653,1,South Valerie Auto Care,FALSE
SRV-003806,VEH-01425,15/05/2025,Suspension Repair,21930,27224,0,Port Thomasburgh Auto Care,FALSE
SRV-003807,VEH-01779,25/10/2025,Bodywork/Panel Repair,106953,5038,2,Brandyville Auto Care,FALSE
SRV-003808,VEH-01370,30/11/2023,Recall Fix,0,1405,1,North Hannahville Auto Care,FALSE
SRV-003809,VEH-01048,28/09/2024,Transmission Service,41787,27461,0,Palmerchester Auto Care,TRUE
SRV-003810,VEH-02037,04/11/2024,AC Repair,8985,79546,1,Jodifurt Auto Care,FALSE
SRV-003811,VEH-00141,17/08/2026,Battery Replacement,18621,78926,2,North Joshuamouth Auto Care,FALSE
SRV-003812,VEH-00691,05/12/2025,Bodywork/Panel Repair,21859,50434,2,Matthewport Auto Care,TRUE
SRV-003813,VEH-02342,01/05/2023,Wheel Alignment,2482,24862,2,Hensleybury Auto Care,FALSE
SRV-003814,VEH-01572,18/09/2024,Wheel Alignment,2492,20479,0,South Jared Auto Care,FALSE
SRV-003815,VEH-01884,29/07/2026,AC Repair,21728,36149,1,Sweeneyshire Auto Care,FALSE
SRV-003816,VEH-00170,14/06/2026,Battery Replacement,15377,27199,1,Jamesberg Auto Care,FALSE
SRV-003817,VEH-01126,28/10/2023,Oil Change,4130,3036,0,Joshuafort Auto Care,FALSE
SRV-003818,VEH-02233,24/10/2025,AC Repair,8891,12340,1,East Samanthafurt Auto Care,FALSE
SRV-003819,VEH-01735,06/08/2026,Wheel Alignment,3227,18953,0,Shariport Auto Care,FALSE
SRV-003820,VEH-02159,30/06/2025,Suspension Repair,40570,2116,0,South Carla Auto Care,FALSE
SRV-003821,VEH-01931,01/09/2026,Suspension Repair,32996,1552,0,North Bethanyberg Auto Care,FALSE
SRV-003822,VEH-01011,16/03/2024,Oil Change,4930,67613,1,Joeport Auto Care,TRUE
SRV-003823,VEH-00383,25/11/2025,Full Service,27256,34485,1,East Carolyntown Auto Care,TRUE
SRV-003824,VEH-02415,23/11/2024,Transmission Service,48216,61005,0,Joelfort Auto Care,FALSE
SRV-003825,VEH-01122,30/10/2022,Oil Change,5105,17412,1,Alvaradoton Auto Care,TRUE
SRV-003826,VEH-01448,23/01/2023,Full Service,37033,21406,0,Port Troy Auto Care,FALSE
SRV-003827,VEH-02688,03/02/2025,Bodywork/Panel Repair,79027,85883,2,Whitakerside Auto Care,FALSE
SRV-003828,VEH-02785,07/03/2026,Engine Diagnostic,3465,15424,0,South Mary Auto Care,FALSE
SRV-003829,VEH-00402,02/08/2026,Transmission Service,33155,325,1,Jamesberg Auto Care,FALSE
SRV-003830,VEH-00807,08/11/2023,Bodywork/Panel Repair,73815,25819,1,Jonesmouth Auto Care,FALSE
SRV-003831,VEH-02440,18/10/2025,Brake Inspection,1622,31612,2,North Amy Auto Care,FALSE
SRV-003832,VEH-02894,31/10/2022,Brake Inspection,6331,671,0,Elizabethfort Auto Care,FALSE
SRV-003833,VEH-01893,29/04/2025,Battery Replacement,19126,7547,2,Valeriemouth Auto Care,TRUE
SRV-003834,VEH-01031,24/11/2022,Tire Rotation,1051,25025,2,Kristenmouth Auto Care,FALSE
SRV-003835,VEH-02607,23/03/2025,Suspension Repair,17463,51948,2,Cassiechester Auto Care,TRUE
SRV-003836,VEH-01800,21/12/2025,Bodywork/Panel Repair,87498,101411,0,East Sarahchester Auto Care,FALSE
SRV-003837,VEH-01049,06/06/2025,Oil Change,4917,12272,0,South Tiffany Auto Care,FALSE
SRV-003838,VEH-02858,11/07/2026,AC Repair,23255,72412,2,Jonesstad Auto Care,FALSE
SRV-003839,VEH-00747,26/11/2022,Transmission Service,30774,45804,2,Port Carolfort Auto Care,FALSE
SRV-003840,VEH-02694,01/03/2026,Battery Replacement,10155,57884,0,New Courtneybury Auto Care,FALSE
SRV-003841,VEH-00686,10/08/2024,Oil Change,5482,24004,2,New Olivia Auto Care,FALSE
SRV-003842,VEH-01160,11/09/2024,Transmission Service,48189,19842,0,Cowanview Auto Care,FALSE
SRV-003843,VEH-02127,05/10/2022,Brake Inspection,7427,9973,0,Thomasmouth Auto Care,FALSE
SRV-003844,VEH-02207,12/04/2024,AC Repair,20779,22765,1,North Kristen Auto Care,FALSE
SRV-003845,VEH-01578,17/10/2025,Brake Inspection,6341,3471,1,West Joanport Auto Care,TRUE
SRV-003846,VEH-02583,08/02/2024,Full Service,38856,6508,2,South Kerrybury Auto Care,FALSE
SRV-003847,VEH-01720,01/09/2025,Bodywork/Panel Repair,48674,145306,3,New Amanda Auto Care,TRUE
SRV-003848,VEH-02123,17/05/2024,Full Service,15868,576,3,Rasmussenton Auto Care,FALSE
SRV-003849,VEH-01850,04/04/2025,Full Service,28130,8395,1,Kingville Auto Care,TRUE
SRV-003850,VEH-01658,08/05/2026,Bodywork/Panel Repair,43104,48239,1,Arnoldberg Auto Care,FALSE
SRV-003851,VEH-01174,03/01/2026,Wheel Alignment,3372,13020,0,Crossfort Auto Care,FALSE
SRV-003852,VEH-02878,06/09/2026,Transmission Service,17994,42883,1,New Emilyside Auto Care,TRUE
SRV-003853,VEH-02358,22/01/2025,Oil Change,4474,6141,3,Morrowborough Auto Care,FALSE
SRV-003854,VEH-02060,15/12/2022,Wheel Alignment,1964,106524,2,Petersonstad Auto Care,FALSE
SRV-003855,VEH-02196,07/04/2026,Transmission Service,54404,98832,2,Poolechester Auto Care,FALSE
SRV-003856,VEH-02016,02/04/2026,Recall Fix,0,6686,3,South Leviside Auto Care,TRUE
SRV-003857,VEH-01968,22/10/2023,Engine Diagnostic,3691,8361,1,Lake Laurentown Auto Care,FALSE
SRV-003858,VEH-00536,22/11/2022,Battery Replacement,17437,48549,0,East Frank Auto Care,TRUE
SRV-003859,VEH-02727,20/06/2024,Tire Rotation,2713,20937,1,Richardtown Auto Care,FALSE
SRV-003860,VEH-00005,09/07/2024,Recall Fix,0,61783,3,Freemanhaven Auto Care,FALSE
SRV-003861,VEH-01722,04/10/2023,Bodywork/Panel Repair,33898,13553,0,Deleonshire Auto Care,FALSE
SRV-003862,VEH-02469,26/05/2025,Wheel Alignment,3687,2516,3,Jennifertown Auto Care,TRUE
SRV-003863,VEH-00730,05/07/2023,Recall Fix,0,39664,1,New Richard Auto Care,FALSE
SRV-003864,VEH-00736,21/10/2025,Battery Replacement,9789,50970,3,East Ryanberg Auto Care,FALSE
SRV-003865,VEH-00979,12/04/2026,AC Repair,14555,104312,1,East Charlesville Auto Care,FALSE
SRV-003866,VEH-01273,28/05/2025,Wheel Alignment,3286,9314,2,East Julia Auto Care,TRUE
SRV-003867,VEH-02397,28/01/2024,Wheel Alignment,1924,7585,0,Lake Kristenmouth Auto Care,FALSE
SRV-003868,VEH-00008,24/06/2023,Bodywork/Panel Repair,98508,19281,0,West Taylor Auto Care,TRUE
SRV-003869,VEH-00773,29/07/2023,Suspension Repair,12432,75844,0,Youngchester Auto Care,FALSE
SRV-003870,VEH-00857,29/12/2024,Suspension Repair,29564,9595,2,East Jeffreymouth Auto Care,FALSE
SRV-003871,VEH-02640,02/09/2025,Brake Inspection,6833,55960,0,East Meagan Auto Care,TRUE
SRV-003872,VEH-01385,28/04/2023,Suspension Repair,31019,64851,0,Williamsland Auto Care,FALSE
SRV-003873,VEH-00586,08/06/2025,Suspension Repair,35124,54022,3,New Danielleburgh Auto Care,FALSE
SRV-003874,VEH-02745,21/08/2026,Engine Diagnostic,2527,2849,1,North Timothy Auto Care,TRUE
SRV-003875,VEH-00450,19/12/2024,Battery Replacement,13976,4040,2,Port Charlesberg Auto Care,TRUE
SRV-003876,VEH-02180,11/06/2023,Brake Inspection,1934,972,0,East Josephborough Auto Care,FALSE
SRV-003877,VEH-02320,28/11/2025,Brake Inspection,4135,391,0,Bellberg Auto Care,TRUE
SRV-003878,VEH-02351,29/03/2026,Battery Replacement,16377,3548,2,North Chrismouth Auto Care,FALSE
SRV-003879,VEH-01129,23/02/2026,Full Service,17237,48419,1,Marvinton Auto Care,FALSE
SRV-003880,VEH-02819,26/10/2025,Suspension Repair,17922,16378,1,Janeton Auto Care,FALSE
SRV-003881,VEH-01839,29/03/2025,Brake Inspection,3252,389,0,North Cathymouth Auto Care,FALSE
SRV-003882,VEH-02516,26/03/2023,Engine Diagnostic,2232,37929,1,Williamhaven Auto Care,FALSE
SRV-003883,VEH-02234,25/02/2026,Engine Diagnostic,3605,22280,2,Courtneyland Auto Care,FALSE
SRV-003884,VEH-00672,07/09/2025,Brake Inspection,7899,59156,0,Port Nataliemouth Auto Care,FALSE
SRV-003885,VEH-00227,01/11/2022,Full Service,32339,32033,0,Danielburgh Auto Care,FALSE
SRV-003886,VEH-00579,26/10/2025,Battery Replacement,16047,97199,1,Brianland Auto Care,FALSE
SRV-003887,VEH-02527,21/03/2023,Suspension Repair,18891,50501,1,New Stanley Auto Care,TRUE
SRV-003888,VEH-02934,27/12/2025,Transmission Service,44738,37351,2,Brianhaven Auto Care,FALSE
SRV-003889,VEH-02696,05/07/2023,Transmission Service,37401,190605,3,Mcdonaldton Auto Care,FALSE
SRV-003890,VEH-01440,26/07/2023,Oil Change,3836,765,1,New Toddside Auto Care,FALSE
SRV-003891,VEH-01038,08/10/2022,Suspension Repair,30227,8833,1,Jensenville Auto Care,TRUE
SRV-003892,VEH-02648,11/12/2023,AC Repair,14867,12756,1,South Rhonda Auto Care,FALSE
SRV-003893,VEH-01805,11/03/2023,Engine Diagnostic,2246,25464,1,North Joshuaville Auto Care,TRUE
SRV-003894,VEH-00882,09/01/2024,Recall Fix,0,44319,1,West Patrickside Auto Care,TRUE
SRV-003895,VEH-01219,13/11/2024,Bodywork/Panel Repair,82274,86841,0,Port Troychester Auto Care,FALSE
SRV-003896,VEH-02981,03/01/2023,Bodywork/Panel Repair,106456,254474,1,New Michaelbury Auto Care,FALSE
SRV-003897,VEH-00976,10/02/2026,Brake Inspection,4222,3635,3,Amberbury Auto Care,FALSE
SRV-003898,VEH-01206,06/03/2024,AC Repair,6336,48537,3,Port Erikmouth Auto Care,FALSE
SRV-003899,VEH-01732,17/06/2026,Engine Diagnostic,3261,94378,3,South Julie Auto Care,TRUE
SRV-003900,VEH-01840,06/01/2024,AC Repair,9568,6248,0,Mendezton Auto Care,TRUE
SRV-003901,VEH-01301,28/03/2024,Battery Replacement,12280,50262,1,Port Jerome Auto Care,FALSE
SRV-003902,VEH-00870,22/07/2023,Battery Replacement,16571,2128,3,Thomastown Auto Care,FALSE
SRV-003903,VEH-00305,27/02/2026,Engine Diagnostic,4038,27887,1,South Andreastad Auto Care,TRUE
SRV-003904,VEH-01318,04/11/2025,Recall Fix,0,266988,0,Leefurt Auto Care,FALSE
SRV-003905,VEH-01901,09/09/2026,Wheel Alignment,1626,149630,1,Meganstad Auto Care,FALSE
SRV-003906,VEH-02094,23/12/2024,Battery Replacement,13362,9569,2,Williamland Auto Care,FALSE
SRV-003907,VEH-01307,28/02/2023,Engine Diagnostic,3411,53974,1,Michaelfort Auto Care,TRUE
SRV-003908,VEH-02614,04/02/2023,Tire Rotation,1638,56662,1,Holdenmouth Auto Care,TRUE
SRV-003909,VEH-01986,28/04/2026,Recall Fix,0,94604,1,Wardchester Auto Care,TRUE
SRV-003910,VEH-02155,20/07/2026,Full Service,29476,24567,0,Blankenshipmouth Auto Care,FALSE
SRV-003911,VEH-01991,14/01/2023,Tire Rotation,2162,34779,0,Port Lisafurt Auto Care,FALSE
SRV-003912,VEH-01460,05/03/2023,Full Service,12984,4767,0,West Geraldton Auto Care,TRUE
SRV-003913,VEH-02191,19/10/2023,Wheel Alignment,3696,34258,0,South Jamiestad Auto Care,FALSE
SRV-003914,VEH-02221,24/09/2023,Transmission Service,38893,48344,2,Ricehaven Auto Care,TRUE
SRV-003915,VEH-01170,05/01/2023,Oil Change,5308,82841,3,Cindymouth Auto Care,FALSE
SRV-003916,VEH-00883,06/01/2025,Full Service,13821,20599,2,North Jenniferside Auto Care,TRUE
SRV-003917,VEH-00047,14/05/2024,Bodywork/Panel Repair,40320,10079,0,South Cassidyton Auto Care,FALSE
SRV-003918,VEH-01610,25/03/2026,Engine Diagnostic,2677,14494,2,Johnmouth Auto Care,FALSE
SRV-003919,VEH-00832,16/02/2024,Bodywork/Panel Repair,49277,18683,3,Brucemouth Auto Care,FALSE
SRV-003920,VEH-02959,01/01/2024,Engine Diagnostic,4496,54830,1,West Kevinport Auto Care,FALSE
SRV-003921,VEH-01076,29/09/2023,AC Repair,19095,3285,3,Juanburgh Auto Care,TRUE
SRV-003922,VEH-00249,08/06/2024,Engine Diagnostic,2746,39648,1,Thompsonborough Auto Care,FALSE
SRV-003923,VEH-01152,10/04/2025,Suspension Repair,25809,109347,1,Codyhaven Auto Care,FALSE
SRV-003924,VEH-02149,12/03/2023,Oil Change,4860,35903,1,New Nicole Auto Care,FALSE
SRV-003925,VEH-00753,23/09/2023,Brake Inspection,2662,18966,1,West Robin Auto Care,TRUE
SRV-003926,VEH-02216,13/06/2026,Recall Fix,0,196419,2,Stacymouth Auto Care,FALSE
SRV-003927,VEH-01928,18/08/2026,Tire Rotation,2681,28813,1,Rachelshire Auto Care,FALSE
SRV-003928,VEH-00510,19/11/2025,Oil Change,4910,1169,0,South Steven Auto Care,TRUE
SRV-003929,VEH-01322,14/08/2025,Battery Replacement,9004,11223,0,Davisstad Auto Care,FALSE
SRV-003930,VEH-01445,01/01/2025,Tire Rotation,2619,40468,0,Wilsonfurt Auto Care,FALSE
SRV-003931,VEH-02859,01/11/2022,Oil Change,5493,35730,3,North Jamieville Auto Care,FALSE
SRV-003932,VEH-02468,07/10/2023,Engine Diagnostic,3877,27955,0,Masonland Auto Care,FALSE
SRV-003933,VEH-00847,21/02/2026,Tire Rotation,2013,76527,1,Barrettmouth Auto Care,FALSE
SRV-003934,VEH-01521,26/07/2025,Bodywork/Panel Repair,60597,13990,1,New Melissa Auto Care,FALSE
SRV-003935,VEH-01109,25/12/2022,Oil Change,4899,154633,2,Port Shannonfort Auto Care,TRUE
SRV-003936,VEH-02461,02/05/2023,Engine Diagnostic,3455,734,0,Angelaton Auto Care,FALSE
SRV-003937,VEH-00553,16/03/2026,Full Service,20236,133125,1,New Daniellechester Auto Care,FALSE
SRV-003938,VEH-02355,13/07/2023,Oil Change,4396,45813,1,Anthonyview Auto Care,FALSE
SRV-003939,VEH-01260,21/06/2024,Battery Replacement,14529,88796,2,Estradatown Auto Care,FALSE
SRV-003940,VEH-01169,27/02/2024,Tire Rotation,1339,119649,2,South Zacharytown Auto Care,FALSE
SRV-003941,VEH-00057,19/09/2026,Wheel Alignment,2285,20728,0,Port Michael Auto Care,FALSE
SRV-003942,VEH-01528,22/04/2024,Full Service,27741,284,0,Port William Auto Care,FALSE
SRV-003943,VEH-00572,01/01/2026,AC Repair,20282,2901,1,Gonzalezside Auto Care,TRUE
SRV-003944,VEH-02160,09/11/2023,Battery Replacement,13967,7981,0,South Donnaview Auto Care,FALSE
SRV-003945,VEH-01129,29/06/2026,Full Service,12973,36748,1,New Anthonyview Auto Care,FALSE
SRV-003946,VEH-01642,26/03/2026,Transmission Service,54107,29157,1,South Tammyville Auto Care,FALSE
SRV-003947,VEH-01024,04/11/2024,Full Service,13874,13185,0,Lutzborough Auto Care,FALSE
SRV-003948,VEH-00521,08/11/2024,Battery Replacement,17481,59638,3,Juarezton Auto Care,FALSE
SRV-003949,VEH-02458,24/02/2025,Recall Fix,0,13675,0,West Rachelborough Auto Care,FALSE
SRV-003950,VEH-02009,19/12/2025,Suspension Repair,14069,26353,3,North Emmaburgh Auto Care,FALSE
SRV-003951,VEH-01991,20/02/2024,Bodywork/Panel Repair,46944,63178,0,Port Meganchester Auto Care,FALSE
SRV-003952,VEH-00237,08/12/2023,Tire Rotation,2402,14709,2,Smithhaven Auto Care,FALSE
SRV-003953,VEH-01592,26/04/2024,Brake Inspection,6261,16293,0,Brandonborough Auto Care,FALSE
SRV-003954,VEH-00724,31/01/2023,Transmission Service,50120,15112,2,Port Shannon Auto Care,FALSE
SRV-003955,VEH-02337,17/08/2026,Full Service,26831,55574,0,Jennafort Auto Care,FALSE
SRV-003956,VEH-00636,31/03/2023,Recall Fix,0,12545,1,Robinstad Auto Care,TRUE
SRV-003957,VEH-01050,15/12/2022,Wheel Alignment,3160,91371,0,Port Thomas Auto Care,FALSE
SRV-003958,VEH-00824,10/02/2024,AC Repair,10166,94664,3,North Toddside Auto Care,TRUE
SRV-003959,VEH-00424,03/12/2024,Battery Replacement,19568,123223,0,New Edward Auto Care,FALSE
SRV-003960,VEH-00457,08/01/2025,Oil Change,4369,14366,0,Port Brian Auto Care,FALSE
SRV-003961,VEH-02500,06/05/2023,Full Service,23680,3798,0,East Jenniferville Auto Care,TRUE
SRV-003962,VEH-02880,10/08/2026,Transmission Service,41069,23041,3,Lindsayfurt Auto Care,TRUE
SRV-003963,VEH-00448,19/09/2026,Transmission Service,40008,1955,2,North Timothy Auto Care,FALSE
SRV-003964,VEH-01426,29/08/2026,Battery Replacement,13436,17157,3,Jenningsshire Auto Care,FALSE
SRV-003965,VEH-01015,14/04/2024,AC Repair,23484,15026,0,Edwardsmouth Auto Care,TRUE
SRV-003966,VEH-02734,06/03/2023,Brake Inspection,3986,33473,2,Dyermouth Auto Care,FALSE
SRV-003967,VEH-02783,02/05/2023,Transmission Service,34435,7756,2,Alfredtown Auto Care,FALSE
SRV-003968,VEH-01096,03/08/2024,Brake Inspection,2391,59695,2,Sanchezmouth Auto Care,FALSE
SRV-003969,VEH-02149,22/09/2026,Suspension Repair,31825,20960,1,Langshire Auto Care,FALSE
SRV-003970,VEH-00205,05/11/2023,Bodywork/Panel Repair,41211,2615,2,Port Pamela Auto Care,FALSE
SRV-003971,VEH-01268,19/08/2023,Full Service,19435,51956,0,Lake Michaelville Auto Care,FALSE
SRV-003972,VEH-01549,08/10/2022,Battery Replacement,13682,9027,1,Port Trevorborough Auto Care,TRUE
SRV-003973,VEH-01285,25/01/2023,Bodywork/Panel Repair,109035,21666,0,West Megan Auto Care,FALSE
SRV-003974,VEH-00027,14/01/2023,Brake Inspection,1803,7574,1,New Haleychester Auto Care,FALSE
SRV-003975,VEH-01034,17/07/2024,Recall Fix,0,109701,1,South Tracistad Auto Care,FALSE
SRV-003976,VEH-02533,21/11/2024,AC Repair,11077,5991,2,New Kimberlybury Auto Care,FALSE
SRV-003977,VEH-02247,25/02/2026,Brake Inspection,2623,2369,0,Flowerstown Auto Care,TRUE
SRV-003978,VEH-00939,10/07/2024,Oil Change,4109,32213,2,Lake Jacquelineland Auto Care,FALSE
SRV-003979,VEH-02002,19/04/2023,Battery Replacement,15569,5863,2,Matthewton Auto Care,FALSE
SRV-003980,VEH-00399,12/07/2026,Tire Rotation,1896,39024,0,Cooperview Auto Care,FALSE
SRV-003981,VEH-01478,05/03/2025,AC Repair,13846,856,2,New Darryl Auto Care,FALSE
SRV-003982,VEH-00320,01/08/2025,Wheel Alignment,2073,1173,1,Fryeburgh Auto Care,FALSE
SRV-003983,VEH-01320,16/04/2026,Battery Replacement,13280,11634,2,Adamston Auto Care,FALSE
SRV-003984,VEH-00671,26/01/2026,Transmission Service,51234,6855,0,West Sarah Auto Care,FALSE
SRV-003985,VEH-01572,24/11/2023,Bodywork/Panel Repair,59311,14300,0,Jamieton Auto Care,TRUE
SRV-003986,VEH-02367,07/07/2023,AC Repair,9285,13840,1,Gwendolynmouth Auto Care,FALSE
SRV-003987,VEH-00999,05/04/2025,Suspension Repair,43325,2276,2,North Williammouth Auto Care,FALSE
SRV-003988,VEH-02401,13/03/2023,Wheel Alignment,2301,35860,2,Edwardschester Auto Care,TRUE
SRV-003989,VEH-01820,05/05/2024,Tire Rotation,2216,6536,2,West Tracy Auto Care,FALSE
SRV-003990,VEH-00937,27/09/2022,AC Repair,9559,24591,0,Port Joy Auto Care,TRUE
SRV-003991,VEH-00726,10/01/2023,Bodywork/Panel Repair,20747,411,1,Hodgesborough Auto Care,FALSE
SRV-003992,VEH-02574,03/06/2023,AC Repair,24554,832,1,North Taylorborough Auto Care,TRUE
SRV-003993,VEH-01631,01/02/2025,Tire Rotation,1265,5327,1,Murphyport Auto Care,FALSE
SRV-003994,VEH-01430,23/09/2023,Full Service,25190,95455,3,Smithville Auto Care,TRUE
SRV-003995,VEH-00125,19/04/2023,Suspension Repair,14726,18502,1,Burnettshire Auto Care,FALSE
SRV-003996,VEH-01377,30/06/2023,AC Repair,24714,12815,1,Wongberg Auto Care,FALSE
SRV-003997,VEH-00836,07/11/2023,Brake Inspection,2219,69905,0,Russellbury Auto Care,FALSE
SRV-003998,VEH-00975,21/01/2024,AC Repair,19704,1310,0,Wellsfurt Auto Care,FALSE
SRV-003999,VEH-00296,02/12/2022,Tire Rotation,1939,11806,1,East Curtisside Auto Care,FALSE
SRV-004000,VEH-01209,29/08/2026,Battery Replacement,13725,11462,1,Andersonstad Auto Care,FALSE
SRV-004001,VEH-01661,29/07/2023,Transmission Service,55381,14110,0,North Robinfort Auto Care,FALSE
SRV-004002,VEH-02640,10/03/2023,Tire Rotation,1163,49517,2,Port Peter Auto Care,FALSE
SRV-004003,VEH-02710,22/04/2023,Transmission Service,54502,19872,0,Port Stephen Auto Care,FALSE
SRV-004004,VEH-00438,04/09/2025,Full Service,14499,101,1,South Alyssachester Auto Care,TRUE
SRV-004005,VEH-01300,14/07/2024,AC Repair,7961,42123,3,Howardchester Auto Care,FALSE
SRV-004006,VEH-02616,16/04/2024,AC Repair,18630,221977,2,Antonioburgh Auto Care,TRUE
SRV-004007,VEH-01451,10/06/2025,Wheel Alignment,2031,7128,0,Lake Bryanmouth Auto Care,FALSE
SRV-004008,VEH-01928,14/11/2023,Engine Diagnostic,3449,9467,1,Leeport Auto Care,FALSE
SRV-004009,VEH-00252,12/04/2024,Engine Diagnostic,4390,38710,0,Simpsonland Auto Care,FALSE
SRV-004010,VEH-01047,31/05/2023,Full Service,17662,110,0,Lake Evanside Auto Care,FALSE
SRV-004011,VEH-02121,01/11/2025,Suspension Repair,26170,50198,2,Reynoldsport Auto Care,FALSE
SRV-004012,VEH-02239,20/01/2023,Suspension Repair,22901,3115,1,Michaelberg Auto Care,FALSE
SRV-004013,VEH-01661,02/04/2023,Oil Change,3802,16185,0,North Heather Auto Care,FALSE
SRV-004014,VEH-02482,17/05/2025,Transmission Service,38462,3701,1,East Brandifurt Auto Care,TRUE
SRV-004015,VEH-00660,20/12/2024,Oil Change,4110,73841,0,Port Brittany Auto Care,TRUE
SRV-004016,VEH-01947,19/09/2025,AC Repair,12785,27732,2,East Kristinhaven Auto Care,FALSE
SRV-004017,VEH-00004,01/06/2023,Recall Fix,0,1084,2,Hamiltonburgh Auto Care,FALSE
SRV-004018,VEH-01718,30/06/2023,Brake Inspection,3509,177431,3,South Lisaland Auto Care,TRUE
SRV-004019,VEH-00773,04/01/2026,Tire Rotation,1589,94261,2,East Staceytown Auto Care,FALSE
SRV-004020,VEH-02795,12/03/2026,Suspension Repair,18904,63670,1,East Richard Auto Care,TRUE
SRV-004021,VEH-00714,10/12/2024,Tire Rotation,2318,97559,2,Loriport Auto Care,FALSE
SRV-004022,VEH-02388,22/04/2025,Tire Rotation,1989,40522,1,South Ann Auto Care,FALSE
SRV-004023,VEH-00187,19/07/2024,Tire Rotation,2449,17714,3,Olsonport Auto Care,FALSE
SRV-004024,VEH-01426,26/10/2024,Bodywork/Panel Repair,31151,18665,1,East Susan Auto Care,TRUE
SRV-004025,VEH-00341,23/02/2024,Tire Rotation,1064,77525,1,Wilsonshire Auto Care,FALSE
SRV-004026,VEH-01619,06/08/2026,Full Service,13547,23818,3,Stephaniestad Auto Care,FALSE
SRV-004027,VEH-02048,21/11/2023,AC Repair,14814,20488,1,Fernandezfort Auto Care,FALSE
SRV-004028,VEH-02739,28/05/2023,Recall Fix,0,18307,0,Mcdanielton Auto Care,FALSE
SRV-004029,VEH-01618,04/11/2023,Engine Diagnostic,3416,24748,1,Lake Grantside Auto Care,FALSE
SRV-004030,VEH-01428,17/02/2023,AC Repair,18943,73121,0,Porterfort Auto Care,TRUE
SRV-004031,VEH-01209,13/02/2023,Wheel Alignment,2750,7056,2,Holdenshire Auto Care,FALSE
SRV-004032,VEH-02776,26/04/2026,Oil Change,5254,72413,3,Josephburgh Auto Care,TRUE
SRV-004033,VEH-01679,25/06/2025,Battery Replacement,10402,16182,0,New Nicholas Auto Care,FALSE
SRV-004034,VEH-02553,25/09/2026,Tire Rotation,2369,40035,0,West Trevor Auto Care,FALSE
SRV-004035,VEH-00289,29/07/2026,Engine Diagnostic,3378,56454,3,West Garystad Auto Care,FALSE
SRV-004036,VEH-02580,08/02/2024,Bodywork/Panel Repair,73494,10455,1,Vickiefort Auto Care,TRUE
SRV-004037,VEH-00825,24/03/2023,Tire Rotation,2470,14265,0,North Benjamin Auto Care,TRUE
SRV-004038,VEH-02853,21/09/2023,Battery Replacement,10421,4512,1,South Angelaside Auto Care,FALSE
SRV-004039,VEH-00180,02/12/2022,Brake Inspection,3442,23332,0,Connerburgh Auto Care,FALSE
SRV-004040,VEH-00486,19/11/2023,Recall Fix,0,153508,1,East Christine Auto Care,FALSE
SRV-004041,VEH-02579,15/04/2025,Suspension Repair,41635,20485,2,Littlefurt Auto Care,FALSE
SRV-004042,VEH-00796,07/09/2025,Battery Replacement,15949,8933,2,Ponceborough Auto Care,FALSE
SRV-004043,VEH-00318,11/04/2023,Suspension Repair,10234,8195,2,New Craig Auto Care,FALSE
SRV-004044,VEH-00656,11/10/2024,Battery Replacement,16392,9058,3,Catherineton Auto Care,FALSE
SRV-004045,VEH-02989,11/04/2024,Full Service,39356,5444,2,Shellyshire Auto Care,FALSE
SRV-004046,VEH-02509,22/12/2025,Tire Rotation,2840,1328,1,Williamview Auto Care,FALSE
SRV-004047,VEH-00663,05/07/2024,Suspension Repair,21587,7240,0,Feliciaville Auto Care,TRUE
SRV-004048,VEH-01654,07/01/2023,Brake Inspection,3162,6390,0,Port Jesseview Auto Care,TRUE
SRV-004049,VEH-01722,10/06/2024,Wheel Alignment,1930,18449,1,Williamstown Auto Care,FALSE
SRV-004050,VEH-00095,13/07/2024,Tire Rotation,1821,84827,2,Port Robertoborough Auto Care,FALSE
SRV-004051,VEH-00402,11/01/2025,Oil Change,2562,5927,0,Tracyhaven Auto Care,FALSE
SRV-004052,VEH-02119,17/01/2023,Wheel Alignment,2743,22678,1,Port Hannahbury Auto Care,FALSE
SRV-004053,VEH-02008,08/11/2024,Battery Replacement,15241,4060,1,Lake Scottland Auto Care,FALSE
SRV-004054,VEH-00658,15/02/2025,Brake Inspection,4931,4713,2,Benjaminberg Auto Care,TRUE
SRV-004055,VEH-01133,26/04/2023,Engine Diagnostic,4866,80648,0,Brownbury Auto Care,FALSE
SRV-004056,VEH-02798,15/01/2024,Recall Fix,0,3255,1,West Julianport Auto Care,FALSE
SRV-004057,VEH-01208,03/05/2025,Engine Diagnostic,2021,1255,0,Veronicatown Auto Care,FALSE
SRV-004058,VEH-01052,12/12/2025,Oil Change,4024,14022,3,South Michaelburgh Auto Care,FALSE
SRV-004059,VEH-02749,23/03/2026,Transmission Service,32240,181818,0,Brucetown Auto Care,FALSE
SRV-004060,VEH-00601,16/01/2023,AC Repair,12645,2434,1,Diaztown Auto Care,TRUE
SRV-004061,VEH-01021,24/12/2023,Full Service,17681,197717,1,West Shannon Auto Care,FALSE
SRV-004062,VEH-01829,23/03/2023,AC Repair,24391,1047,0,Claytonfort Auto Care,FALSE
SRV-004063,VEH-01715,19/10/2024,AC Repair,22936,21366,0,North Marystad Auto Care,FALSE
SRV-004064,VEH-02243,03/10/2023,Suspension Repair,35168,161633,0,New Troy Auto Care,TRUE
SRV-004065,VEH-02977,04/09/2026,Bodywork/Panel Repair,39625,30266,0,Lake Amber Auto Care,FALSE
SRV-004066,VEH-00858,24/04/2026,Brake Inspection,5797,11489,3,New David Auto Care,FALSE
SRV-004067,VEH-02829,23/05/2023,Battery Replacement,16904,58291,3,New Emily Auto Care,FALSE
SRV-004068,VEH-01572,08/11/2025,Tire Rotation,1933,34332,1,Lake Angelafort Auto Care,TRUE
SRV-004069,VEH-01038,01/12/2023,Recall Fix,0,4979,3,North Kirstenview Auto Care,TRUE
SRV-004070,VEH-00838,08/09/2023,Wheel Alignment,3187,47701,0,South Franklin Auto Care,FALSE
SRV-004071,VEH-00153,28/07/2026,Engine Diagnostic,2672,5740,2,Jasonbury Auto Care,FALSE
SRV-004072,VEH-02470,18/07/2025,AC Repair,5172,4211,0,Cruzborough Auto Care,FALSE
SRV-004073,VEH-01753,04/02/2024,AC Repair,8301,11659,3,Wellsberg Auto Care,TRUE
SRV-004074,VEH-01403,03/04/2025,Suspension Repair,25903,8324,2,Joshuaberg Auto Care,FALSE
SRV-004075,VEH-02572,13/12/2023,Battery Replacement,19755,2704,3,Jacksonberg Auto Care,FALSE
SRV-004076,VEH-02622,28/05/2023,Transmission Service,57645,7195,1,Mitchellfort Auto Care,FALSE
SRV-004077,VEH-00068,15/05/2023,Brake Inspection,4400,16863,1,Lake John Auto Care,FALSE
SRV-004078,VEH-00258,12/01/2024,Oil Change,3727,18280,0,East Cynthia Auto Care,FALSE
SRV-004079,VEH-00011,03/12/2022,Brake Inspection,7863,98948,0,East Derek Auto Care,FALSE
SRV-004080,VEH-00071,14/07/2025,Recall Fix,0,47634,1,Riveraville Auto Care,FALSE
SRV-004081,VEH-02075,09/11/2024,Wheel Alignment,1751,36888,2,Allisonport Auto Care,FALSE
SRV-004082,VEH-00640,20/08/2025,Oil Change,3651,8562,2,Emilyland Auto Care,FALSE
SRV-004083,VEH-01856,22/03/2026,Suspension Repair,14562,2613,0,Robinsonhaven Auto Care,FALSE
SRV-004084,VEH-02304,22/02/2026,Full Service,13080,20187,3,Lake Lauraland Auto Care,FALSE
SRV-004085,VEH-00012,15/10/2025,Battery Replacement,10026,1172,1,West Jessica Auto Care,FALSE
SRV-004086,VEH-02916,29/05/2026,Full Service,14213,1607,1,West Daniel Auto Care,FALSE
SRV-004087,VEH-01538,07/05/2026,Full Service,20583,36076,0,New Samuel Auto Care,FALSE
SRV-004088,VEH-02089,12/09/2023,Bodywork/Panel Repair,73380,5970,1,Lisafort Auto Care,FALSE
SRV-004089,VEH-02124,23/04/2024,Brake Inspection,3280,11214,2,East William Auto Care,FALSE
SRV-004090,VEH-01177,23/11/2024,Recall Fix,0,20647,1,East Anthony Auto Care,FALSE
SRV-004091,VEH-00927,15/05/2025,Tire Rotation,2279,2278,0,New Tracy Auto Care,FALSE
SRV-004092,VEH-00124,06/11/2023,Transmission Service,32155,45950,1,Port Anthonyburgh Auto Care,FALSE
SRV-004093,VEH-00763,02/05/2025,AC Repair,18354,206129,1,South Scott Auto Care,FALSE
SRV-004094,VEH-00621,01/01/2025,Transmission Service,33651,12572,0,Mariaview Auto Care,TRUE
SRV-004095,VEH-00230,24/09/2026,Suspension Repair,20861,18566,0,Matthewport Auto Care,FALSE
SRV-004096,VEH-01856,11/12/2023,Engine Diagnostic,2018,5650,0,Jessicaberg Auto Care,TRUE
SRV-004097,VEH-02778,27/01/2026,Tire Rotation,2700,76606,0,Morsefort Auto Care,FALSE
SRV-004098,VEH-02967,12/05/2023,Transmission Service,54467,8215,1,Hartburgh Auto Care,FALSE
SRV-004099,VEH-00052,07/02/2026,Brake Inspection,4051,83188,0,East Theresa Auto Care,TRUE
SRV-004100,VEH-02550,25/10/2023,AC Repair,20418,17026,3,East Todd Auto Care,FALSE
SRV-004101,VEH-02096,27/03/2024,Battery Replacement,11137,65215,0,Veronicamouth Auto Care,TRUE
SRV-004102,VEH-00456,12/06/2025,Battery Replacement,10002,29789,3,South Amber Auto Care,TRUE
SRV-004103,VEH-00463,16/02/2023,Oil Change,5478,32876,1,New James Auto Care,FALSE
SRV-004104,VEH-01699,26/07/2026,Tire Rotation,2692,47045,0,North Michellefurt Auto Care,FALSE
SRV-004105,VEH-02221,20/02/2024,Brake Inspection,2284,53680,0,North Dustin Auto Care,FALSE
SRV-004106,VEH-01494,21/08/2026,Battery Replacement,8231,29395,1,Kingfurt Auto Care,FALSE
SRV-004107,VEH-01049,09/09/2025,Engine Diagnostic,3262,637,3,Wallacestad Auto Care,TRUE
SRV-004108,VEH-02402,21/04/2026,Engine Diagnostic,4347,39695,0,Johnsonfort Auto Care,FALSE
SRV-004109,VEH-01712,11/03/2023,Brake Inspection,5563,4509,2,Davisland Auto Care,FALSE
SRV-004110,VEH-00710,05/07/2025,Recall Fix,0,21718,0,East Kristina Auto Care,FALSE
SRV-004111,VEH-02978,12/09/2023,Full Service,31204,94232,0,West Randall Auto Care,FALSE
SRV-004112,VEH-02861,07/01/2026,Battery Replacement,14041,19846,2,Matthewville Auto Care,TRUE
SRV-004113,VEH-00010,11/08/2023,AC Repair,8195,12159,2,Kathrynport Auto Care,FALSE
SRV-004114,VEH-01982,20/03/2023,Oil Change,5745,44387,0,Lake Jessicaview Auto Care,FALSE
SRV-004115,VEH-00745,02/02/2023,Transmission Service,51550,100086,1,East Scottberg Auto Care,TRUE
SRV-004116,VEH-01851,01/11/2022,Bodywork/Panel Repair,17391,13057,1,East Antonio Auto Care,FALSE
SRV-004117,VEH-00002,01/09/2024,Tire Rotation,2068,40106,2,Port Amber Auto Care,TRUE
SRV-004118,VEH-02435,24/06/2023,Bodywork/Panel Repair,96817,6756,0,Lake Russell Auto Care,FALSE
SRV-004119,VEH-00301,26/11/2022,Tire Rotation,1827,6191,0,Ryanside Auto Care,TRUE
SRV-004120,VEH-02057,10/09/2025,Suspension Repair,15650,37224,3,Fishertown Auto Care,FALSE
SRV-004121,VEH-01426,04/12/2025,Tire Rotation,2780,36768,0,Smithchester Auto Care,FALSE
SRV-004122,VEH-01768,02/03/2026,Battery Replacement,19754,86779,0,Amyside Auto Care,FALSE
SRV-004123,VEH-01315,20/06/2024,Wheel Alignment,3726,5929,2,New Kaitlyn Auto Care,FALSE
SRV-004124,VEH-02718,25/11/2024,Brake Inspection,7038,101047,0,Edwardschester Auto Care,FALSE
SRV-004125,VEH-01369,13/02/2025,Battery Replacement,10414,51667,1,New Garyshire Auto Care,TRUE
SRV-004126,VEH-00402,21/12/2025,Transmission Service,34857,19703,3,Audreyland Auto Care,FALSE
SRV-004127,VEH-00699,07/02/2023,Suspension Repair,36708,30625,3,East Christinehaven Auto Care,FALSE
SRV-004128,VEH-00110,13/01/2024,Brake Inspection,4709,11439,0,New Michelle Auto Care,FALSE
SRV-004129,VEH-00529,04/02/2024,Transmission Service,16792,26898,0,Port Ashleyberg Auto Care,FALSE
SRV-004130,VEH-02048,15/09/2026,Full Service,27604,16320,1,Woodberg Auto Care,FALSE
SRV-004131,VEH-00485,12/05/2025,AC Repair,9458,4640,1,Obrienhaven Auto Care,FALSE
SRV-004132,VEH-02308,25/11/2025,Transmission Service,27542,20020,0,Leeberg Auto Care,TRUE
SRV-004133,VEH-01962,20/12/2022,Battery Replacement,16454,62444,1,Port Johntown Auto Care,FALSE
SRV-004134,VEH-02065,04/05/2026,Recall Fix,0,17653,1,Hoodborough Auto Care,TRUE
SRV-004135,VEH-00998,05/08/2023,Full Service,26450,8574,1,East Caroline Auto Care,FALSE
SRV-004136,VEH-02430,26/05/2024,Engine Diagnostic,3243,13085,0,Port Connorside Auto Care,FALSE
SRV-004137,VEH-01326,04/05/2024,Wheel Alignment,3573,74838,3,Parkerville Auto Care,TRUE
SRV-004138,VEH-00159,18/01/2023,Oil Change,5945,143942,1,Christopherfurt Auto Care,TRUE
SRV-004139,VEH-02030,25/12/2023,Bodywork/Panel Repair,89870,7082,0,Sandramouth Auto Care,TRUE
SRV-004140,VEH-01312,22/04/2025,Oil Change,5957,37011,1,East Christy Auto Care,TRUE
SRV-004141,VEH-01603,14/01/2026,Engine Diagnostic,4544,1545,0,Sarafort Auto Care,FALSE
SRV-004142,VEH-01452,14/02/2025,Bodywork/Panel Repair,37108,83305,2,South Brenda Auto Care,FALSE
SRV-004143,VEH-02228,15/12/2022,Recall Fix,0,13479,3,North Juantown Auto Care,FALSE
SRV-004144,VEH-02925,01/08/2023,Tire Rotation,2394,36685,0,East Robert Auto Care,TRUE
SRV-004145,VEH-00785,22/11/2025,Bodywork/Panel Repair,84849,60898,0,Port Allisonside Auto Care,TRUE
SRV-004146,VEH-01767,14/01/2024,AC Repair,24965,635,1,New Christopher Auto Care,FALSE
SRV-004147,VEH-00234,08/09/2025,Suspension Repair,25408,184,2,Christinebury Auto Care,FALSE
SRV-004148,VEH-00840,27/03/2023,Oil Change,4057,25384,0,West Jasonhaven Auto Care,FALSE
SRV-004149,VEH-00001,25/12/2024,Engine Diagnostic,4137,7927,0,North Kathryn Auto Care,FALSE
SRV-004150,VEH-01534,21/05/2025,Engine Diagnostic,2922,68528,0,West Morganview Auto Care,FALSE
SRV-004151,VEH-00030,03/06/2023,Suspension Repair,39789,35495,3,East Joan Auto Care,FALSE
SRV-004152,VEH-02157,07/04/2023,Battery Replacement,17053,59860,1,Johnsonland Auto Care,FALSE
SRV-004153,VEH-00721,28/10/2022,Brake Inspection,3126,118860,0,Hernandezside Auto Care,TRUE
SRV-004154,VEH-01681,22/05/2025,Oil Change,4155,1073,1,Lake Amanda Auto Care,FALSE
SRV-004155,VEH-01877,10/01/2023,Suspension Repair,31877,6446,2,Port Julie Auto Care,FALSE
SRV-004156,VEH-01278,16/06/2025,Bodywork/Panel Repair,109445,368,1,North Connorstad Auto Care,FALSE
SRV-004157,VEH-01754,15/12/2025,Recall Fix,0,36342,1,North Robinton Auto Care,FALSE
SRV-004158,VEH-01557,10/05/2026,Battery Replacement,8945,139099,1,Mortonport Auto Care,FALSE
SRV-004159,VEH-01908,17/02/2025,Tire Rotation,2865,34691,0,Rhodesport Auto Care,TRUE
SRV-004160,VEH-02570,22/09/2026,Engine Diagnostic,3975,17290,1,Lake Arthur Auto Care,TRUE
SRV-004161,VEH-02077,05/08/2024,AC Repair,20936,16754,0,Bassfurt Auto Care,FALSE
SRV-004162,VEH-01233,28/04/2026,Bodywork/Panel Repair,40203,14024,0,Lambertbury Auto Care,FALSE
SRV-004163,VEH-01139,04/03/2023,Engine Diagnostic,4220,30491,0,North Carrieport Auto Care,FALSE
SRV-004164,VEH-02565,26/02/2024,Tire Rotation,1245,230626,0,North Candice Auto Care,FALSE
SRV-004165,VEH-01258,21/05/2026,Wheel Alignment,3112,2262,2,Donaldborough Auto Care,FALSE
SRV-004166,VEH-01057,13/05/2024,Oil Change,4550,40256,0,Juliabury Auto Care,FALSE
SRV-004167,VEH-02522,08/06/2023,Bodywork/Panel Repair,14706,18940,0,Millerfort Auto Care,FALSE
SRV-004168,VEH-00671,12/01/2026,Transmission Service,38623,760,0,Lake Erika Auto Care,TRUE
SRV-004169,VEH-02182,16/10/2022,Transmission Service,36123,69966,0,Acevedoberg Auto Care,FALSE
SRV-004170,VEH-01256,27/07/2023,Battery Replacement,9823,10994,3,Port David Auto Care,FALSE
SRV-004171,VEH-00811,15/01/2026,Engine Diagnostic,4091,99828,1,Kentstad Auto Care,FALSE
SRV-004172,VEH-01617,26/11/2022,Bodywork/Panel Repair,74496,73189,3,Rebeccaview Auto Care,FALSE
SRV-004173,VEH-01140,03/12/2024,Bodywork/Panel Repair,90985,35094,1,North Tyler Auto Care,FALSE
SRV-004174,VEH-01482,29/08/2026,Engine Diagnostic,4884,108296,0,Julieborough Auto Care,FALSE
SRV-004175,VEH-02131,01/07/2024,Tire Rotation,1219,19259,2,Port Veronicafurt Auto Care,TRUE
SRV-004176,VEH-01286,30/01/2023,Transmission Service,49981,30678,1,Espinozafort Auto Care,FALSE
SRV-004177,VEH-00776,27/11/2025,Oil Change,2557,113355,2,Walkertown Auto Care,FALSE
SRV-004178,VEH-00815,04/09/2026,Wheel Alignment,3343,3589,0,Gonzalezburgh Auto Care,FALSE
SRV-004179,VEH-01974,20/05/2023,Engine Diagnostic,2505,23941,2,Timothyside Auto Care,FALSE
SRV-004180,VEH-02185,05/11/2023,Brake Inspection,6242,12106,1,South Jason Auto Care,FALSE
SRV-004181,VEH-00839,29/03/2023,Battery Replacement,15147,3830,3,Hollowayville Auto Care,FALSE
SRV-004182,VEH-00038,26/03/2026,Suspension Repair,15492,28571,0,Port William Auto Care,TRUE
SRV-004183,VEH-02384,07/02/2025,Battery Replacement,15746,15065,0,North Douglasmouth Auto Care,FALSE
SRV-004184,VEH-02035,28/03/2026,Transmission Service,54274,14271,3,Petersberg Auto Care,TRUE
SRV-004185,VEH-00821,22/06/2023,Full Service,18570,130439,0,East Erica Auto Care,FALSE
SRV-004186,VEH-02316,15/05/2026,Suspension Repair,42942,7497,1,Alyssaberg Auto Care,FALSE
SRV-004187,VEH-00804,24/08/2023,Brake Inspection,4822,83088,1,Tinaberg Auto Care,TRUE
SRV-004188,VEH-01211,11/07/2025,Tire Rotation,2568,10768,0,East Madison Auto Care,FALSE
SRV-004189,VEH-01815,07/08/2026,Recall Fix,0,10412,2,East Robert Auto Care,TRUE
SRV-004190,VEH-00419,22/01/2023,Oil Change,5063,24180,2,North Jonathanview Auto Care,FALSE
SRV-004191,VEH-02514,20/02/2026,Brake Inspection,7077,8503,0,East Patricia Auto Care,FALSE
SRV-004192,VEH-00569,12/04/2024,AC Repair,18454,9050,3,Carsonmouth Auto Care,FALSE
SRV-004193,VEH-01261,11/12/2025,Full Service,25176,15391,1,Hayestown Auto Care,TRUE
SRV-004194,VEH-02419,30/10/2025,Brake Inspection,6205,2791,1,Rodriguezberg Auto Care,TRUE
SRV-004195,VEH-01795,02/04/2024,Engine Diagnostic,2158,47303,3,South Jonathanport Auto Care,TRUE
SRV-004196,VEH-00598,20/06/2023,Engine Diagnostic,3309,27697,1,North Amberbury Auto Care,TRUE
SRV-004197,VEH-01503,11/05/2025,Transmission Service,43958,3979,3,Lake Susan Auto Care,FALSE
SRV-004198,VEH-00333,06/11/2022,Battery Replacement,18558,1621,1,Lake Craig Auto Care,FALSE
SRV-004199,VEH-01307,22/04/2025,Bodywork/Panel Repair,96131,65477,0,Greenchester Auto Care,FALSE
SRV-004200,VEH-00237,07/12/2024,Tire Rotation,2059,18370,3,Port Stephaniefurt Auto Care,FALSE
SRV-004201,VEH-02672,24/07/2025,Recall Fix,0,21122,1,Carterside Auto Care,FALSE
SRV-004202,VEH-01660,15/03/2024,Bodywork/Panel Repair,30587,61416,1,Lake Courtneymouth Auto Care,FALSE
SRV-004203,VEH-01966,02/04/2026,Tire Rotation,1783,11394,1,Alvaradochester Auto Care,FALSE
SRV-004204,VEH-01931,22/03/2023,Oil Change,2633,6356,2,West Travis Auto Care,TRUE
SRV-004205,VEH-01378,22/02/2026,Engine Diagnostic,2420,720,1,Morseside Auto Care,FALSE
SRV-004206,VEH-00019,14/02/2024,Tire Rotation,1713,15268,1,Grayport Auto Care,FALSE
SRV-004207,VEH-00367,27/01/2026,Tire Rotation,1006,18564,0,Elliottchester Auto Care,TRUE
SRV-004208,VEH-00951,19/04/2024,Brake Inspection,6245,93205,0,East Andreaburgh Auto Care,FALSE
SRV-004209,VEH-02105,29/09/2024,Transmission Service,54378,45965,1,Wolfechester Auto Care,FALSE
SRV-004210,VEH-00296,07/05/2025,AC Repair,16862,1146,2,Victoriaside Auto Care,FALSE
SRV-004211,VEH-02861,07/07/2023,Full Service,37972,28057,1,Jennifermouth Auto Care,FALSE
SRV-004212,VEH-02208,21/09/2024,Suspension Repair,16997,32347,1,Sanchezport Auto Care,FALSE
SRV-004213,VEH-01241,09/03/2026,Battery Replacement,17933,2521,1,Barnettburgh Auto Care,FALSE
SRV-004214,VEH-00775,28/11/2022,Wheel Alignment,2757,15896,1,North Jamesfurt Auto Care,FALSE
SRV-004215,VEH-01476,28/11/2024,Engine Diagnostic,4325,86743,1,West Sara Auto Care,TRUE
SRV-004216,VEH-00596,29/05/2026,Tire Rotation,2432,225232,1,Lake Joyce Auto Care,TRUE
SRV-004217,VEH-01359,15/12/2024,Recall Fix,0,9124,0,East Toddview Auto Care,TRUE
SRV-004218,VEH-01944,21/06/2023,Suspension Repair,15295,22519,1,West Robertstad Auto Care,FALSE
SRV-004219,VEH-00843,14/09/2023,Battery Replacement,13753,58,3,Ericfort Auto Care,FALSE
SRV-004220,VEH-01423,10/06/2025,Battery Replacement,11357,61153,0,West Lisafort Auto Care,TRUE
SRV-004221,VEH-00297,22/04/2023,Oil Change,3262,7697,1,Popemouth Auto Care,FALSE
SRV-004222,VEH-00504,03/03/2025,Oil Change,2881,57452,2,North Lindsay Auto Care,TRUE
SRV-004223,VEH-01390,08/12/2022,Full Service,39959,55869,3,Lake Julie Auto Care,TRUE
SRV-004224,VEH-01908,21/07/2023,Transmission Service,59026,34459,1,West Jameston Auto Care,FALSE
SRV-004225,VEH-02135,25/08/2026,Full Service,34233,19514,1,Fordtown Auto Care,FALSE
SRV-004226,VEH-00688,22/10/2025,Recall Fix,0,1065,1,Lake Christopherland Auto Care,FALSE
SRV-004227,VEH-01004,23/04/2026,Wheel Alignment,3354,626,3,Nicoleburgh Auto Care,FALSE
SRV-004228,VEH-02048,13/10/2023,Brake Inspection,3833,9308,1,Bryanshire Auto Care,FALSE
SRV-004229,VEH-02430,03/05/2025,Oil Change,2625,13229,3,Mitchelltown Auto Care,FALSE
SRV-004230,VEH-00954,07/09/2026,Wheel Alignment,3172,20012,0,Bassfort Auto Care,TRUE
SRV-004231,VEH-02876,04/04/2023,Oil Change,2513,30010,0,North Patrickland Auto Care,FALSE
SRV-004232,VEH-02648,08/04/2025,Recall Fix,0,13604,1,Justinside Auto Care,FALSE
SRV-004233,VEH-01002,18/12/2022,Engine Diagnostic,3764,51470,2,Pricefurt Auto Care,FALSE
SRV-004234,VEH-01018,20/11/2023,Brake Inspection,2632,53714,0,Taylorton Auto Care,FALSE
SRV-004235,VEH-02207,25/07/2025,Recall Fix,0,22441,1,Morrisfurt Auto Care,FALSE
SRV-004236,VEH-00644,19/03/2024,Bodywork/Panel Repair,37184,37208,0,East Wendymouth Auto Care,TRUE
SRV-004237,VEH-02403,08/06/2026,Suspension Repair,41026,75884,0,Robinborough Auto Care,TRUE
SRV-004238,VEH-02362,14/10/2024,Recall Fix,0,79486,1,West Frankland Auto Care,FALSE
SRV-004239,VEH-02331,28/01/2026,Bodywork/Panel Repair,71790,41910,1,Davidberg Auto Care,FALSE
SRV-004240,VEH-01491,26/09/2023,Transmission Service,26023,112517,3,Gonzaleshaven Auto Care,FALSE
SRV-004241,VEH-00015,30/10/2024,Tire Rotation,1072,60101,2,Port Anthonyshire Auto Care,TRUE
SRV-004242,VEH-00153,26/12/2024,Tire Rotation,2390,6210,1,Josephstad Auto Care,FALSE
SRV-004243,VEH-00973,22/12/2022,Brake Inspection,3352,6918,0,Walshborough Auto Care,FALSE
SRV-004244,VEH-00122,28/02/2026,Battery Replacement,14284,12539,1,Colleenfurt Auto Care,FALSE
SRV-004245,VEH-01364,04/10/2023,AC Repair,7551,26099,0,New Michelle Auto Care,FALSE
SRV-004246,VEH-02094,26/03/2023,Oil Change,5218,308,3,East Paige Auto Care,FALSE
SRV-004247,VEH-02373,09/04/2026,Wheel Alignment,3459,125752,0,Sonyaborough Auto Care,FALSE
SRV-004248,VEH-01407,05/07/2025,Recall Fix,0,25465,0,South Brandon Auto Care,FALSE
SRV-004249,VEH-01033,28/05/2024,Battery Replacement,12929,10045,0,North Jamie Auto Care,FALSE
SRV-004250,VEH-00505,28/06/2024,Wheel Alignment,3283,9684,3,East Danaton Auto Care,FALSE
SRV-004251,VEH-00811,31/05/2025,Engine Diagnostic,2756,76268,1,Johnsonbury Auto Care,FALSE
SRV-004252,VEH-00175,24/09/2024,Full Service,38462,57916,0,South Robert Auto Care,FALSE
SRV-004253,VEH-01430,07/01/2025,AC Repair,14599,97303,0,East Christophermouth Auto Care,FALSE
SRV-004254,VEH-01478,02/08/2024,Recall Fix,0,14067,0,South Jennifertown Auto Care,FALSE
SRV-004255,VEH-01549,17/11/2023,Suspension Repair,14324,3403,3,Schneidertown Auto Care,FALSE
SRV-004256,VEH-02713,03/12/2022,Battery Replacement,15781,48248,1,Matthewbury Auto Care,FALSE
SRV-004257,VEH-00587,17/11/2025,Tire Rotation,1318,96202,3,New Bethshire Auto Care,FALSE
SRV-004258,VEH-02425,15/07/2023,Engine Diagnostic,3396,82693,0,Josephland Auto Care,TRUE
SRV-004259,VEH-01845,06/07/2025,Oil Change,4058,9216,2,Millerton Auto Care,FALSE
SRV-004260,VEH-00018,13/07/2023,AC Repair,17443,19102,1,Lynchside Auto Care,FALSE
SRV-004261,VEH-01659,26/06/2026,Recall Fix,0,29960,1,South Diana Auto Care,TRUE
SRV-004262,VEH-02148,30/04/2023,Transmission Service,44750,6024,0,Matthewmouth Auto Care,FALSE
SRV-004263,VEH-01289,17/08/2024,AC Repair,21979,17889,2,Nicoleville Auto Care,FALSE
SRV-004264,VEH-02164,16/05/2025,Recall Fix,0,20488,1,Jenniferton Auto Care,FALSE
SRV-004265,VEH-00319,13/12/2024,Brake Inspection,5520,49419,3,South Patrickbury Auto Care,FALSE
SRV-004266,VEH-00949,02/07/2024,Transmission Service,23755,3277,3,West Alexander Auto Care,TRUE
SRV-004267,VEH-00231,24/06/2025,Tire Rotation,1392,27750,1,Lake Katelynland Auto Care,FALSE
SRV-004268,VEH-01069,10/08/2026,Brake Inspection,6337,43478,0,Knightville Auto Care,FALSE
SRV-004269,VEH-01697,12/10/2023,Tire Rotation,2735,18897,2,East Nicholas Auto Care,FALSE
SRV-004270,VEH-01719,22/12/2023,AC Repair,24572,117986,2,Lauraburgh Auto Care,FALSE
SRV-004271,VEH-00394,02/01/2025,AC Repair,13511,4836,0,West Elizabethborough Auto Care,TRUE
SRV-004272,VEH-02490,29/06/2023,Recall Fix,0,30865,0,Scottview Auto Care,FALSE
SRV-004273,VEH-02655,14/03/2026,Tire Rotation,1191,39176,1,Kristenville Auto Care,TRUE
SRV-004274,VEH-01578,16/06/2024,Tire Rotation,1927,4553,0,Brendaview Auto Care,FALSE
SRV-004275,VEH-02259,02/07/2024,AC Repair,13490,10672,1,Port Markburgh Auto Care,FALSE
SRV-004276,VEH-00054,09/06/2025,Tire Rotation,1477,10654,1,Arnoldmouth Auto Care,FALSE
SRV-004277,VEH-02749,15/09/2026,Battery Replacement,17890,171904,0,West Robertport Auto Care,FALSE
SRV-004278,VEH-02682,04/07/2025,Wheel Alignment,3684,56775,0,Lake Tommyshire Auto Care,FALSE
SRV-004279,VEH-00266,22/10/2023,Full Service,22527,772,3,South Desireetown Auto Care,FALSE
SRV-004280,VEH-01237,15/07/2024,Wheel Alignment,3444,6181,1,Lake Jessicaside Auto Care,TRUE
SRV-004281,VEH-00871,27/02/2023,Battery Replacement,10295,3296,2,West Scott Auto Care,TRUE
SRV-004282,VEH-00068,31/12/2022,Engine Diagnostic,4070,21647,2,Johnsonhaven Auto Care,TRUE
SRV-004283,VEH-02207,21/10/2025,Tire Rotation,2575,47103,3,East Joseph Auto Care,FALSE
SRV-004284,VEH-00460,27/01/2025,Tire Rotation,2518,35957,3,Jonesfort Auto Care,FALSE
SRV-004285,VEH-01658,14/12/2022,Bodywork/Panel Repair,91283,31665,1,Freemanfurt Auto Care,FALSE
SRV-004286,VEH-01799,16/03/2026,Wheel Alignment,3894,110718,1,Antoniotown Auto Care,FALSE
SRV-004287,VEH-02593,12/01/2026,Full Service,30481,31227,2,East Meaganshire Auto Care,FALSE
SRV-004288,VEH-01169,26/11/2025,Bodywork/Panel Repair,58549,107110,2,Oliverchester Auto Care,TRUE
SRV-004289,VEH-01763,10/01/2024,Battery Replacement,10429,17409,1,Smithport Auto Care,FALSE
SRV-004290,VEH-00104,01/09/2025,Battery Replacement,19355,14471,1,Batesland Auto Care,FALSE
SRV-004291,VEH-01751,13/06/2024,Suspension Repair,14889,18842,1,Raymondberg Auto Care,FALSE
SRV-004292,VEH-00780,21/01/2024,Battery Replacement,8617,17425,3,Jenkinsmouth Auto Care,FALSE
SRV-004293,VEH-02947,27/06/2024,Tire Rotation,1995,2703,0,Calebstad Auto Care,FALSE
SRV-004294,VEH-02646,07/01/2023,Brake Inspection,5277,117340,2,Connerberg Auto Care,FALSE
SRV-004295,VEH-02019,13/11/2024,Bodywork/Panel Repair,96294,8534,0,East Patrickville Auto Care,FALSE
SRV-004296,VEH-02662,30/01/2026,AC Repair,5611,11383,1,Haroldberg Auto Care,FALSE
SRV-004297,VEH-00058,11/03/2026,Full Service,35076,44649,0,Victorfurt Auto Care,FALSE
SRV-004298,VEH-00898,24/03/2025,Brake Inspection,3532,18803,0,Boydville Auto Care,FALSE
SRV-004299,VEH-01056,18/08/2023,Wheel Alignment,3726,49,2,Horneland Auto Care,FALSE
SRV-004300,VEH-01333,25/04/2025,Transmission Service,37711,41237,2,Rachelside Auto Care,FALSE
SRV-004301,VEH-00282,29/10/2022,AC Repair,19555,116630,2,Josephfurt Auto Care,TRUE
SRV-004302,VEH-02839,21/09/2023,Oil Change,4070,24083,0,Ginaton Auto Care,TRUE
SRV-004303,VEH-01170,20/03/2026,Battery Replacement,14794,79455,1,Lake Danaberg Auto Care,FALSE
SRV-004304,VEH-01492,13/09/2026,Oil Change,2650,846,2,Blevinsberg Auto Care,FALSE
SRV-004305,VEH-02683,01/05/2025,Suspension Repair,40111,822,0,South Cristianville Auto Care,FALSE
SRV-004306,VEH-00294,09/03/2023,AC Repair,13844,20476,1,North Tara Auto Care,FALSE
SRV-004307,VEH-00360,30/04/2025,Recall Fix,0,29318,3,West Alexahaven Auto Care,FALSE
SRV-004308,VEH-02598,22/12/2023,Wheel Alignment,3635,36885,1,New Whitneyfurt Auto Care,TRUE
SRV-004309,VEH-02814,05/06/2025,Battery Replacement,17382,8996,3,South Crystal Auto Care,FALSE
SRV-004310,VEH-02583,31/12/2025,Full Service,13531,7231,1,North Kim Auto Care,FALSE
SRV-004311,VEH-01153,29/08/2025,Recall Fix,0,28312,3,Brendachester Auto Care,FALSE
SRV-004312,VEH-00056,07/11/2022,AC Repair,18019,12171,0,Hunthaven Auto Care,FALSE
SRV-004313,VEH-00953,01/06/2023,Engine Diagnostic,4166,117391,1,Sherryberg Auto Care,FALSE
SRV-004314,VEH-00013,13/03/2023,Engine Diagnostic,3295,42544,0,New Stephanie Auto Care,FALSE
SRV-004315,VEH-02894,07/06/2023,AC Repair,18573,5262,3,East Sandra Auto Care,TRUE
SRV-004316,VEH-01366,31/08/2023,Bodywork/Panel Repair,103130,4544,0,North Larryburgh Auto Care,FALSE
SRV-004317,VEH-02232,06/05/2026,Bodywork/Panel Repair,117189,11075,3,North Christopher Auto Care,FALSE
SRV-004318,VEH-00445,12/06/2026,Transmission Service,56326,20927,0,Timothyshire Auto Care,FALSE
SRV-004319,VEH-01411,04/09/2025,Recall Fix,0,23313,2,Sototown Auto Care,FALSE
SRV-004320,VEH-00119,31/10/2023,Transmission Service,59702,6097,0,North Krystal Auto Care,FALSE
SRV-004321,VEH-01339,04/10/2025,Suspension Repair,34625,34819,3,North Nicholas Auto Care,FALSE
SRV-004322,VEH-02549,20/11/2022,Wheel Alignment,2007,330,0,Margaretshire Auto Care,FALSE
SRV-004323,VEH-00271,10/03/2024,Battery Replacement,16143,14334,3,Johnburgh Auto Care,FALSE
SRV-004324,VEH-02647,01/08/2026,Battery Replacement,19917,35762,2,Michaelland Auto Care,FALSE
SRV-004325,VEH-00586,08/09/2026,Full Service,14246,46408,0,Port Carla Auto Care,TRUE
SRV-004326,VEH-00765,17/12/2025,Transmission Service,44787,56814,2,New Stephen Auto Care,FALSE
SRV-004327,VEH-02989,14/12/2024,Engine Diagnostic,4233,17636,0,Jamestown Auto Care,FALSE
SRV-004328,VEH-00022,06/08/2024,Bodywork/Panel Repair,50449,85412,0,Ashleyland Auto Care,TRUE
SRV-004329,VEH-00505,08/11/2023,Engine Diagnostic,2929,3902,0,Perryview Auto Care,FALSE
SRV-004330,VEH-01152,30/06/2023,AC Repair,18606,110329,1,Robinsontown Auto Care,TRUE
SRV-004331,VEH-01731,22/03/2025,AC Repair,19598,1970,0,North Marissa Auto Care,FALSE
SRV-004332,VEH-00602,02/03/2023,Engine Diagnostic,2783,24126,2,Brownchester Auto Care,FALSE
SRV-004333,VEH-02798,11/06/2025,AC Repair,10307,4217,3,East Karen Auto Care,FALSE
SRV-004334,VEH-01851,13/05/2023,Full Service,27604,9010,2,Brianville Auto Care,FALSE
SRV-004335,VEH-01174,04/05/2024,Brake Inspection,6816,3963,0,Port William Auto Care,TRUE
SRV-004336,VEH-02685,27/10/2022,Transmission Service,16194,46376,0,Port Robertton Auto Care,FALSE
SRV-004337,VEH-01233,20/09/2026,Wheel Alignment,1828,3714,2,Allenburgh Auto Care,FALSE
SRV-004338,VEH-01554,18/08/2026,Engine Diagnostic,4867,26116,1,Port Audreystad Auto Care,FALSE
SRV-004339,VEH-01660,25/05/2025,Transmission Service,30685,69506,0,South Travisland Auto Care,FALSE
SRV-004340,VEH-02466,16/11/2024,Oil Change,3706,12935,1,South Robertstad Auto Care,TRUE
SRV-004341,VEH-02618,20/06/2025,Brake Inspection,2492,13125,0,Lake Matthewstad Auto Care,FALSE
SRV-004342,VEH-01219,30/06/2026,Oil Change,4502,49851,2,Jesustown Auto Care,FALSE
SRV-004343,VEH-02315,12/12/2022,Full Service,14967,1223,1,South Felicia Auto Care,FALSE
SRV-004344,VEH-02231,31/10/2024,AC Repair,5772,58281,3,South Caseyberg Auto Care,FALSE
SRV-004345,VEH-02034,21/02/2026,Recall Fix,0,68414,3,Wallacebury Auto Care,FALSE
SRV-004346,VEH-01576,09/08/2025,AC Repair,7233,14131,1,Jonathonborough Auto Care,TRUE
SRV-004347,VEH-01729,15/08/2025,Engine Diagnostic,2435,16566,0,Lake Courtneychester Auto Care,FALSE
SRV-004348,VEH-01496,19/02/2023,Suspension Repair,13317,35111,0,New Richardhaven Auto Care,FALSE
SRV-004349,VEH-00149,17/03/2023,Battery Replacement,19723,3104,1,Kimberlyburgh Auto Care,FALSE
SRV-004350,VEH-00408,04/07/2025,Transmission Service,18832,209156,2,New Mitchellburgh Auto Care,FALSE
SRV-004351,VEH-01327,22/02/2025,Engine Diagnostic,3242,12387,1,North Sarah Auto Care,FALSE
SRV-004352,VEH-02116,22/06/2026,Full Service,31248,54277,1,Ericaview Auto Care,FALSE
SRV-004353,VEH-00315,24/04/2025,Recall Fix,0,46666,2,East Rebecca Auto Care,FALSE
SRV-004354,VEH-00286,14/11/2023,Engine Diagnostic,4947,561,2,Salinasside Auto Care,FALSE
SRV-004355,VEH-00141,23/05/2025,Engine Diagnostic,3087,64635,2,Moralesville Auto Care,FALSE
SRV-004356,VEH-01285,20/06/2024,Recall Fix,0,21570,3,Parsonsville Auto Care,FALSE
SRV-004357,VEH-00129,04/01/2025,Full Service,19165,9392,1,Steventon Auto Care,FALSE
SRV-004358,VEH-02607,18/02/2023,AC Repair,18446,37026,1,Port Ashleyton Auto Care,FALSE
SRV-004359,VEH-00318,10/09/2026,Transmission Service,17509,689,0,Hallside Auto Care,FALSE
SRV-004360,VEH-00997,16/08/2026,Transmission Service,52368,33046,1,Moralesstad Auto Care,TRUE
SRV-004361,VEH-02619,30/07/2025,Engine Diagnostic,2173,108741,1,Vancemouth Auto Care,FALSE
SRV-004362,VEH-01930,22/02/2024,Transmission Service,55277,118285,2,Martinton Auto Care,FALSE
SRV-004363,VEH-00898,19/07/2023,Bodywork/Panel Repair,119262,20906,1,Chadbury Auto Care,FALSE
SRV-004364,VEH-02045,21/01/2025,Transmission Service,21982,1641,0,Burnettland Auto Care,TRUE
SRV-004365,VEH-00947,15/09/2024,Tire Rotation,2676,24064,2,Villegasbury Auto Care,TRUE
SRV-004366,VEH-02509,29/06/2025,Brake Inspection,7373,1578,1,Hernandezfort Auto Care,TRUE
SRV-004367,VEH-00703,17/06/2023,Brake Inspection,4084,1596,0,Marytown Auto Care,FALSE
SRV-004368,VEH-00681,05/06/2024,Battery Replacement,14457,133743,0,West Cheyenne Auto Care,FALSE
SRV-004369,VEH-01992,01/09/2023,Wheel Alignment,2712,2643,1,East Kelseystad Auto Care,FALSE
SRV-004370,VEH-02350,19/01/2023,Transmission Service,57759,21886,1,North Catherineville Auto Care,FALSE
SRV-004371,VEH-02661,24/06/2023,Recall Fix,0,13340,2,Lake Lisa Auto Care,FALSE
SRV-004372,VEH-01869,16/12/2024,Engine Diagnostic,3563,21015,1,Davisland Auto Care,FALSE
SRV-004373,VEH-01639,23/02/2023,Brake Inspection,4167,166044,0,East Nicolehaven Auto Care,TRUE
SRV-004374,VEH-01292,05/11/2022,Tire Rotation,1292,1050,3,Marshallland Auto Care,FALSE
SRV-004375,VEH-02534,23/12/2022,Tire Rotation,2440,77418,2,East Brianview Auto Care,TRUE
SRV-004376,VEH-01593,15/10/2025,Full Service,23206,13981,1,Maureenshire Auto Care,FALSE
SRV-004377,VEH-00970,17/09/2023,Oil Change,3190,62398,0,Franklinfurt Auto Care,FALSE
SRV-004378,VEH-02919,11/09/2023,Brake Inspection,6449,1852,1,Marcomouth Auto Care,FALSE
SRV-004379,VEH-01178,27/10/2025,AC Repair,5425,64382,2,Michelleside Auto Care,FALSE
SRV-004380,VEH-02105,07/09/2026,Battery Replacement,15421,49935,1,New Robertburgh Auto Care,FALSE
SRV-004381,VEH-01078,02/04/2026,Tire Rotation,2029,46069,1,Port Jennifer Auto Care,FALSE
SRV-004382,VEH-00031,08/12/2022,Suspension Repair,44285,26200,3,East Michellebury Auto Care,FALSE
SRV-004383,VEH-00805,25/05/2024,Tire Rotation,2574,15969,2,South Kimberly Auto Care,FALSE
SRV-004384,VEH-01221,20/08/2025,Brake Inspection,2971,3726,2,Timothyton Auto Care,FALSE
SRV-004385,VEH-00341,08/12/2024,Oil Change,3843,99363,1,West Bryceside Auto Care,FALSE
SRV-004386,VEH-00917,05/04/2026,Engine Diagnostic,2631,107624,0,Lake Kristinafort Auto Care,FALSE
SRV-004387,VEH-00838,21/06/2026,Bodywork/Panel Repair,107100,46987,1,East Kelli Auto Care,FALSE
SRV-004388,VEH-02109,21/12/2024,Full Service,27439,2227,0,South Caleb Auto Care,FALSE
SRV-004389,VEH-02609,06/09/2025,Suspension Repair,44888,26521,1,Randystad Auto Care,FALSE
SRV-004390,VEH-01576,14/04/2024,Full Service,15704,19779,0,Bellbury Auto Care,FALSE
SRV-004391,VEH-00731,07/01/2023,Brake Inspection,7856,65208,3,North Sarahchester Auto Care,FALSE
SRV-004392,VEH-01529,02/06/2026,Brake Inspection,7634,322,1,Friedmanmouth Auto Care,FALSE
SRV-004393,VEH-02851,20/01/2024,Battery Replacement,19781,55225,3,South Luis Auto Care,FALSE
SRV-004394,VEH-01335,17/09/2026,Engine Diagnostic,3994,3586,0,West Alexandraland Auto Care,FALSE
SRV-004395,VEH-00980,26/06/2023,Transmission Service,47875,568,2,Michaelville Auto Care,FALSE
SRV-004396,VEH-00116,16/08/2025,Transmission Service,33009,74665,0,Reedfort Auto Care,FALSE
SRV-004397,VEH-01069,23/02/2025,AC Repair,14220,52349,3,Joshuaview Auto Care,FALSE
SRV-004398,VEH-02214,11/10/2022,Suspension Repair,15950,9005,2,Lake Samanthamouth Auto Care,FALSE
SRV-004399,VEH-01401,29/01/2025,Engine Diagnostic,2450,5989,1,Fuenteschester Auto Care,FALSE
SRV-004400,VEH-00966,21/12/2024,Battery Replacement,15991,24149,0,Saraburgh Auto Care,FALSE
SRV-004401,VEH-01635,16/08/2024,AC Repair,22293,10623,1,West Jonathan Auto Care,TRUE
SRV-004402,VEH-01914,04/05/2026,Tire Rotation,1070,12766,3,Port Alyssa Auto Care,FALSE
SRV-004403,VEH-02708,22/04/2026,Oil Change,5536,261349,0,West Anthony Auto Care,FALSE
SRV-004404,VEH-00944,14/05/2026,Brake Inspection,3443,14645,1,East Antonio Auto Care,FALSE
SRV-004405,VEH-02000,14/12/2024,Suspension Repair,34606,3019,1,East Fernandoshire Auto Care,FALSE
SRV-004406,VEH-01634,08/12/2023,Brake Inspection,6577,5294,2,New Scott Auto Care,TRUE
SRV-004407,VEH-02837,29/11/2025,Full Service,38329,4145,1,Tonyaville Auto Care,TRUE
SRV-004408,VEH-01361,09/12/2022,Brake Inspection,1754,72067,3,Port Nina Auto Care,TRUE
SRV-004409,VEH-02326,14/10/2023,Engine Diagnostic,3306,55573,0,Darrenberg Auto Care,FALSE
SRV-004410,VEH-00530,06/08/2025,Brake Inspection,4784,3160,3,North Natalieport Auto Care,TRUE
SRV-004411,VEH-01769,27/11/2022,Transmission Service,17840,35905,1,South Margaretview Auto Care,FALSE
SRV-004412,VEH-02422,22/05/2025,Bodywork/Panel Repair,84655,16449,0,New Gregoryhaven Auto Care,FALSE
SRV-004413,VEH-02425,06/08/2023,Oil Change,5129,89638,1,West Ashlee Auto Care,TRUE
SRV-004414,VEH-02877,20/03/2026,Engine Diagnostic,3193,27846,2,North Adamchester Auto Care,FALSE
SRV-004415,VEH-00452,04/07/2026,Bodywork/Panel Repair,77378,8752,0,Johnsonburgh Auto Care,FALSE
SRV-004416,VEH-00913,05/07/2026,Oil Change,3128,5581,1,Cindyland Auto Care,FALSE
SRV-004417,VEH-01868,08/12/2025,Transmission Service,31518,5886,1,Lanebury Auto Care,TRUE
SRV-004418,VEH-02405,11/02/2026,Oil Change,4868,41329,2,Jenniferside Auto Care,FALSE
SRV-004419,VEH-01367,31/12/2025,Transmission Service,49334,26103,1,Fordberg Auto Care,FALSE
SRV-004420,VEH-00402,27/04/2025,Tire Rotation,1923,4430,1,Nelsonfurt Auto Care,TRUE
SRV-004421,VEH-02877,10/08/2024,AC Repair,13250,32843,1,North Heather Auto Care,TRUE
SRV-004422,VEH-00047,12/09/2024,Full Service,35980,11167,2,North Sarah Auto Care,FALSE
SRV-004423,VEH-00264,10/11/2025,Brake Inspection,2617,9838,3,Bridgesburgh Auto Care,TRUE
SRV-004424,VEH-02841,17/01/2023,Recall Fix,0,80926,1,South Cassandra Auto Care,TRUE
SRV-004425,VEH-02580,08/11/2022,AC Repair,12451,11660,0,South Joyview Auto Care,TRUE
SRV-004426,VEH-01322,05/05/2026,Battery Replacement,8319,27550,0,Robertsside Auto Care,TRUE
SRV-004427,VEH-01445,10/11/2024,Battery Replacement,11180,20228,3,West Michael Auto Care,FALSE
SRV-004428,VEH-02881,12/08/2024,Oil Change,3397,27641,1,Leestad Auto Care,TRUE
SRV-004429,VEH-02500,30/11/2024,Transmission Service,38967,9182,1,Leeland Auto Care,FALSE
SRV-004430,VEH-00352,05/02/2023,Battery Replacement,19297,53294,1,West Keith Auto Care,FALSE
SRV-004431,VEH-01871,03/05/2025,Bodywork/Panel Repair,29712,5031,0,West Anna Auto Care,FALSE
SRV-004432,VEH-01041,24/09/2024,Recall Fix,0,203418,2,Luisport Auto Care,TRUE
SRV-004433,VEH-01722,24/01/2024,Brake Inspection,7459,15538,1,North Jamie Auto Care,FALSE
SRV-004434,VEH-01208,08/08/2026,Full Service,31824,4616,1,Port Juliefurt Auto Care,TRUE
SRV-004435,VEH-01856,24/01/2023,Transmission Service,17260,2186,2,South Vincent Auto Care,FALSE
SRV-004436,VEH-01112,01/09/2023,Oil Change,4327,68834,1,Lake Jenny Auto Care,FALSE
SRV-004437,VEH-01387,20/05/2025,Full Service,27288,88873,2,Lake Kellychester Auto Care,TRUE
SRV-004438,VEH-01505,01/10/2022,Suspension Repair,44814,30743,0,Paulmouth Auto Care,FALSE
SRV-004439,VEH-00688,31/12/2023,Engine Diagnostic,3620,9969,3,South Deanhaven Auto Care,FALSE
SRV-004440,VEH-00345,09/09/2026,Battery Replacement,16226,2422,3,Port Jenniferhaven Auto Care,TRUE
SRV-004441,VEH-00136,07/10/2024,Battery Replacement,14864,51228,3,Garciafort Auto Care,FALSE
SRV-004442,VEH-01889,07/09/2026,Recall Fix,0,17442,0,New Laurenside Auto Care,TRUE
SRV-004443,VEH-02996,30/01/2023,Oil Change,4415,11942,2,Sarahburgh Auto Care,TRUE
SRV-004444,VEH-00681,26/10/2024,Transmission Service,31465,138037,1,Hortonland Auto Care,TRUE
SRV-004445,VEH-01765,05/04/2024,AC Repair,5198,11308,0,South Marc Auto Care,FALSE
SRV-004446,VEH-01749,17/10/2022,Engine Diagnostic,4778,89445,2,Waltersborough Auto Care,FALSE
SRV-004447,VEH-01779,15/12/2025,Suspension Repair,20274,7638,0,Millerbury Auto Care,TRUE
SRV-004448,VEH-02908,14/07/2023,Oil Change,4260,6665,3,West Brianfurt Auto Care,FALSE
SRV-004449,VEH-01206,24/04/2026,Bodywork/Panel Repair,119532,37458,2,Port Francisco Auto Care,FALSE
SRV-004450,VEH-01445,18/06/2023,Wheel Alignment,2654,27428,2,South George Auto Care,TRUE
SRV-004451,VEH-01186,20/11/2024,Oil Change,5193,24947,3,Lake Meganshire Auto Care,FALSE
SRV-004452,VEH-02467,01/03/2026,Engine Diagnostic,3757,3889,1,Hartland Auto Care,FALSE
SRV-004453,VEH-01155,19/02/2026,Tire Rotation,2124,6417,0,Port Christophertown Auto Care,FALSE
SRV-004454,VEH-02583,02/10/2024,Transmission Service,33607,13914,0,South Paul Auto Care,TRUE
SRV-004455,VEH-01516,16/02/2026,Brake Inspection,7262,2095,1,Ellisville Auto Care,FALSE
SRV-004456,VEH-02674,12/03/2025,Full Service,37217,4351,1,Lawrencechester Auto Care,FALSE
SRV-004457,VEH-00673,30/01/2026,Suspension Repair,24283,8399,2,Warrenfurt Auto Care,FALSE
SRV-004458,VEH-02093,22/06/2023,Engine Diagnostic,2509,91399,0,Jamesville Auto Care,TRUE
SRV-004459,VEH-01081,16/12/2025,Battery Replacement,18103,5516,0,Calebside Auto Care,FALSE
SRV-004460,VEH-02488,22/06/2023,Oil Change,4000,15220,1,Beckstad Auto Care,FALSE
SRV-004461,VEH-02680,15/03/2025,AC Repair,22916,48582,0,Williamsmouth Auto Care,FALSE
SRV-004462,VEH-00697,26/08/2023,Bodywork/Panel Repair,113472,32015,1,North Yolanda Auto Care,FALSE
SRV-004463,VEH-00704,28/04/2023,Oil Change,3001,6891,2,Jonesberg Auto Care,TRUE
SRV-004464,VEH-00758,05/02/2023,Transmission Service,28831,6106,2,Davidmouth Auto Care,FALSE
SRV-004465,VEH-02239,08/07/2026,Full Service,27875,15720,0,New Meganberg Auto Care,FALSE
SRV-004466,VEH-01663,07/09/2024,AC Repair,7682,21362,0,North Laura Auto Care,FALSE
SRV-004467,VEH-01783,02/10/2024,Suspension Repair,42329,79661,1,Port Johnny Auto Care,FALSE
SRV-004468,VEH-02439,23/02/2025,Brake Inspection,2789,2570,3,New Mary Auto Care,FALSE
SRV-004469,VEH-00150,08/05/2023,Brake Inspection,5461,15304,3,Freemanchester Auto Care,FALSE
SRV-004470,VEH-01997,10/11/2025,Battery Replacement,11547,13814,3,Port Sethview Auto Care,FALSE
SRV-004471,VEH-01610,10/10/2022,Brake Inspection,6809,4523,0,Kevinstad Auto Care,FALSE
SRV-004472,VEH-01602,01/09/2026,Bodywork/Panel Repair,119261,4515,0,East Andreville Auto Care,FALSE
SRV-004473,VEH-01047,10/04/2023,Tire Rotation,1575,3182,3,Huntfort Auto Care,FALSE
SRV-004474,VEH-00714,18/06/2026,Oil Change,5416,91697,3,South Alexander Auto Care,FALSE
SRV-004475,VEH-00609,20/11/2023,Engine Diagnostic,3100,66682,0,Christinehaven Auto Care,FALSE
SRV-004476,VEH-02824,03/09/2024,Recall Fix,0,49350,0,Garciastad Auto Care,FALSE
SRV-004477,VEH-00752,21/12/2024,Wheel Alignment,3354,553,0,Port Sonya Auto Care,FALSE
SRV-004478,VEH-00638,30/10/2024,Wheel Alignment,1909,63145,0,Lake Dustinstad Auto Care,FALSE
SRV-004479,VEH-01397,08/04/2025,Suspension Repair,31908,6416,3,East Jennifer Auto Care,TRUE
SRV-004480,VEH-01189,17/02/2025,Tire Rotation,1300,4258,0,New Travisshire Auto Care,FALSE
SRV-004481,VEH-00203,24/08/2023,Engine Diagnostic,3609,396,0,Masonview Auto Care,FALSE
SRV-004482,VEH-00129,30/05/2023,AC Repair,10950,7150,1,West Carlosberg Auto Care,FALSE
SRV-004483,VEH-00343,28/09/2025,Tire Rotation,1920,99249,1,Jonestown Auto Care,FALSE
SRV-004484,VEH-02337,26/03/2025,Bodywork/Panel Repair,55184,51846,1,Lake Derekberg Auto Care,TRUE
SRV-004485,VEH-01978,09/10/2024,Tire Rotation,2103,1469,1,Stewartstad Auto Care,FALSE
SRV-004486,VEH-01884,19/07/2023,Full Service,20024,28756,0,South Ronald Auto Care,TRUE
SRV-004487,VEH-01965,26/05/2025,Brake Inspection,3488,2599,0,Perezburgh Auto Care,TRUE
SRV-004488,VEH-02591,11/07/2024,Oil Change,4803,23521,0,Wandaburgh Auto Care,TRUE
SRV-004489,VEH-02425,02/08/2024,Bodywork/Panel Repair,103876,85405,1,Wisemouth Auto Care,TRUE
SRV-004490,VEH-02587,20/08/2023,Oil Change,5265,73729,3,North Joseberg Auto Care,FALSE
SRV-004491,VEH-00398,22/03/2026,AC Repair,24491,16632,0,West Donna Auto Care,TRUE
SRV-004492,VEH-01423,19/10/2024,Recall Fix,0,47425,1,Johnton Auto Care,TRUE
SRV-004493,VEH-00315,02/09/2026,Recall Fix,0,55939,2,Jonesfurt Auto Care,TRUE
SRV-004494,VEH-02168,04/05/2023,Full Service,25861,27803,0,Moralesview Auto Care,FALSE
SRV-004495,VEH-02973,11/10/2024,Brake Inspection,5824,1041,1,Aimeetown Auto Care,FALSE
SRV-004496,VEH-02819,17/06/2025,AC Repair,10068,1134,1,Patrickville Auto Care,FALSE
SRV-004497,VEH-00469,17/09/2023,Tire Rotation,2441,53913,3,Lake Andrewfurt Auto Care,FALSE
SRV-004498,VEH-02773,29/05/2024,Bodywork/Panel Repair,53170,71115,3,Lake Ericfort Auto Care,TRUE
SRV-004499,VEH-01205,06/05/2023,Full Service,37689,64139,0,Matthewborough Auto Care,TRUE
SRV-004500,VEH-00840,30/10/2025,Transmission Service,34203,31990,2,Monicatown Auto Care,FALSE
SRV-004501,VEH-02000,16/04/2025,Oil Change,5143,11612,0,North Dianehaven Auto Care,FALSE
SRV-004502,VEH-02167,18/10/2022,Brake Inspection,1915,13842,2,Spencerton Auto Care,FALSE
SRV-004503,VEH-00484,30/06/2026,Suspension Repair,39265,14803,0,Simsshire Auto Care,TRUE
SRV-004504,VEH-01771,11/04/2026,AC Repair,14376,3688,0,Glendaborough Auto Care,FALSE
SRV-004505,VEH-01060,18/06/2025,Transmission Service,39082,45765,1,Monroeberg Auto Care,FALSE
SRV-004506,VEH-00821,24/07/2024,Engine Diagnostic,2088,145876,0,East Thomas Auto Care,TRUE
SRV-004507,VEH-01521,29/10/2022,Battery Replacement,12641,12752,0,Wendyport Auto Care,FALSE
SRV-004508,VEH-01083,17/08/2023,Wheel Alignment,3567,37829,1,East Jennifer Auto Care,FALSE
SRV-004509,VEH-00942,11/10/2022,Bodywork/Panel Repair,79956,3495,2,South Ann Auto Care,FALSE
SRV-004510,VEH-01189,21/07/2026,Recall Fix,0,14891,0,Raymondburgh Auto Care,TRUE
SRV-004511,VEH-02152,09/12/2023,Full Service,27394,16234,2,South Rachelhaven Auto Care,FALSE
SRV-004512,VEH-00366,09/08/2023,Wheel Alignment,2821,40868,0,Cervantesview Auto Care,FALSE
SRV-004513,VEH-01675,13/10/2025,Full Service,23283,2075,1,Aliciaton Auto Care,FALSE
SRV-004514,VEH-02159,15/02/2026,Battery Replacement,15339,2805,0,East Karen Auto Care,TRUE
SRV-004515,VEH-01370,26/09/2024,Recall Fix,0,2412,1,North Karafurt Auto Care,FALSE
SRV-004516,VEH-01662,13/01/2024,AC Repair,12181,5277,3,Lake Andrewmouth Auto Care,FALSE
SRV-004517,VEH-00625,13/01/2024,Battery Replacement,18904,5541,0,West Aliciafort Auto Care,TRUE
SRV-004518,VEH-02160,01/05/2025,Brake Inspection,4071,10927,3,Emilyport Auto Care,TRUE
SRV-004519,VEH-00571,26/10/2025,Battery Replacement,8564,2242,0,Lake Amandaview Auto Care,FALSE
SRV-004520,VEH-00008,17/04/2026,Engine Diagnostic,3739,20248,1,West Katelynstad Auto Care,FALSE
SRV-004521,VEH-02747,17/07/2026,Full Service,30710,6570,2,South Martinchester Auto Care,FALSE
SRV-004522,VEH-01366,01/11/2023,Full Service,34258,4096,1,Beckybury Auto Care,FALSE
SRV-004523,VEH-02460,01/06/2026,Tire Rotation,2050,13482,1,North Kevin Auto Care,FALSE
SRV-004524,VEH-00721,16/02/2026,Brake Inspection,3650,102542,0,New Phillipburgh Auto Care,FALSE
SRV-004525,VEH-02380,05/05/2026,Tire Rotation,2054,135037,3,Jenniferton Auto Care,FALSE
SRV-004526,VEH-00504,20/05/2026,Bodywork/Panel Repair,64766,43582,0,Katiefurt Auto Care,FALSE
SRV-004527,VEH-02462,16/04/2024,Bodywork/Panel Repair,108800,3472,3,Julieland Auto Care,TRUE
SRV-004528,VEH-02295,31/03/2025,Oil Change,5718,3430,0,Lake Shellychester Auto Care,FALSE
SRV-004529,VEH-02125,13/12/2022,Suspension Repair,18913,59486,0,Lake Gregoryberg Auto Care,FALSE
SRV-004530,VEH-01945,19/05/2023,Transmission Service,36708,44443,0,Maldonadomouth Auto Care,FALSE
SRV-004531,VEH-02354,07/08/2026,Bodywork/Panel Repair,64434,41089,3,Vasquezburgh Auto Care,TRUE
SRV-004532,VEH-00843,09/07/2024,Recall Fix,0,13799,0,Taylorbury Auto Care,FALSE
SRV-004533,VEH-01042,18/05/2026,Recall Fix,0,1179,1,Rachelville Auto Care,TRUE
SRV-004534,VEH-02444,09/07/2026,Engine Diagnostic,2998,44568,0,Frenchland Auto Care,FALSE
SRV-004535,VEH-02539,07/05/2026,Recall Fix,0,8511,2,Alexandraton Auto Care,FALSE
SRV-004536,VEH-01215,07/01/2025,Engine Diagnostic,3306,4413,0,Wardside Auto Care,FALSE
SRV-004537,VEH-00565,11/05/2024,Wheel Alignment,1768,148061,2,West Richardberg Auto Care,TRUE
SRV-004538,VEH-01397,12/07/2025,Engine Diagnostic,3860,634,3,Lake Chaseshire Auto Care,FALSE
SRV-004539,VEH-01448,06/09/2023,Recall Fix,0,26817,0,Medinastad Auto Care,FALSE
SRV-004540,VEH-01584,08/10/2024,Oil Change,5069,18021,0,Valerieburgh Auto Care,TRUE
SRV-004541,VEH-01481,04/08/2026,Bodywork/Panel Repair,102502,109522,0,Lake William Auto Care,TRUE
SRV-004542,VEH-02154,22/07/2024,Bodywork/Panel Repair,37886,158689,1,Smithview Auto Care,FALSE
SRV-004543,VEH-00920,14/11/2023,Battery Replacement,19564,34308,0,Saraland Auto Care,FALSE
SRV-004544,VEH-00193,10/01/2025,Brake Inspection,2150,16734,1,Cunninghamland Auto Care,TRUE
SRV-004545,VEH-01223,14/09/2023,Tire Rotation,1737,132947,3,West Benjaminton Auto Care,FALSE
SRV-004546,VEH-01743,22/11/2024,Wheel Alignment,2361,14389,2,Taylorhaven Auto Care,FALSE
SRV-004547,VEH-01979,19/12/2025,Engine Diagnostic,3745,5968,3,West Jessica Auto Care,FALSE
SRV-004548,VEH-02706,16/02/2024,Full Service,26186,5362,0,Garciaburgh Auto Care,FALSE
SRV-004549,VEH-02838,20/09/2024,Suspension Repair,31180,6949,1,New Jefferyland Auto Care,FALSE
SRV-004550,VEH-01874,08/04/2025,Tire Rotation,1078,72472,1,Lake Ianland Auto Care,FALSE
SRV-004551,VEH-02543,17/05/2023,Engine Diagnostic,2978,6626,1,Kristishire Auto Care,FALSE
SRV-004552,VEH-01941,16/03/2026,Wheel Alignment,2412,4974,0,Jermainemouth Auto Care,FALSE
SRV-004553,VEH-02213,25/08/2023,Engine Diagnostic,2993,7489,2,Lake Tina Auto Care,TRUE
SRV-004554,VEH-01891,30/03/2023,Full Service,33820,14892,0,Port Roger Auto Care,TRUE
SRV-004555,VEH-00151,13/06/2024,Transmission Service,57467,14357,0,Lake Brandon Auto Care,FALSE
SRV-004556,VEH-01751,14/02/2025,Battery Replacement,12351,3053,1,Philipton Auto Care,TRUE
SRV-004557,VEH-02515,26/04/2026,Wheel Alignment,3844,5884,0,Lake Edwinside Auto Care,FALSE
SRV-004558,VEH-02899,22/02/2024,Tire Rotation,1597,43802,3,Caseyland Auto Care,FALSE
SRV-004559,VEH-01974,10/10/2025,Full Service,19435,20339,1,Lake Davidland Auto Care,TRUE
SRV-004560,VEH-01448,05/04/2024,Suspension Repair,42523,3558,1,East Kimberlyland Auto Care,FALSE
SRV-004561,VEH-00983,26/05/2026,Tire Rotation,2364,41839,0,Mikeview Auto Care,FALSE
SRV-004562,VEH-00147,19/10/2025,Engine Diagnostic,3185,40128,1,South Tonya Auto Care,TRUE
SRV-004563,VEH-01023,03/09/2025,Recall Fix,0,49809,1,Lambertland Auto Care,TRUE
SRV-004564,VEH-01568,24/06/2025,Oil Change,5958,79750,3,Calvinton Auto Care,FALSE
SRV-004565,VEH-00523,23/01/2024,Suspension Repair,32257,5395,3,Derekhaven Auto Care,FALSE
SRV-004566,VEH-01093,05/01/2025,Brake Inspection,6905,85979,0,Sullivanchester Auto Care,FALSE
SRV-004567,VEH-02347,21/11/2024,Brake Inspection,5359,32829,0,Port Stacytown Auto Care,FALSE
SRV-004568,VEH-00631,29/09/2025,Battery Replacement,12307,46018,3,Sarahmouth Auto Care,FALSE
SRV-004569,VEH-02217,26/05/2023,Wheel Alignment,1827,167612,0,Johnsonville Auto Care,FALSE
SRV-004570,VEH-02187,17/11/2025,AC Repair,15886,5068,1,Mariefurt Auto Care,FALSE
SRV-004571,VEH-01258,29/11/2023,Suspension Repair,13223,14248,2,Port Jamesberg Auto Care,TRUE
SRV-004572,VEH-01137,15/03/2026,Oil Change,4054,2913,1,North Davidborough Auto Care,FALSE
SRV-004573,VEH-01430,24/01/2023,Full Service,22347,91312,2,Joseside Auto Care,FALSE
SRV-004574,VEH-02958,17/06/2024,Brake Inspection,2579,81310,3,South Rodney Auto Care,FALSE
SRV-004575,VEH-01640,16/11/2022,AC Repair,19168,78182,3,New Louis Auto Care,FALSE
SRV-004576,VEH-02043,16/11/2023,Battery Replacement,15967,43049,1,Karinashire Auto Care,TRUE
SRV-004577,VEH-01080,23/09/2025,Engine Diagnostic,2136,5035,3,Murphyburgh Auto Care,FALSE
SRV-004578,VEH-00085,18/05/2026,Full Service,33228,12367,1,Reedfort Auto Care,FALSE
SRV-004579,VEH-01805,24/11/2022,Suspension Repair,32325,9378,3,West Roberthaven Auto Care,FALSE
SRV-004580,VEH-01796,16/09/2025,Brake Inspection,4425,66309,3,Justinborough Auto Care,FALSE
SRV-004581,VEH-02755,23/06/2026,Suspension Repair,11180,44886,3,New Darlene Auto Care,TRUE
SRV-004582,VEH-00869,03/10/2025,AC Repair,24125,7463,0,Lake Christopherton Auto Care,FALSE
SRV-004583,VEH-02500,07/10/2025,Brake Inspection,5268,6047,1,Thompsonbury Auto Care,TRUE
SRV-004584,VEH-02995,20/02/2025,Tire Rotation,1829,76629,2,Jessicachester Auto Care,FALSE
SRV-004585,VEH-01930,15/02/2023,Brake Inspection,5667,111365,3,South Christopher Auto Care,FALSE
SRV-004586,VEH-02923,08/02/2026,Tire Rotation,1489,2560,3,North Raventown Auto Care,FALSE
SRV-004587,VEH-01661,08/08/2023,Brake Inspection,7983,19668,0,Scottshire Auto Care,FALSE
SRV-004588,VEH-00318,26/08/2025,Transmission Service,28372,5979,0,North Lauren Auto Care,FALSE
SRV-004589,VEH-02243,09/10/2022,Transmission Service,47691,159869,1,Mcfarlandhaven Auto Care,FALSE
SRV-004590,VEH-00052,17/01/2026,Brake Inspection,7734,77719,3,Johnsonfort Auto Care,FALSE
SRV-004591,VEH-02000,20/09/2024,Engine Diagnostic,3827,8015,0,Sethland Auto Care,FALSE
SRV-004592,VEH-01126,10/04/2024,Engine Diagnostic,4296,4104,1,Kristimouth Auto Care,FALSE
SRV-004593,VEH-02772,17/05/2024,Transmission Service,49449,11566,3,Lake Jacob Auto Care,TRUE
SRV-004594,VEH-01693,23/08/2025,Suspension Repair,19461,225644,0,Tylerport Auto Care,TRUE
SRV-004595,VEH-02417,15/07/2026,Recall Fix,0,47987,1,Abbottland Auto Care,TRUE
SRV-004596,VEH-02045,13/11/2025,Engine Diagnostic,2173,14033,3,Marymouth Auto Care,TRUE
SRV-004597,VEH-00237,26/11/2024,Recall Fix,0,14899,2,Christinetown Auto Care,TRUE
SRV-004598,VEH-01126,14/03/2025,Full Service,21842,9643,1,Davidside Auto Care,FALSE
SRV-004599,VEH-02630,30/08/2026,Recall Fix,0,3591,0,New Lawrenceton Auto Care,TRUE
SRV-004600,VEH-02911,04/04/2024,Transmission Service,19307,40733,3,Smithborough Auto Care,FALSE
SRV-004601,VEH-02978,25/03/2026,Suspension Repair,44759,105470,1,South Mary Auto Care,FALSE
SRV-004602,VEH-00866,21/04/2026,AC Repair,11601,6691,1,Duranberg Auto Care,FALSE
SRV-004603,VEH-00554,30/10/2025,Oil Change,3086,42245,0,Jessicaton Auto Care,FALSE
SRV-004604,VEH-00382,22/09/2023,Transmission Service,27555,135764,0,West Melissatown Auto Care,FALSE
SRV-004605,VEH-02336,24/11/2024,Tire Rotation,1397,9202,0,Burnettbury Auto Care,FALSE
SRV-004606,VEH-01381,13/09/2023,Suspension Repair,12873,13817,0,Port Stacyview Auto Care,FALSE
SRV-004607,VEH-00180,24/06/2024,Brake Inspection,4142,29989,0,Buckleychester Auto Care,TRUE
SRV-004608,VEH-00621,24/07/2025,Bodywork/Panel Repair,27726,12198,1,Spencerside Auto Care,TRUE
SRV-004609,VEH-02179,26/08/2026,Brake Inspection,3541,27141,0,Dennischester Auto Care,FALSE
SRV-004610,VEH-00171,24/09/2026,Battery Replacement,17502,127620,2,Christopherhaven Auto Care,FALSE
SRV-004611,VEH-02639,18/12/2022,Oil Change,2928,204161,1,North Terryberg Auto Care,TRUE
SRV-004612,VEH-01093,20/07/2026,Brake Inspection,3599,75949,0,Simpsonburgh Auto Care,FALSE
SRV-004613,VEH-02277,10/12/2023,Battery Replacement,8880,61107,1,Michaelmouth Auto Care,FALSE
SRV-004614,VEH-02532,29/04/2026,Transmission Service,59924,1994,1,Johnsonborough Auto Care,FALSE
SRV-004615,VEH-02699,01/11/2023,Recall Fix,0,7955,0,West Laura Auto Care,FALSE
SRV-004616,VEH-02635,17/02/2023,Battery Replacement,10592,5222,1,Romanland Auto Care,TRUE
SRV-004617,VEH-01899,23/07/2025,Full Service,14103,5173,1,North Jesusmouth Auto Care,FALSE
SRV-004618,VEH-02769,17/03/2026,Brake Inspection,7955,29051,0,Oconnellton Auto Care,TRUE
SRV-004619,VEH-02551,27/02/2024,Full Service,21301,43927,1,Lake Jeffrey Auto Care,TRUE
SRV-004620,VEH-00783,14/09/2026,Tire Rotation,1766,2890,1,Maryview Auto Care,FALSE
SRV-004621,VEH-01323,10/10/2023,Full Service,33369,5388,1,Mitchellstad Auto Care,FALSE
SRV-004622,VEH-01416,26/12/2022,AC Repair,7928,40157,1,Clarkside Auto Care,FALSE
SRV-004623,VEH-00759,02/03/2024,Recall Fix,0,173334,1,New Cindy Auto Care,FALSE
SRV-004624,VEH-00060,28/07/2026,Brake Inspection,1986,18812,0,New Raymond Auto Care,TRUE
SRV-004625,VEH-00395,10/08/2023,Brake Inspection,7447,9857,3,Donovanbury Auto Care,TRUE
SRV-004626,VEH-02118,22/10/2023,Recall Fix,0,1283,1,North Lindsayberg Auto Care,FALSE
SRV-004627,VEH-01293,01/04/2024,Tire Rotation,1959,5580,3,Adamsville Auto Care,TRUE
SRV-004628,VEH-01974,01/07/2025,Transmission Service,54783,18414,1,Gomezton Auto Care,FALSE
SRV-004629,VEH-02644,27/07/2024,Bodywork/Panel Repair,61341,3819,2,Jasonbury Auto Care,FALSE
SRV-004630,VEH-02593,10/04/2026,Battery Replacement,13415,26608,1,West Kennethfurt Auto Care,TRUE
SRV-004631,VEH-01664,27/02/2025,Battery Replacement,14607,5197,0,Woodview Auto Care,FALSE
SRV-004632,VEH-00340,28/11/2024,Oil Change,4694,23872,2,South Melissa Auto Care,FALSE
SRV-004633,VEH-02173,08/02/2025,Bodywork/Panel Repair,111212,10794,0,South Donald Auto Care,FALSE
SRV-004634,VEH-00200,18/06/2024,Oil Change,3266,63122,1,New John Auto Care,TRUE
SRV-004635,VEH-00214,01/01/2023,Bodywork/Panel Repair,45945,1316,0,Lake Eric Auto Care,TRUE
SRV-004636,VEH-00345,26/05/2026,Oil Change,2655,1781,2,North Thomasville Auto Care,FALSE
SRV-004637,VEH-02253,19/04/2024,Tire Rotation,1565,3340,1,Janechester Auto Care,TRUE
SRV-004638,VEH-01823,24/09/2026,Tire Rotation,2464,50222,1,Allenfort Auto Care,TRUE
SRV-004639,VEH-00818,09/02/2026,Tire Rotation,2187,67814,2,Sonyaland Auto Care,FALSE
SRV-004640,VEH-01568,06/03/2023,Bodywork/Panel Repair,38347,76344,2,Davidshire Auto Care,FALSE
SRV-004641,VEH-01127,28/08/2026,Engine Diagnostic,3395,4698,0,Port Ryan Auto Care,FALSE
SRV-004642,VEH-00258,17/04/2025,Full Service,36742,11143,0,South Adrian Auto Care,TRUE
SRV-004643,VEH-01662,26/03/2025,Wheel Alignment,3573,19095,1,Williamsborough Auto Care,FALSE
SRV-004644,VEH-02085,01/06/2026,Brake Inspection,4655,49003,3,Michaelbury Auto Care,FALSE
SRV-004645,VEH-00948,18/02/2023,Brake Inspection,7079,22447,3,Port Johnshire Auto Care,FALSE
SRV-004646,VEH-02201,09/01/2025,Engine Diagnostic,3065,56883,1,Carrillohaven Auto Care,FALSE
SRV-004647,VEH-02165,22/09/2026,Battery Replacement,17157,160200,0,Leeport Auto Care,FALSE
SRV-004648,VEH-01011,28/02/2023,Engine Diagnostic,3490,62698,2,East Albert Auto Care,FALSE
SRV-004649,VEH-00220,13/02/2026,Recall Fix,0,46420,0,Parrishfurt Auto Care,FALSE
SRV-004650,VEH-00239,17/12/2025,Brake Inspection,4257,192368,2,Turnerbury Auto Care,FALSE
SRV-004651,VEH-02873,18/09/2024,Recall Fix,0,2080,0,Johnsonfurt Auto Care,TRUE
SRV-004652,VEH-01092,24/10/2023,Wheel Alignment,2922,10124,0,East Michael Auto Care,FALSE
SRV-004653,VEH-00247,15/08/2023,Brake Inspection,5315,26957,1,Carlostown Auto Care,TRUE
SRV-004654,VEH-01733,31/07/2023,Bodywork/Panel Repair,113871,13265,0,East Bryceland Auto Care,TRUE
SRV-004655,VEH-02889,04/01/2024,Transmission Service,32515,4384,1,Davidborough Auto Care,FALSE
SRV-004656,VEH-00487,13/01/2025,Recall Fix,0,101356,0,West Martinview Auto Care,FALSE
SRV-004657,VEH-00918,23/12/2022,Engine Diagnostic,3532,14632,0,East Thomas Auto Care,FALSE
SRV-004658,VEH-00808,22/11/2023,Transmission Service,51241,22684,0,West Jonathanview Auto Care,FALSE
SRV-004659,VEH-02675,07/07/2023,Engine Diagnostic,3388,27028,1,West Mitchell Auto Care,FALSE
SRV-004660,VEH-00661,30/04/2023,Tire Rotation,1101,5162,0,South Charles Auto Care,FALSE
SRV-004661,VEH-00900,21/05/2025,Oil Change,5907,25144,3,Lake Albert Auto Care,FALSE
SRV-004662,VEH-02117,09/01/2024,Oil Change,3004,129194,0,Christianville Auto Care,FALSE
SRV-004663,VEH-00917,26/12/2023,Engine Diagnostic,4471,112977,2,Martinfort Auto Care,FALSE
SRV-004664,VEH-00730,23/11/2024,AC Repair,10176,42984,0,East Dana Auto Care,FALSE
SRV-004665,VEH-00014,04/07/2026,Transmission Service,40053,3429,2,Marcushaven Auto Care,FALSE
SRV-004666,VEH-00946,24/03/2023,Wheel Alignment,1900,45607,3,Port Ashley Auto Care,TRUE
SRV-004667,VEH-01487,07/04/2023,Transmission Service,33614,1297,0,Hamiltonton Auto Care,FALSE
SRV-004668,VEH-00433,20/05/2026,Suspension Repair,42844,117387,2,Heathertown Auto Care,FALSE
SRV-004669,VEH-00820,15/11/2025,Recall Fix,0,4384,2,Lake Rodney Auto Care,FALSE
SRV-004670,VEH-01213,09/11/2025,Wheel Alignment,2271,29098,2,Williamsfort Auto Care,FALSE
SRV-004671,VEH-00095,09/05/2023,Wheel Alignment,2847,96683,3,West Heatherside Auto Care,FALSE
SRV-004672,VEH-01339,26/05/2026,Wheel Alignment,3441,37513,0,Debbiemouth Auto Care,FALSE
SRV-004673,VEH-01657,11/12/2025,Suspension Repair,30642,78414,0,Jonathonton Auto Care,FALSE
SRV-004674,VEH-01727,31/12/2022,Suspension Repair,20765,58204,1,West Jonbury Auto Care,TRUE
SRV-004675,VEH-02356,19/06/2025,Wheel Alignment,3554,49249,3,Lake Evanburgh Auto Care,TRUE
SRV-004676,VEH-02522,07/10/2025,Oil Change,4841,24927,0,Evansburgh Auto Care,TRUE
SRV-004677,VEH-02337,05/09/2023,Suspension Repair,36530,41793,0,South Frederick Auto Care,FALSE
SRV-004678,VEH-01367,07/06/2025,Recall Fix,0,24694,3,Kimberlystad Auto Care,FALSE
SRV-004679,VEH-00372,13/06/2026,Wheel Alignment,2251,258,3,East Williamborough Auto Care,TRUE
SRV-004680,VEH-02059,12/01/2024,Oil Change,2887,21162,3,Colemanview Auto Care,TRUE
SRV-004681,VEH-02260,19/05/2025,Full Service,15009,54855,2,Isaacborough Auto Care,FALSE
SRV-004682,VEH-01748,18/05/2023,Oil Change,4878,142542,0,Jamesfort Auto Care,FALSE
SRV-004683,VEH-02137,03/10/2024,Wheel Alignment,2838,12251,0,Kimberlyburgh Auto Care,FALSE
SRV-004684,VEH-00520,16/06/2025,Engine Diagnostic,4476,6984,2,Blakeland Auto Care,FALSE
SRV-004685,VEH-02737,08/05/2024,Suspension Repair,23157,2517,1,Amybury Auto Care,FALSE
SRV-004686,VEH-01654,19/12/2025,Recall Fix,0,3801,1,Davidstad Auto Care,FALSE
SRV-004687,VEH-02001,10/08/2026,Recall Fix,0,7665,3,Jessicafurt Auto Care,FALSE
SRV-004688,VEH-00738,22/04/2023,Bodywork/Panel Repair,87589,6693,2,Williamsmouth Auto Care,FALSE
SRV-004689,VEH-00579,16/09/2023,Engine Diagnostic,4523,77779,3,Patriciastad Auto Care,FALSE
SRV-004690,VEH-01893,14/01/2025,Wheel Alignment,1638,23908,1,Tracishire Auto Care,TRUE
SRV-004691,VEH-02340,25/02/2023,Oil Change,4966,29716,0,East Sarahfort Auto Care,FALSE
SRV-004692,VEH-02612,08/09/2024,AC Repair,16279,736,1,Joshuashire Auto Care,FALSE
SRV-004693,VEH-01816,21/03/2024,Battery Replacement,14810,19307,1,Jasonville Auto Care,TRUE
SRV-004694,VEH-02667,06/04/2023,Full Service,32272,45534,3,East Nancyside Auto Care,FALSE
SRV-004695,VEH-01069,23/03/2026,AC Repair,14713,31663,1,East Jill Auto Care,FALSE
SRV-004696,VEH-01611,24/08/2026,Recall Fix,0,4870,3,East Danielchester Auto Care,FALSE
SRV-004697,VEH-02605,02/03/2023,AC Repair,20928,46659,0,Barnesstad Auto Care,TRUE
SRV-004698,VEH-00754,15/02/2023,Suspension Repair,41444,52515,0,Clarkville Auto Care,TRUE
SRV-004699,VEH-01536,15/06/2025,Suspension Repair,39335,10341,0,East Laurahaven Auto Care,TRUE
SRV-004700,VEH-00567,09/06/2025,Wheel Alignment,1904,18310,3,East Tonya Auto Care,FALSE
SRV-004701,VEH-00281,06/05/2023,Battery Replacement,12369,1495,3,Nguyenberg Auto Care,FALSE
SRV-004702,VEH-01962,06/07/2025,Recall Fix,0,57985,1,North Victoriamouth Auto Care,FALSE
SRV-004703,VEH-02935,10/12/2023,Wheel Alignment,3865,44795,0,Jonestown Auto Care,FALSE
SRV-004704,VEH-00921,01/04/2024,Battery Replacement,18583,62737,2,Alexandraton Auto Care,FALSE
SRV-004705,VEH-01439,25/11/2023,Brake Inspection,6340,21648,1,Port Sarah Auto Care,FALSE
SRV-004706,VEH-01779,05/02/2025,Suspension Repair,36037,6114,2,North Amberfurt Auto Care,FALSE
SRV-004707,VEH-02659,22/06/2024,AC Repair,20461,28704,2,Riveraland Auto Care,FALSE
SRV-004708,VEH-00135,27/01/2024,Brake Inspection,6942,103905,0,New John Auto Care,FALSE
SRV-004709,VEH-01313,05/05/2024,Brake Inspection,4268,8592,1,East Nancy Auto Care,TRUE
SRV-004710,VEH-02405,06/10/2023,Brake Inspection,6529,41578,3,New Theresa Auto Care,FALSE
SRV-004711,VEH-02769,16/05/2024,Battery Replacement,12583,25710,2,Kimshire Auto Care,FALSE
SRV-004712,VEH-00013,21/03/2024,AC Repair,12267,42745,1,Ashleyport Auto Care,TRUE
SRV-004713,VEH-00602,26/07/2024,Recall Fix,0,46790,1,Heathershire Auto Care,FALSE
SRV-004714,VEH-01104,01/08/2026,Bodywork/Panel Repair,64227,128174,1,North Michael Auto Care,TRUE
SRV-004715,VEH-00579,16/12/2024,Full Service,29433,87509,3,Brettborough Auto Care,TRUE
SRV-004716,VEH-00477,17/05/2023,Wheel Alignment,1789,1582,1,Stevenland Auto Care,FALSE
SRV-004717,VEH-01632,21/06/2024,Engine Diagnostic,2968,1340,2,Lake Dawn Auto Care,FALSE
SRV-004718,VEH-02076,20/08/2025,Brake Inspection,2357,58885,2,Port Timothyfort Auto Care,FALSE
SRV-004719,VEH-02704,10/06/2023,Brake Inspection,3195,55100,0,Obrienstad Auto Care,TRUE
SRV-004720,VEH-01497,12/07/2023,Full Service,15595,1129,2,East Bill Auto Care,TRUE
SRV-004721,VEH-01449,05/05/2025,AC Repair,21017,19722,1,Butlermouth Auto Care,FALSE
SRV-004722,VEH-01704,13/07/2026,AC Repair,21415,19470,3,West Kristina Auto Care,TRUE
SRV-004723,VEH-00560,21/10/2024,Battery Replacement,17941,30997,0,North Derekton Auto Care,FALSE
SRV-004724,VEH-01779,15/10/2022,Recall Fix,0,3504,1,Brandonstad Auto Care,TRUE
SRV-004725,VEH-01872,20/09/2026,Brake Inspection,3297,70945,2,East Dustin Auto Care,TRUE
SRV-004726,VEH-02508,11/04/2023,Recall Fix,0,23313,3,Williamshire Auto Care,TRUE
SRV-004727,VEH-01373,11/05/2025,AC Repair,9770,60201,1,North Troy Auto Care,FALSE
SRV-004728,VEH-00318,20/06/2026,Engine Diagnostic,4413,7720,0,Williamhaven Auto Care,FALSE
SRV-004729,VEH-01555,26/03/2026,Engine Diagnostic,4837,115978,1,Harriston Auto Care,FALSE
SRV-004730,VEH-00322,24/03/2024,Engine Diagnostic,3689,4036,2,New Randy Auto Care,TRUE
SRV-004731,VEH-00712,09/10/2024,Transmission Service,54232,27205,1,Gonzalestown Auto Care,FALSE
SRV-004732,VEH-01940,10/08/2025,AC Repair,18478,2728,0,Port Timothy Auto Care,FALSE
SRV-004733,VEH-01921,30/05/2025,Wheel Alignment,3043,5771,1,South Ariel Auto Care,FALSE
SRV-004734,VEH-00446,15/06/2024,Battery Replacement,8548,51370,1,Shortside Auto Care,FALSE
SRV-004735,VEH-00491,07/04/2026,Recall Fix,0,19511,3,East Rileyville Auto Care,TRUE
SRV-004736,VEH-02046,01/10/2025,Wheel Alignment,1739,2587,0,Gabriellestad Auto Care,FALSE
SRV-004737,VEH-01633,01/04/2026,Oil Change,5839,95525,1,North Jacobmouth Auto Care,FALSE
SRV-004738,VEH-00659,15/10/2024,Bodywork/Panel Repair,16297,6981,1,East James Auto Care,FALSE
SRV-004739,VEH-01397,10/05/2025,Full Service,13038,97,2,Terrimouth Auto Care,FALSE
SRV-004740,VEH-00983,17/09/2026,Wheel Alignment,3373,20268,2,New Jeffreyton Auto Care,FALSE
SRV-004741,VEH-00511,01/08/2024,Brake Inspection,7661,20454,1,South Donald Auto Care,TRUE
SRV-004742,VEH-01458,20/04/2024,Oil Change,4613,9305,0,South Larry Auto Care,TRUE
SRV-004743,VEH-02948,17/01/2023,Tire Rotation,2484,14410,3,Amberfort Auto Care,FALSE
SRV-004744,VEH-02612,11/02/2026,Wheel Alignment,3687,6160,1,Alexanderport Auto Care,FALSE
SRV-004745,VEH-00195,05/03/2024,Engine Diagnostic,3583,8765,0,Davidside Auto Care,TRUE
SRV-004746,VEH-00999,14/09/2023,Battery Replacement,10679,7126,2,Robertsontown Auto Care,FALSE
SRV-004747,VEH-00412,14/01/2025,Battery Replacement,11587,95263,1,New Kathleenburgh Auto Care,TRUE
SRV-004748,VEH-01479,26/10/2022,AC Repair,19481,409,3,Georgeport Auto Care,TRUE
SRV-004749,VEH-02177,24/12/2023,Oil Change,4441,92635,3,South Mariestad Auto Care,TRUE
SRV-004750,VEH-01616,15/04/2023,Brake Inspection,7546,54664,1,Marybury Auto Care,FALSE
SRV-004751,VEH-02772,16/04/2025,Bodywork/Panel Repair,54422,8502,2,Lake Ianstad Auto Care,TRUE
SRV-004752,VEH-02529,07/02/2024,Tire Rotation,2672,17791,3,West Anthony Auto Care,TRUE
SRV-004753,VEH-02351,07/11/2022,Wheel Alignment,3655,23992,0,North Amy Auto Care,FALSE
SRV-004754,VEH-01831,31/08/2025,Tire Rotation,2359,10953,2,Nielsenfort Auto Care,TRUE
SRV-004755,VEH-00716,07/06/2026,Battery Replacement,16721,155363,0,Williamsburgh Auto Care,FALSE
SRV-004756,VEH-01371,25/09/2024,Full Service,38523,11985,1,Brownborough Auto Care,TRUE
SRV-004757,VEH-00291,30/05/2026,Battery Replacement,9480,11967,2,East Nicole Auto Care,TRUE
SRV-004758,VEH-01118,21/03/2023,Brake Inspection,5524,104915,1,Nancyhaven Auto Care,FALSE
SRV-004759,VEH-00080,08/01/2026,Brake Inspection,2437,1876,0,Lake Richard Auto Care,FALSE
SRV-004760,VEH-00060,26/11/2022,Brake Inspection,6685,7481,0,Lake Michelle Auto Care,TRUE
SRV-004761,VEH-01563,09/04/2023,Tire Rotation,2805,59661,1,Aliciachester Auto Care,FALSE
SRV-004762,VEH-02078,18/09/2024,Full Service,30606,11942,0,Jeffreyfurt Auto Care,FALSE
SRV-004763,VEH-01412,31/10/2022,Bodywork/Panel Repair,70692,18291,0,Williamhaven Auto Care,TRUE
SRV-004764,VEH-00586,12/12/2024,Recall Fix,0,51770,1,East Philip Auto Care,FALSE
SRV-004765,VEH-00595,11/11/2025,Brake Inspection,7056,86633,2,South Jessicamouth Auto Care,FALSE
SRV-004766,VEH-02580,05/10/2022,AC Repair,7363,6627,0,Zunigaton Auto Care,FALSE
SRV-004767,VEH-00587,29/08/2025,Recall Fix,0,102000,3,Jennifermouth Auto Care,FALSE
SRV-004768,VEH-01549,05/01/2023,Oil Change,2976,5334,1,Lake Elizabethstad Auto Care,FALSE
SRV-004769,VEH-02728,15/01/2023,Tire Rotation,2238,39197,0,North Brenda Auto Care,FALSE
SRV-004770,VEH-02220,03/07/2026,Tire Rotation,2196,164715,2,Frankchester Auto Care,TRUE
SRV-004771,VEH-00067,22/08/2024,Engine Diagnostic,3321,7984,0,Port Alexis Auto Care,TRUE
SRV-004772,VEH-00003,23/10/2023,Transmission Service,53338,136543,1,Mcbrideside Auto Care,FALSE
SRV-004773,VEH-00070,30/10/2025,Transmission Service,32455,6715,3,Singhside Auto Care,FALSE
SRV-004774,VEH-01682,04/05/2024,Full Service,12966,98174,2,Paulland Auto Care,FALSE
SRV-004775,VEH-02601,29/12/2022,Wheel Alignment,1682,24707,0,Dunnville Auto Care,FALSE
SRV-004776,VEH-02320,19/06/2023,Wheel Alignment,3589,3220,1,Bryantview Auto Care,TRUE
SRV-004777,VEH-01986,15/05/2025,Brake Inspection,3570,94948,0,South Rogermouth Auto Care,TRUE
SRV-004778,VEH-00531,29/11/2024,Full Service,31391,33892,0,East Patricia Auto Care,FALSE
SRV-004779,VEH-00922,05/01/2023,Recall Fix,0,3550,0,Lovefort Auto Care,FALSE
SRV-004780,VEH-01455,18/11/2022,Suspension Repair,31770,33828,1,Colleenport Auto Care,FALSE
SRV-004781,VEH-01401,17/06/2025,Oil Change,4016,5128,2,New Sarahstad Auto Care,TRUE
SRV-004782,VEH-00042,03/07/2024,Recall Fix,0,33535,0,East Joel Auto Care,FALSE
SRV-004783,VEH-01371,12/08/2023,Transmission Service,58687,17575,1,North Richard Auto Care,FALSE
SRV-004784,VEH-00383,02/07/2023,Recall Fix,0,33759,1,North Jimmyberg Auto Care,TRUE
SRV-004785,VEH-02988,26/08/2026,Recall Fix,0,40305,1,Darleneton Auto Care,FALSE
SRV-004786,VEH-01838,17/11/2025,Full Service,39092,8724,1,Davidstad Auto Care,FALSE
SRV-004787,VEH-00851,07/02/2023,Suspension Repair,34660,41773,1,North Tracy Auto Care,FALSE
SRV-004788,VEH-00540,16/02/2024,Battery Replacement,16106,32164,1,Dylanton Auto Care,FALSE
SRV-004789,VEH-01241,08/06/2025,Tire Rotation,2010,2125,1,East Michaelburgh Auto Care,FALSE
SRV-004790,VEH-02145,16/06/2025,Brake Inspection,6838,29785,1,West Reginaton Auto Care,FALSE
SRV-004791,VEH-02430,13/05/2026,AC Repair,12876,15464,0,New Evelyn Auto Care,FALSE
SRV-004792,VEH-00658,01/04/2026,Full Service,19780,15988,0,South John Auto Care,FALSE
SRV-004793,VEH-01888,28/10/2025,Battery Replacement,9872,64770,0,East Brianhaven Auto Care,FALSE
SRV-004794,VEH-00234,17/05/2026,Brake Inspection,2604,1988,3,Lake Tyler Auto Care,FALSE
SRV-004795,VEH-01884,23/04/2026,Battery Replacement,9797,30301,1,Buchananberg Auto Care,FALSE
SRV-004796,VEH-02339,29/10/2025,Wheel Alignment,2389,50564,1,Kimberlyfurt Auto Care,FALSE
SRV-004797,VEH-02720,01/03/2023,Tire Rotation,2287,3629,2,Lake Robin Auto Care,FALSE
SRV-004798,VEH-02194,25/06/2025,Transmission Service,20241,96867,1,Bishopside Auto Care,FALSE
SRV-004799,VEH-01631,22/07/2025,Recall Fix,0,3660,1,Port Heatherborough Auto Care,FALSE
SRV-004800,VEH-00339,17/07/2023,Battery Replacement,19826,14055,1,Lake Roberttown Auto Care,FALSE
SRV-004801,VEH-02467,01/04/2026,Battery Replacement,9678,8271,2,North Amber Auto Care,TRUE
SRV-004802,VEH-01859,03/05/2025,Full Service,18461,165750,3,Lake Karen Auto Care,FALSE
SRV-004803,VEH-01207,25/04/2024,Bodywork/Panel Repair,30032,18372,2,Allenland Auto Care,TRUE
SRV-004804,VEH-00692,08/02/2023,Recall Fix,0,32634,2,Rebeccaburgh Auto Care,FALSE
SRV-004805,VEH-01848,29/10/2025,Oil Change,5941,26912,0,West Jasonton Auto Care,FALSE
SRV-004806,VEH-02907,24/11/2024,AC Repair,15036,11930,0,Port Justinburgh Auto Care,FALSE
SRV-004807,VEH-00953,08/09/2024,Recall Fix,0,116994,0,Jonesfort Auto Care,FALSE
SRV-004808,VEH-01150,20/01/2025,Recall Fix,0,35834,3,East Margarethaven Auto Care,FALSE
SRV-004809,VEH-01518,29/03/2025,Transmission Service,47057,127242,1,East David Auto Care,FALSE
SRV-004810,VEH-01180,28/11/2023,Recall Fix,0,7587,1,Jonathanberg Auto Care,FALSE
SRV-004811,VEH-02963,16/12/2025,AC Repair,10556,69576,3,Lake Donna Auto Care,TRUE
SRV-004812,VEH-01831,30/11/2025,AC Repair,5120,8130,3,Beckerhaven Auto Care,TRUE
SRV-004813,VEH-01392,15/03/2023,Brake Inspection,1530,17074,0,Thompsonville Auto Care,FALSE
SRV-004814,VEH-02874,01/11/2025,Wheel Alignment,3019,2966,0,Stephaniefort Auto Care,TRUE
SRV-004815,VEH-00787,01/07/2024,Bodywork/Panel Repair,24262,27336,1,Denisemouth Auto Care,FALSE
SRV-004816,VEH-00543,06/08/2024,Tire Rotation,2444,982,0,South Rogerland Auto Care,FALSE
SRV-004817,VEH-01585,31/08/2025,AC Repair,6377,122475,0,Nicolechester Auto Care,FALSE
SRV-004818,VEH-01065,31/08/2023,Wheel Alignment,2605,14909,1,Brianberg Auto Care,TRUE
SRV-004819,VEH-02479,03/01/2023,Oil Change,3572,3464,1,Jacobtown Auto Care,FALSE
SRV-004820,VEH-00450,04/05/2024,Recall Fix,0,1529,1,North Melissaland Auto Care,FALSE
SRV-004821,VEH-01028,07/12/2022,Brake Inspection,2934,23856,3,Mullenmouth Auto Care,FALSE
SRV-004822,VEH-01293,03/03/2024,Suspension Repair,40617,4930,0,North Angel Auto Care,TRUE
SRV-004823,VEH-00823,03/03/2025,Suspension Repair,21197,16533,0,Katherineberg Auto Care,TRUE
SRV-004824,VEH-00180,30/01/2026,Full Service,13760,10571,0,Jonville Auto Care,FALSE
SRV-004825,VEH-00504,01/05/2024,Engine Diagnostic,3772,47662,1,New Kylechester Auto Care,TRUE
SRV-004826,VEH-01754,24/02/2024,Suspension Repair,39717,42935,2,Port Steven Auto Care,FALSE
SRV-004827,VEH-02115,23/05/2025,Tire Rotation,2289,32882,1,East Julie Auto Care,FALSE
SRV-004828,VEH-00931,30/07/2025,Battery Replacement,17472,1957,3,Franklinhaven Auto Care,FALSE
SRV-004829,VEH-00361,25/03/2026,Brake Inspection,2187,102596,1,Port Stacy Auto Care,FALSE
SRV-004830,VEH-00129,24/05/2025,Suspension Repair,43516,14084,0,East Karen Auto Care,FALSE
SRV-004831,VEH-02744,22/04/2026,Oil Change,3951,2265,1,Lake Oscar Auto Care,FALSE
SRV-004832,VEH-01926,11/08/2024,Engine Diagnostic,4607,577,1,Francoside Auto Care,FALSE
SRV-004833,VEH-00949,24/02/2025,Engine Diagnostic,2391,19084,2,Jamesport Auto Care,FALSE
SRV-004834,VEH-02524,11/05/2023,Recall Fix,0,38683,1,Heatherland Auto Care,FALSE
SRV-004835,VEH-01513,04/11/2024,Suspension Repair,30836,48744,1,North Jamesmouth Auto Care,FALSE
SRV-004836,VEH-00207,11/11/2024,Full Service,38730,19367,1,Lake Ericstad Auto Care,FALSE
SRV-004837,VEH-00183,29/04/2024,AC Repair,17423,82061,0,Wendyview Auto Care,TRUE
SRV-004838,VEH-01308,10/02/2025,Full Service,31890,10354,1,Port Aaron Auto Care,FALSE
SRV-004839,VEH-02828,06/12/2025,Recall Fix,0,5127,0,Martineztown Auto Care,FALSE
SRV-004840,VEH-00912,18/12/2025,Recall Fix,0,17710,2,South Christopherside Auto Care,TRUE
SRV-004841,VEH-02490,16/12/2024,Recall Fix,0,51748,1,West Kaylaland Auto Care,TRUE
SRV-004842,VEH-00850,05/03/2023,Suspension Repair,33076,36440,2,Port Cameron Auto Care,FALSE
SRV-004843,VEH-02264,16/04/2023,Recall Fix,0,98644,0,Martinezshire Auto Care,TRUE
SRV-004844,VEH-02886,02/08/2025,Engine Diagnostic,3843,104639,2,South Hannahton Auto Care,FALSE
SRV-004845,VEH-00266,28/09/2025,Engine Diagnostic,3248,25002,0,Lake Ashley Auto Care,FALSE
SRV-004846,VEH-02577,12/08/2026,AC Repair,18527,34039,1,Ruizchester Auto Care,FALSE
SRV-004847,VEH-02867,24/05/2026,Tire Rotation,1452,84618,0,Gonzalestown Auto Care,FALSE
SRV-004848,VEH-02430,23/07/2023,AC Repair,7157,28044,3,Ashleyborough Auto Care,FALSE
SRV-004849,VEH-00672,07/03/2023,Bodywork/Panel Repair,77448,64549,2,Lindseyborough Auto Care,FALSE
SRV-004850,VEH-00113,10/09/2025,Recall Fix,0,77377,1,Amystad Auto Care,TRUE
SRV-004851,VEH-00559,12/04/2024,Full Service,20990,4766,1,Collinstown Auto Care,FALSE
SRV-004852,VEH-01118,14/01/2025,AC Repair,14452,113979,1,Scottfort Auto Care,FALSE
SRV-004853,VEH-01534,02/02/2023,Battery Replacement,18489,107160,1,Ramosmouth Auto Care,TRUE
SRV-004854,VEH-00745,27/02/2024,Recall Fix,0,112919,1,Cartershire Auto Care,FALSE
SRV-004855,VEH-00849,02/09/2025,Tire Rotation,1227,103812,2,Kingberg Auto Care,FALSE
SRV-004856,VEH-02250,18/05/2023,Oil Change,4852,92692,0,Kimberlyshire Auto Care,FALSE
SRV-004857,VEH-00408,18/05/2024,Oil Change,5742,210837,1,North Lisa Auto Care,FALSE
SRV-004858,VEH-01685,25/09/2026,AC Repair,19934,8077,0,West Samanthachester Auto Care,FALSE
SRV-004859,VEH-00763,29/09/2022,Suspension Repair,25894,197327,1,Lake Terri Auto Care,FALSE
SRV-004860,VEH-02433,02/06/2025,Brake Inspection,3632,15206,2,South James Auto Care,TRUE
SRV-004861,VEH-00476,27/07/2023,Tire Rotation,2158,33502,0,New Edwardburgh Auto Care,FALSE
SRV-004862,VEH-00052,26/10/2022,Full Service,37333,74604,2,Williamview Auto Care,TRUE
SRV-004863,VEH-02060,27/10/2022,Recall Fix,0,93308,3,Port Reneeberg Auto Care,TRUE
SRV-004864,VEH-01710,13/01/2023,AC Repair,20928,4643,3,Wangside Auto Care,FALSE
SRV-004865,VEH-01867,16/03/2023,Suspension Repair,21686,3334,1,North Donnamouth Auto Care,TRUE
SRV-004866,VEH-02782,01/10/2023,AC Repair,10468,91907,0,Lake Colleen Auto Care,FALSE
SRV-004867,VEH-01089,12/12/2023,Recall Fix,0,7726,1,Garciaburgh Auto Care,TRUE
SRV-004868,VEH-02160,09/03/2024,Oil Change,3021,9519,0,Saundersbury Auto Care,TRUE
SRV-004869,VEH-02357,07/05/2025,Engine Diagnostic,4932,20545,1,East Dakotafurt Auto Care,TRUE
SRV-004870,VEH-00688,25/02/2025,Transmission Service,20655,870,3,Stricklandhaven Auto Care,FALSE
SRV-004871,VEH-00072,03/03/2023,Full Service,31814,10709,0,Dawnside Auto Care,FALSE
SRV-004872,VEH-01727,19/10/2023,Bodywork/Panel Repair,80399,53780,2,South Johnport Auto Care,FALSE
SRV-004873,VEH-01531,16/09/2023,Brake Inspection,3713,55808,0,New Andrewside Auto Care,FALSE
SRV-004874,VEH-01624,29/03/2024,Transmission Service,48254,8517,1,Gravesview Auto Care,TRUE
SRV-004875,VEH-01197,30/05/2024,Transmission Service,27978,88502,0,Zimmermanmouth Auto Care,FALSE
SRV-004876,VEH-01546,24/08/2025,Engine Diagnostic,3980,79303,0,Brownmouth Auto Care,FALSE
SRV-004877,VEH-02634,11/10/2025,Full Service,33505,28012,0,Sandraberg Auto Care,FALSE
SRV-004878,VEH-01613,19/07/2025,AC Repair,15123,67562,0,Williamsstad Auto Care,FALSE
SRV-004879,VEH-02161,29/04/2024,Transmission Service,16534,23619,1,Gibsonburgh Auto Care,FALSE
SRV-004880,VEH-02440,19/11/2022,Transmission Service,50253,26062,1,Lake Manuelbury Auto Care,FALSE
SRV-004881,VEH-01548,01/07/2024,Transmission Service,20987,66015,1,New Barbaraview Auto Care,FALSE
SRV-004882,VEH-00520,03/09/2023,Tire Rotation,1021,2036,0,Robinbury Auto Care,TRUE
SRV-004883,VEH-02619,25/04/2026,Tire Rotation,2346,86277,2,North Curtis Auto Care,TRUE
SRV-004884,VEH-02695,23/09/2024,Suspension Repair,30898,3553,1,Gutierrezland Auto Care,TRUE
SRV-004885,VEH-00242,07/06/2023,AC Repair,10623,2290,1,Sandraview Auto Care,FALSE
SRV-004886,VEH-01340,02/11/2025,Bodywork/Panel Repair,69945,33476,1,North Mitchelltown Auto Care,TRUE
SRV-004887,VEH-00981,09/05/2025,Tire Rotation,2924,52792,0,East Jacquelineton Auto Care,TRUE
SRV-004888,VEH-00926,27/02/2026,Bodywork/Panel Repair,71501,12324,3,Leefurt Auto Care,TRUE
SRV-004889,VEH-01217,08/06/2024,Oil Change,3258,111281,2,North Teresa Auto Care,FALSE
SRV-004890,VEH-01525,23/06/2024,Transmission Service,56772,16618,2,South David Auto Care,FALSE
SRV-004891,VEH-02006,08/07/2026,Battery Replacement,10757,64415,0,Shawntown Auto Care,FALSE
SRV-004892,VEH-00472,31/03/2026,Brake Inspection,4778,7510,0,Ruizstad Auto Care,TRUE
SRV-004893,VEH-00823,17/10/2022,Full Service,12149,7386,0,Brownberg Auto Care,FALSE
SRV-004894,VEH-01783,22/09/2023,Tire Rotation,2439,72041,1,West Dean Auto Care,TRUE
SRV-004895,VEH-01590,11/08/2025,Bodywork/Panel Repair,68349,475,1,Emilystad Auto Care,FALSE
SRV-004896,VEH-00715,24/02/2024,AC Repair,14148,12104,0,Bautistamouth Auto Care,FALSE
SRV-004897,VEH-02365,20/06/2024,Battery Replacement,12922,1233,0,North Franciscotown Auto Care,FALSE
SRV-004898,VEH-02299,21/11/2022,Oil Change,5070,1055,2,Robertmouth Auto Care,FALSE
SRV-004899,VEH-02105,27/08/2025,Wheel Alignment,1998,46647,0,Michaelbury Auto Care,FALSE
SRV-004900,VEH-00080,10/12/2022,Transmission Service,32042,4769,3,Andrewview Auto Care,FALSE
SRV-004901,VEH-00006,01/08/2023,Wheel Alignment,3714,11791,0,New Stephen Auto Care,FALSE
SRV-004902,VEH-02483,03/07/2026,Battery Replacement,14342,18163,0,Hodgefort Auto Care,FALSE
SRV-004903,VEH-02459,07/07/2025,Recall Fix,0,1767,0,Catherineborough Auto Care,FALSE
SRV-004904,VEH-00406,13/09/2023,Bodywork/Panel Repair,62967,6394,0,Christineburgh Auto Care,FALSE
SRV-004905,VEH-01886,14/12/2023,Battery Replacement,14124,3452,0,East Angelica Auto Care,FALSE
SRV-004906,VEH-02569,20/10/2023,Bodywork/Panel Repair,88975,9308,0,East Haley Auto Care,FALSE
SRV-004907,VEH-02569,19/01/2025,Suspension Repair,39192,23825,1,North Julialand Auto Care,FALSE
SRV-004908,VEH-01032,21/11/2022,Battery Replacement,17955,20645,2,Harrishaven Auto Care,FALSE
SRV-004909,VEH-00791,25/09/2026,Suspension Repair,18651,5105,1,Lake Lindaville Auto Care,FALSE
SRV-004910,VEH-00154,20/01/2025,AC Repair,6549,7417,1,Boydshire Auto Care,FALSE
SRV-004911,VEH-02062,06/03/2026,Brake Inspection,3733,167916,0,New Jason Auto Care,FALSE
SRV-004912,VEH-01168,25/08/2025,Battery Replacement,12947,209,0,Kaylaborough Auto Care,TRUE
SRV-004913,VEH-00880,30/11/2023,Brake Inspection,6258,79169,3,Shellyfort Auto Care,FALSE
SRV-004914,VEH-02565,09/09/2025,Bodywork/Panel Repair,31541,222722,2,East Maryport Auto Care,FALSE
SRV-004915,VEH-00220,21/12/2022,Wheel Alignment,2773,30997,0,Port William Auto Care,FALSE
SRV-004916,VEH-01234,10/12/2025,Oil Change,4633,12255,1,Port Michealhaven Auto Care,FALSE
SRV-004917,VEH-02145,15/09/2024,Battery Replacement,17887,33845,1,West Mistyland Auto Care,TRUE
SRV-004918,VEH-01140,23/02/2025,Full Service,34989,33239,0,Port Daniel Auto Care,TRUE
SRV-004919,VEH-02446,04/07/2025,Battery Replacement,11618,37574,2,Robinsonbury Auto Care,FALSE
SRV-004920,VEH-01332,18/11/2025,Wheel Alignment,1550,29161,1,West Curtis Auto Care,FALSE
SRV-004921,VEH-00927,19/08/2026,Brake Inspection,6616,2735,1,Brettchester Auto Care,TRUE
SRV-004922,VEH-01241,02/05/2023,Oil Change,5441,2463,0,Port John Auto Care,FALSE
SRV-004923,VEH-01615,24/11/2023,Bodywork/Panel Repair,53678,17958,0,Lake Michaelshire Auto Care,TRUE
SRV-004924,VEH-00513,20/12/2025,Suspension Repair,25117,2002,2,Port Angela Auto Care,FALSE
SRV-004925,VEH-01846,09/05/2025,Brake Inspection,4911,26287,2,East Tammy Auto Care,FALSE
SRV-004926,VEH-00704,18/08/2023,Bodywork/Panel Repair,103616,7617,1,Frazierfort Auto Care,FALSE
SRV-004927,VEH-02914,09/08/2023,Bodywork/Panel Repair,32369,125937,1,West Julie Auto Care,FALSE
SRV-004928,VEH-00459,26/12/2022,Suspension Repair,12359,995,2,Marissaside Auto Care,TRUE
SRV-004929,VEH-00869,04/06/2023,Bodywork/Panel Repair,76000,12061,3,Ashleyhaven Auto Care,FALSE
SRV-004930,VEH-02396,09/01/2023,Engine Diagnostic,4776,28640,2,Stephanieside Auto Care,TRUE
SRV-004931,VEH-02158,14/10/2022,AC Repair,19843,6053,1,Shirleymouth Auto Care,FALSE
SRV-004932,VEH-02331,07/01/2023,Battery Replacement,11891,21938,1,Matthewfort Auto Care,FALSE
SRV-004933,VEH-00822,25/11/2023,Bodywork/Panel Repair,41835,1707,0,Turnerburgh Auto Care,TRUE
SRV-004934,VEH-02147,13/09/2024,Full Service,33396,2909,2,North Benjamin Auto Care,FALSE
SRV-004935,VEH-00964,03/10/2023,Transmission Service,43781,48307,0,Carterton Auto Care,FALSE
SRV-004936,VEH-00147,01/12/2023,AC Repair,20220,41082,1,Brownberg Auto Care,FALSE
SRV-004937,VEH-00624,27/12/2024,Wheel Alignment,3599,117358,1,West Saraside Auto Care,TRUE
SRV-004938,VEH-00070,21/07/2026,Bodywork/Panel Repair,23009,8086,1,New Donaldport Auto Care,FALSE
SRV-004939,VEH-00628,30/07/2026,Recall Fix,0,6341,0,Scottborough Auto Care,FALSE
SRV-004940,VEH-02369,26/07/2023,Wheel Alignment,1963,4726,1,Burnsshire Auto Care,FALSE
SRV-004941,VEH-01045,28/06/2026,Bodywork/Panel Repair,25785,30499,0,New Andrew Auto Care,TRUE
SRV-004942,VEH-01133,25/10/2023,Tire Rotation,1362,89796,1,Muellerville Auto Care,TRUE
SRV-004943,VEH-02482,09/10/2023,Suspension Repair,33386,1704,0,East Veronicachester Auto Care,FALSE
SRV-004944,VEH-01169,25/05/2026,Tire Rotation,1274,104572,0,West Brittanyshire Auto Care,FALSE
SRV-004945,VEH-01116,19/07/2026,Oil Change,3883,62375,3,Lake Trevorshire Auto Care,FALSE
SRV-004946,VEH-00376,21/09/2024,Engine Diagnostic,3099,10225,1,Port Martinshire Auto Care,FALSE
SRV-004947,VEH-00966,17/07/2026,Oil Change,5299,28168,0,Robinsontown Auto Care,FALSE
SRV-004948,VEH-02274,17/11/2024,Brake Inspection,7968,19021,2,Lake Glenland Auto Care,TRUE
SRV-004949,VEH-02334,15/09/2023,Wheel Alignment,3762,20302,0,Martinburgh Auto Care,FALSE
SRV-004950,VEH-02246,04/08/2026,Transmission Service,33102,7123,0,Michaelhaven Auto Care,FALSE
SRV-004951,VEH-01788,08/12/2023,Suspension Repair,40068,55836,1,New Albertberg Auto Care,TRUE
SRV-004952,VEH-02033,13/04/2023,Transmission Service,36219,44802,1,North Darryl Auto Care,FALSE
SRV-004953,VEH-02126,30/03/2026,Oil Change,5816,930,0,Jensenland Auto Care,FALSE
SRV-004954,VEH-00792,03/02/2025,Transmission Service,53141,21913,2,Hamiltontown Auto Care,FALSE
SRV-004955,VEH-00302,25/06/2026,Suspension Repair,12217,60469,1,Smithport Auto Care,FALSE
SRV-004956,VEH-02715,27/01/2023,Engine Diagnostic,2995,42199,0,Traceyfort Auto Care,FALSE
SRV-004957,VEH-00426,31/05/2023,Transmission Service,42229,40440,1,Christopherchester Auto Care,FALSE
SRV-004958,VEH-02218,07/02/2025,Full Service,21535,1091,3,Judyview Auto Care,FALSE
SRV-004959,VEH-02899,23/03/2024,Suspension Repair,32690,37399,1,Lake Peter Auto Care,FALSE
SRV-004960,VEH-02621,24/11/2024,Bodywork/Panel Repair,113693,137657,1,Lake Benjaminstad Auto Care,TRUE
SRV-004961,VEH-02632,02/08/2023,Battery Replacement,19787,24271,3,Albertbury Auto Care,FALSE
SRV-004962,VEH-01167,26/12/2023,AC Repair,5522,42635,1,Skinnershire Auto Care,FALSE
SRV-004963,VEH-01367,06/07/2023,Battery Replacement,13149,14874,0,North Gloria Auto Care,FALSE
SRV-004964,VEH-00129,06/01/2023,Battery Replacement,8952,31942,3,South Jessicashire Auto Care,FALSE
SRV-004965,VEH-02723,27/07/2026,AC Repair,7149,2185,3,West Michael Auto Care,TRUE
SRV-004966,VEH-00086,03/04/2024,Transmission Service,26520,3870,1,Port Jeffreytown Auto Care,FALSE
SRV-004967,VEH-01274,19/04/2026,Suspension Repair,39606,46333,0,Brandtburgh Auto Care,FALSE
SRV-004968,VEH-01729,21/05/2024,Oil Change,3092,13492,3,Greermouth Auto Care,FALSE
SRV-004969,VEH-00334,01/05/2026,Engine Diagnostic,2109,12979,1,Lake Jeffrey Auto Care,FALSE
SRV-004970,VEH-02508,01/05/2024,Transmission Service,37542,6089,2,West Jessica Auto Care,TRUE
SRV-004971,VEH-01140,04/04/2025,Battery Replacement,18222,48233,2,South Monicatown Auto Care,FALSE
SRV-004972,VEH-01362,06/07/2025,Bodywork/Panel Repair,76470,89242,3,South Corey Auto Care,FALSE
SRV-004973,VEH-00020,11/07/2023,Tire Rotation,2317,11157,0,South Jimmy Auto Care,TRUE
SRV-004974,VEH-01734,16/05/2026,Oil Change,2525,6910,0,Lake Donald Auto Care,FALSE
SRV-004975,VEH-01923,29/06/2024,Bodywork/Panel Repair,47545,4364,0,Port Sherri Auto Care,FALSE
SRV-004976,VEH-01138,12/07/2024,Battery Replacement,10413,13683,0,South Danielside Auto Care,FALSE
SRV-004977,VEH-01847,02/01/2023,Battery Replacement,14078,11243,1,Port Tracey Auto Care,FALSE
SRV-004978,VEH-01737,13/04/2026,Transmission Service,38208,26343,0,West Alicia Auto Care,FALSE
SRV-004979,VEH-00472,29/01/2026,Bodywork/Panel Repair,28389,19567,3,Huntertown Auto Care,TRUE
SRV-004980,VEH-00301,16/01/2026,Battery Replacement,11954,391,2,Ericmouth Auto Care,FALSE
SRV-004981,VEH-01571,15/10/2022,Battery Replacement,15925,86811,2,West Shawn Auto Care,TRUE
SRV-004982,VEH-02171,21/06/2025,Wheel Alignment,2596,7113,1,West Lance Auto Care,TRUE
SRV-004983,VEH-00692,15/01/2023,Full Service,35026,52322,0,Lake Nancymouth Auto Care,FALSE
SRV-004984,VEH-02168,30/09/2024,Bodywork/Panel Repair,102526,5174,1,Davisview Auto Care,FALSE
SRV-004985,VEH-00160,30/12/2023,Bodywork/Panel Repair,76856,3194,3,North Markshire Auto Care,FALSE
SRV-004986,VEH-01618,25/02/2025,Transmission Service,47316,1265,1,Munozport Auto Care,FALSE
SRV-004987,VEH-00677,03/09/2023,Brake Inspection,4068,203573,2,West Georgefort Auto Care,FALSE
SRV-004988,VEH-02067,04/10/2025,Suspension Repair,37571,4253,1,North Alexandermouth Auto Care,TRUE
SRV-004989,VEH-01876,12/01/2024,Brake Inspection,6633,30303,0,Bellton Auto Care,FALSE
SRV-004990,VEH-02633,17/06/2024,Brake Inspection,2386,7308,2,Kathrynbury Auto Care,TRUE
SRV-004991,VEH-02434,11/10/2022,Tire Rotation,2589,1096,2,Lake Sophia Auto Care,FALSE
SRV-004992,VEH-01816,06/10/2022,Brake Inspection,4620,36148,2,South Amandafurt Auto Care,FALSE
SRV-004993,VEH-00583,05/02/2026,Transmission Service,37494,13279,1,Deniseborough Auto Care,FALSE
SRV-004994,VEH-02161,27/05/2023,Wheel Alignment,1897,29547,0,West Derektown Auto Care,FALSE
SRV-004995,VEH-02154,18/06/2025,Engine Diagnostic,3001,158019,0,Erikview Auto Care,FALSE
SRV-004996,VEH-02517,17/09/2024,Tire Rotation,2783,4299,3,West Ericport Auto Care,TRUE
SRV-004997,VEH-01594,12/11/2024,Bodywork/Panel Repair,92294,136804,3,Brandonland Auto Care,FALSE
SRV-004998,VEH-02352,04/08/2023,Suspension Repair,32550,11070,1,Olsonport Auto Care,FALSE
SRV-004999,VEH-02821,01/03/2024,Recall Fix,0,6451,2,New Christinaberg Auto Care,FALSE
SRV-005000,VEH-02465,21/10/2025,Full Service,38359,38354,0,Port Andrewmouth Auto Care,FALSE
SRV-005001,VEH-02607,17/07/2026,Suspension Repair,21368,58621,0,Morrisland Auto Care,FALSE
SRV-005002,VEH-02634,24/06/2026,Oil Change,4671,35379,1,East Patrick Auto Care,FALSE
SRV-005003,VEH-00518,01/01/2024,Brake Inspection,3579,15189,1,Donnaport Auto Care,TRUE
SRV-005004,VEH-02051,02/09/2023,Oil Change,5662,73497,0,North Davidville Auto Care,FALSE
SRV-005005,VEH-00745,16/11/2025,Bodywork/Panel Repair,37238,100747,1,North Anne Auto Care,FALSE
SRV-005006,VEH-01210,02/08/2024,Oil Change,2651,8321,0,Samanthaborough Auto Care,FALSE
SRV-005007,VEH-00881,01/06/2025,Battery Replacement,11238,24200,0,Trevorfort Auto Care,FALSE
SRV-005008,VEH-00604,09/07/2026,Oil Change,2734,6180,0,Taylorhaven Auto Care,FALSE
SRV-005009,VEH-01706,19/11/2025,Full Service,36683,1601,0,South Beth Auto Care,TRUE
SRV-005010,VEH-00324,02/11/2024,Battery Replacement,9900,16790,2,West Angela Auto Care,FALSE
SRV-005011,VEH-01676,23/06/2023,Oil Change,3648,31657,1,Aprilfort Auto Care,FALSE
SRV-005012,VEH-01550,11/11/2023,Oil Change,5777,1107,1,South Wesley Auto Care,FALSE
SRV-005013,VEH-00935,09/10/2022,Brake Inspection,5950,33912,1,South Michaelville Auto Care,FALSE
SRV-005014,VEH-00748,19/09/2024,Brake Inspection,5961,8578,1,Baileymouth Auto Care,TRUE
SRV-005015,VEH-00371,02/05/2026,Full Service,35415,1134,1,Antonioland Auto Care,FALSE
SRV-005016,VEH-01153,06/07/2024,Suspension Repair,30165,7547,1,West Stephenchester Auto Care,FALSE
SRV-005017,VEH-01781,22/07/2024,Suspension Repair,26277,97520,0,Jessicachester Auto Care,FALSE
SRV-005018,VEH-01096,12/02/2025,Transmission Service,16873,70105,2,North Gregorytown Auto Care,FALSE
SRV-005019,VEH-02172,18/08/2023,Recall Fix,0,1008,0,Port Alyssaville Auto Care,FALSE
SRV-005020,VEH-02546,20/09/2025,Tire Rotation,2051,156282,3,Danielport Auto Care,FALSE
SRV-005021,VEH-00647,14/08/2024,Tire Rotation,1350,36755,0,Morganmouth Auto Care,FALSE
SRV-005022,VEH-00324,31/12/2023,Engine Diagnostic,3883,9251,3,Paulaside Auto Care,FALSE
SRV-005023,VEH-01601,12/01/2025,Bodywork/Panel Repair,29730,81187,0,Nicoleborough Auto Care,FALSE
SRV-005024,VEH-01103,23/02/2026,Battery Replacement,13056,5057,2,Martinshire Auto Care,FALSE
SRV-005025,VEH-02594,10/08/2023,Wheel Alignment,1757,4771,0,West Michelleside Auto Care,FALSE
SRV-005026,VEH-01560,01/02/2026,Suspension Repair,38616,54580,2,New Deniseside Auto Care,FALSE
SRV-005027,VEH-02757,19/04/2023,Tire Rotation,1338,24151,1,Smithport Auto Care,FALSE
SRV-005028,VEH-01276,09/07/2024,Oil Change,5929,8841,0,North Lisa Auto Care,FALSE
SRV-005029,VEH-00220,27/01/2025,Oil Change,4794,31607,1,Hallside Auto Care,FALSE
SRV-005030,VEH-00333,12/01/2024,Recall Fix,0,707,3,East Gary Auto Care,TRUE
SRV-005031,VEH-01194,16/04/2024,Full Service,21909,13292,1,Hallport Auto Care,FALSE
SRV-005032,VEH-00084,15/07/2026,Tire Rotation,2684,4628,1,New Nicole Auto Care,FALSE
SRV-005033,VEH-02043,20/10/2024,AC Repair,8744,43529,3,Hornberg Auto Care,FALSE
SRV-005034,VEH-01813,29/05/2025,Suspension Repair,36894,37936,2,Davidbury Auto Care,FALSE
SRV-005035,VEH-00553,21/11/2024,Tire Rotation,2094,132300,0,West Katiefort Auto Care,FALSE
SRV-005036,VEH-02184,16/01/2024,Oil Change,5652,10105,0,Lake George Auto Care,FALSE
SRV-005037,VEH-01298,23/06/2025,Engine Diagnostic,2983,120968,0,Susanmouth Auto Care,FALSE
SRV-005038,VEH-02260,28/03/2024,Suspension Repair,10266,66387,1,Johnhaven Auto Care,FALSE
SRV-005039,VEH-02298,16/09/2023,Engine Diagnostic,2907,63487,1,Anthonystad Auto Care,FALSE
SRV-005040,VEH-01391,09/09/2025,Recall Fix,0,13428,3,Charlesshire Auto Care,FALSE
SRV-005041,VEH-00672,14/03/2026,Suspension Repair,35497,73182,0,South Danielleview Auto Care,FALSE
SRV-005042,VEH-02525,11/06/2026,Brake Inspection,2030,164,2,Johnshire Auto Care,FALSE
SRV-005043,VEH-01190,18/10/2024,Brake Inspection,7940,89700,3,Lake Kelsey Auto Care,FALSE
SRV-005044,VEH-00107,11/07/2023,Recall Fix,0,204275,3,East David Auto Care,FALSE
SRV-005045,VEH-01772,08/05/2023,Full Service,29943,671,0,Lake Julie Auto Care,FALSE
SRV-005046,VEH-02712,13/07/2026,Battery Replacement,19204,21771,1,Lake Jerryberg Auto Care,FALSE
SRV-005047,VEH-00871,20/12/2024,Transmission Service,31250,5565,1,Popeburgh Auto Care,FALSE
SRV-005048,VEH-01691,09/08/2025,Wheel Alignment,2386,54940,1,Johnsonstad Auto Care,FALSE
SRV-005049,VEH-00176,29/04/2023,Wheel Alignment,2325,97742,1,South Melanieville Auto Care,FALSE
SRV-005050,VEH-02065,12/11/2022,Bodywork/Panel Repair,88439,17829,2,Danieltown Auto Care,FALSE
SRV-005051,VEH-01420,06/03/2026,Brake Inspection,6558,60286,1,Juarezfort Auto Care,TRUE
SRV-005052,VEH-01480,01/10/2024,Battery Replacement,16467,16385,1,Rogersberg Auto Care,FALSE
SRV-005053,VEH-01152,07/10/2023,Oil Change,5839,126036,1,Leefort Auto Care,FALSE
SRV-005054,VEH-02883,25/09/2024,Brake Inspection,1901,7058,0,South Jessica Auto Care,FALSE
SRV-005055,VEH-01165,09/05/2023,Full Service,38437,46680,2,South Amyfort Auto Care,FALSE
SRV-005056,VEH-01232,02/06/2023,Transmission Service,15486,8758,1,New Jennifer Auto Care,FALSE
SRV-005057,VEH-02968,25/10/2022,Transmission Service,35899,70661,3,Janetbury Auto Care,TRUE
SRV-005058,VEH-00714,02/06/2024,Transmission Service,44790,99765,1,South Tammyport Auto Care,FALSE
SRV-005059,VEH-01055,11/04/2026,Battery Replacement,12387,129500,1,Lake Jason Auto Care,FALSE
SRV-005060,VEH-02988,07/08/2026,Engine Diagnostic,3594,25298,1,Port Stephanieside Auto Care,FALSE
SRV-005061,VEH-01474,03/08/2024,Wheel Alignment,3664,48577,3,New Veronicahaven Auto Care,TRUE
SRV-005062,VEH-00899,18/12/2022,Tire Rotation,2910,45828,0,South Kevinmouth Auto Care,FALSE
SRV-005063,VEH-01671,20/09/2025,Transmission Service,54193,11578,1,Lake Shannon Auto Care,FALSE
SRV-005064,VEH-01618,05/02/2024,Transmission Service,40624,14733,0,South Michelle Auto Care,FALSE
SRV-005065,VEH-01752,08/07/2026,Suspension Repair,35812,57798,3,West Sarahton Auto Care,FALSE
SRV-005066,VEH-02828,22/06/2023,Recall Fix,0,9267,1,East Meghan Auto Care,FALSE
SRV-005067,VEH-01248,08/01/2026,AC Repair,21106,580,1,New Nicholas Auto Care,FALSE
SRV-005068,VEH-02671,22/09/2026,Battery Replacement,17551,5827,0,North Philipberg Auto Care,FALSE
SRV-005069,VEH-02156,27/10/2024,Oil Change,5445,5496,0,Pearsonbury Auto Care,FALSE
SRV-005070,VEH-02762,30/01/2025,Recall Fix,0,8591,1,Lake Jennifer Auto Care,FALSE
SRV-005071,VEH-00495,02/08/2025,Engine Diagnostic,4016,77286,2,Lake Donna Auto Care,TRUE
SRV-005072,VEH-01650,20/07/2024,Recall Fix,0,4062,3,Bonniebury Auto Care,FALSE
SRV-005073,VEH-01587,27/07/2024,Tire Rotation,1570,65871,3,Shannonchester Auto Care,FALSE
SRV-005074,VEH-01698,23/12/2024,Engine Diagnostic,3919,51442,3,Hernandezbury Auto Care,FALSE
SRV-005075,VEH-00786,15/01/2023,Oil Change,2744,42890,3,North Benjaminland Auto Care,TRUE
SRV-005076,VEH-00145,15/01/2025,Transmission Service,41775,34848,0,Susanview Auto Care,FALSE
SRV-005077,VEH-02519,13/10/2022,Brake Inspection,5790,76547,1,Katherineview Auto Care,FALSE
SRV-005078,VEH-02870,15/12/2023,Engine Diagnostic,4153,25834,1,Harrellbury Auto Care,TRUE
SRV-005079,VEH-00259,18/07/2026,Recall Fix,0,7424,3,Lake Pennyville Auto Care,TRUE
SRV-005080,VEH-01824,16/10/2024,Suspension Repair,43644,17976,2,Timothytown Auto Care,FALSE
SRV-005081,VEH-01540,13/02/2026,Oil Change,4670,25833,1,Salazarbury Auto Care,FALSE
SRV-005082,VEH-00558,05/05/2023,Tire Rotation,1463,50334,0,Jamesfort Auto Care,FALSE
SRV-005083,VEH-00431,16/10/2023,Recall Fix,0,10748,3,Thomastown Auto Care,FALSE
SRV-005084,VEH-02341,06/09/2025,Engine Diagnostic,4620,22513,0,Kathleenfurt Auto Care,TRUE
SRV-005085,VEH-00649,18/05/2023,Oil Change,3571,1306,1,Lake Meghanburgh Auto Care,FALSE
SRV-005086,VEH-02480,17/05/2024,Battery Replacement,16794,1730,2,Cardenasbury Auto Care,FALSE
SRV-005087,VEH-00780,03/04/2023,Bodywork/Panel Repair,13703,710,1,Laurenmouth Auto Care,FALSE
SRV-005088,VEH-02453,22/06/2023,Oil Change,4972,1181,1,New Ryanstad Auto Care,FALSE
SRV-005089,VEH-01642,05/09/2023,Brake Inspection,1752,29595,1,Sarahborough Auto Care,TRUE
SRV-005090,VEH-02356,16/03/2025,Engine Diagnostic,4202,43177,1,Shellyside Auto Care,FALSE
SRV-005091,VEH-00209,29/10/2024,Transmission Service,46718,19813,0,Jacobview Auto Care,FALSE
SRV-005092,VEH-01232,08/08/2023,Engine Diagnostic,3885,1825,2,Brendashire Auto Care,FALSE
SRV-005093,VEH-00168,11/04/2026,Engine Diagnostic,3636,32207,2,Port Jonathan Auto Care,TRUE
SRV-005094,VEH-02628,17/05/2024,Oil Change,5744,82328,2,South Jeffrey Auto Care,FALSE
SRV-005095,VEH-00324,18/08/2026,Suspension Repair,31272,10460,2,Jonathanside Auto Care,TRUE
SRV-005096,VEH-01763,18/08/2023,Brake Inspection,3290,16196,1,West Danieltown Auto Care,FALSE
SRV-005097,VEH-00958,03/05/2026,AC Repair,9510,63345,1,Wendymouth Auto Care,TRUE
SRV-005098,VEH-01134,10/07/2025,Full Service,18543,7010,3,Smithbury Auto Care,FALSE
SRV-005099,VEH-02231,11/06/2025,Battery Replacement,9750,52552,1,Henryburgh Auto Care,FALSE
SRV-005100,VEH-00467,29/01/2025,AC Repair,9001,9721,0,Hintonmouth Auto Care,FALSE
SRV-005101,VEH-02194,19/06/2025,Suspension Repair,39194,80928,2,Powellside Auto Care,FALSE
SRV-005102,VEH-00177,01/11/2022,Engine Diagnostic,3718,10061,3,Leemouth Auto Care,TRUE
SRV-005103,VEH-01652,12/09/2025,Recall Fix,0,54558,0,Colliertown Auto Care,FALSE
SRV-005104,VEH-00861,15/09/2024,Recall Fix,0,1986,2,South Williamchester Auto Care,FALSE
SRV-005105,VEH-01827,25/03/2024,Full Service,23092,3167,2,Meghanburgh Auto Care,FALSE
SRV-005106,VEH-01582,20/07/2024,Tire Rotation,2470,55289,3,Thomasberg Auto Care,FALSE
SRV-005107,VEH-00578,05/08/2023,Wheel Alignment,2218,12742,0,West Oliviaport Auto Care,FALSE
SRV-005108,VEH-01956,04/02/2026,Transmission Service,41543,3320,1,North Edward Auto Care,FALSE
SRV-005109,VEH-00588,18/08/2026,Engine Diagnostic,2963,2368,0,Fosterfort Auto Care,TRUE
SRV-005110,VEH-00961,05/03/2025,Transmission Service,59733,64024,0,Rosariomouth Auto Care,FALSE
SRV-005111,VEH-02006,21/03/2024,Wheel Alignment,2966,65145,3,Lake Jamiebury Auto Care,FALSE
SRV-005112,VEH-01214,28/12/2025,Transmission Service,21224,13998,0,Heathermouth Auto Care,FALSE
SRV-005113,VEH-01728,21/09/2026,Suspension Repair,18553,29101,1,Davenportfurt Auto Care,FALSE
SRV-005114,VEH-00298,29/11/2025,Oil Change,3344,6325,1,East Randy Auto Care,FALSE
SRV-005115,VEH-01742,13/09/2025,Full Service,27798,112260,1,Russellbury Auto Care,FALSE
SRV-005116,VEH-02743,19/08/2024,Battery Replacement,18287,16559,1,Wilsontown Auto Care,TRUE
SRV-005117,VEH-01014,21/04/2026,Tire Rotation,1181,21879,0,Susanfort Auto Care,FALSE
SRV-005118,VEH-01416,06/11/2024,Bodywork/Panel Repair,88591,55857,0,Olsonview Auto Care,FALSE
SRV-005119,VEH-02663,23/12/2022,Oil Change,3370,37758,1,Christinetown Auto Care,FALSE
SRV-005120,VEH-01811,01/06/2024,Tire Rotation,2206,81636,0,West Maria Auto Care,FALSE
SRV-005121,VEH-01235,03/12/2025,AC Repair,20285,94423,0,North Michaelstad Auto Care,FALSE
SRV-005122,VEH-00538,23/07/2024,AC Repair,16163,22337,2,Taraburgh Auto Care,FALSE
SRV-005123,VEH-02879,10/05/2025,Transmission Service,56233,164545,0,South Elizabeth Auto Care,FALSE
SRV-005124,VEH-00878,07/04/2023,AC Repair,24558,34147,0,South Douglas Auto Care,FALSE
SRV-005125,VEH-01020,19/08/2025,Wheel Alignment,3654,7887,0,Port Jasminechester Auto Care,TRUE
SRV-005126,VEH-00977,12/10/2024,Battery Replacement,14367,67011,2,Calhounbury Auto Care,FALSE
SRV-005127,VEH-01104,27/07/2026,Battery Replacement,19052,120527,1,New Joel Auto Care,FALSE
SRV-005128,VEH-02301,06/03/2024,Tire Rotation,2815,183,2,East Colleenmouth Auto Care,TRUE
SRV-005129,VEH-02823,12/02/2025,Wheel Alignment,2532,72447,1,Woodwardburgh Auto Care,FALSE
SRV-005130,VEH-01132,10/08/2025,Engine Diagnostic,4643,23952,0,Harrisville Auto Care,TRUE
SRV-005131,VEH-01055,10/11/2023,Suspension Repair,21763,119687,1,East Loganton Auto Care,FALSE
SRV-005132,VEH-02790,22/07/2023,Suspension Repair,11114,9940,3,Warrenmouth Auto Care,FALSE
SRV-005133,VEH-00733,30/01/2023,Suspension Repair,26082,37138,3,Lisaburgh Auto Care,TRUE
SRV-005134,VEH-00622,20/10/2022,Bodywork/Panel Repair,100803,6124,0,North Katietown Auto Care,FALSE
SRV-005135,VEH-01483,15/05/2024,Suspension Repair,30114,43188,2,Averybury Auto Care,FALSE
SRV-005136,VEH-01443,16/06/2026,Full Service,25156,2615,1,Stephensburgh Auto Care,FALSE
SRV-005137,VEH-00199,12/08/2025,Engine Diagnostic,2928,34847,0,South Sarah Auto Care,FALSE
SRV-005138,VEH-00202,19/06/2025,Engine Diagnostic,4910,28719,2,Saramouth Auto Care,FALSE
SRV-005139,VEH-00955,02/07/2024,Full Service,25006,12426,1,North Matthewside Auto Care,FALSE
SRV-005140,VEH-02839,09/11/2025,Bodywork/Panel Repair,93996,29129,1,Breannafort Auto Care,TRUE
SRV-005141,VEH-01475,01/01/2026,Recall Fix,0,4646,0,New Morgan Auto Care,FALSE
SRV-005142,VEH-02371,11/10/2022,Oil Change,3363,134905,0,New Danielton Auto Care,FALSE
SRV-005143,VEH-01327,01/04/2024,Bodywork/Panel Repair,32148,17596,3,North Gary Auto Care,TRUE
SRV-005144,VEH-02765,28/10/2022,Full Service,28104,15467,0,Hendersonchester Auto Care,FALSE
SRV-005145,VEH-00841,13/10/2024,Transmission Service,40334,9951,1,Milesville Auto Care,TRUE
SRV-005146,VEH-02288,06/05/2025,Oil Change,4052,183062,3,Hodgesfurt Auto Care,TRUE
SRV-005147,VEH-01502,19/12/2023,Transmission Service,18728,67749,2,Jameshaven Auto Care,FALSE
SRV-005148,VEH-00669,01/08/2023,Bodywork/Panel Repair,23825,19973,1,Perezville Auto Care,TRUE
SRV-005149,VEH-02640,05/12/2022,Suspension Repair,12752,48985,3,Carsonport Auto Care,TRUE
SRV-005150,VEH-00755,06/08/2024,AC Repair,6734,33005,1,Johnsonborough Auto Care,FALSE
SRV-005151,VEH-02269,06/02/2023,Engine Diagnostic,3993,13706,1,South Scottborough Auto Care,FALSE
SRV-005152,VEH-02834,24/06/2025,Brake Inspection,7957,26357,0,Johnshire Auto Care,FALSE
SRV-005153,VEH-00235,23/06/2024,Wheel Alignment,1530,2522,2,Christianport Auto Care,TRUE
SRV-005154,VEH-01223,13/02/2023,Oil Change,3066,136048,1,South Krystal Auto Care,FALSE
SRV-005155,VEH-00552,21/04/2024,Recall Fix,0,5074,3,Velasquezshire Auto Care,FALSE
SRV-005156,VEH-01248,05/01/2025,Full Service,30478,1060,0,East Stephenberg Auto Care,FALSE
SRV-005157,VEH-01696,23/12/2022,Oil Change,5558,18818,0,West Frank Auto Care,FALSE
SRV-005158,VEH-01131,13/04/2024,Oil Change,5647,94967,0,East Aaronhaven Auto Care,FALSE
SRV-005159,VEH-00481,30/08/2024,Wheel Alignment,2776,25246,1,Matthewfurt Auto Care,FALSE
SRV-005160,VEH-01764,08/11/2024,Brake Inspection,7967,52963,3,North Justinstad Auto Care,FALSE
SRV-005161,VEH-01640,22/08/2025,Bodywork/Panel Repair,27093,73496,0,Williamsville Auto Care,FALSE
SRV-005162,VEH-01540,20/04/2023,Suspension Repair,16387,39996,0,New Stephenborough Auto Care,FALSE
SRV-005163,VEH-01882,26/11/2023,Engine Diagnostic,2939,10042,2,North Philipside Auto Care,FALSE
SRV-005164,VEH-01190,07/07/2024,Bodywork/Panel Repair,62067,86508,0,North Christopherhaven Auto Care,FALSE
SRV-005165,VEH-01576,02/08/2023,Engine Diagnostic,3931,24667,1,North Nathanmouth Auto Care,FALSE
SRV-005166,VEH-01923,07/12/2025,Suspension Repair,11298,7669,1,Port Kristin Auto Care,TRUE
SRV-005167,VEH-02780,06/02/2025,Engine Diagnostic,2552,665,3,North Lindsaymouth Auto Care,FALSE
SRV-005168,VEH-01567,21/06/2024,AC Repair,7171,10551,0,New Amandaborough Auto Care,TRUE
SRV-005169,VEH-00539,29/01/2026,Engine Diagnostic,4031,71314,0,Christopherfurt Auto Care,FALSE
SRV-005170,VEH-00438,01/05/2023,AC Repair,24299,696,1,Lisaview Auto Care,TRUE
SRV-005171,VEH-00103,08/11/2023,Battery Replacement,11616,6885,2,Campbelltown Auto Care,FALSE
SRV-005172,VEH-01611,22/10/2025,Engine Diagnostic,3385,12893,1,Tylerburgh Auto Care,TRUE
SRV-005173,VEH-02869,17/10/2023,Tire Rotation,2796,10159,0,Lake Jessica Auto Care,FALSE
SRV-005174,VEH-02543,05/01/2026,Tire Rotation,2368,12757,0,New Marcus Auto Care,FALSE
SRV-005175,VEH-00271,02/07/2024,Tire Rotation,2770,5879,3,Jamesbury Auto Care,FALSE
SRV-005176,VEH-01748,17/07/2023,Brake Inspection,6892,145938,2,Nicholasview Auto Care,TRUE
SRV-005177,VEH-01489,19/03/2023,Brake Inspection,6455,19968,1,Christopherside Auto Care,FALSE
SRV-005178,VEH-00737,11/06/2024,Wheel Alignment,3417,12534,2,North Amy Auto Care,FALSE
SRV-005179,VEH-00073,18/03/2025,AC Repair,12404,6760,2,South April Auto Care,TRUE
SRV-005180,VEH-00879,14/05/2025,Bodywork/Panel Repair,58697,2,0,Robertfort Auto Care,FALSE
SRV-005181,VEH-00904,22/10/2025,Bodywork/Panel Repair,77626,17388,2,Tannermouth Auto Care,FALSE
SRV-005182,VEH-01254,20/09/2025,Oil Change,3633,119765,3,South Hailey Auto Care,FALSE
SRV-005183,VEH-00524,31/10/2025,Suspension Repair,35872,7610,0,Patrickhaven Auto Care,TRUE
SRV-005184,VEH-02182,04/03/2026,Brake Inspection,3353,44297,1,Lake Sherrimouth Auto Care,FALSE
SRV-005185,VEH-01862,16/11/2025,Bodywork/Panel Repair,110447,10792,1,Kimberg Auto Care,FALSE
SRV-005186,VEH-01286,29/03/2023,Recall Fix,0,21350,0,Dickersonborough Auto Care,TRUE
SRV-005187,VEH-00938,30/08/2025,AC Repair,9373,21507,0,Aliciaside Auto Care,FALSE
SRV-005188,VEH-02379,19/03/2026,AC Repair,13406,1513,0,Curryhaven Auto Care,TRUE
SRV-005189,VEH-01847,01/11/2022,Brake Inspection,6167,3622,0,North Markville Auto Care,FALSE
SRV-005190,VEH-00348,01/07/2025,Wheel Alignment,1973,33409,3,New Justinberg Auto Care,FALSE
SRV-005191,VEH-02385,19/07/2025,Suspension Repair,17081,21993,1,Leblancville Auto Care,TRUE
SRV-005192,VEH-00147,20/11/2025,Full Service,27678,36939,3,East Dwayneton Auto Care,FALSE
SRV-005193,VEH-01363,16/04/2024,Bodywork/Panel Repair,15184,22171,1,West Belinda Auto Care,TRUE
SRV-005194,VEH-02212,09/02/2024,Brake Inspection,4034,2016,2,Ingramhaven Auto Care,FALSE
SRV-005195,VEH-01135,29/10/2022,Oil Change,5983,255,1,West Dennis Auto Care,FALSE
SRV-005196,VEH-00855,18/05/2026,AC Repair,7195,28121,2,Lake Terri Auto Care,FALSE
SRV-005197,VEH-00663,10/10/2023,Full Service,22594,1700,2,South Randy Auto Care,FALSE
SRV-005198,VEH-02801,02/04/2026,Bodywork/Panel Repair,112463,68796,2,South Jennifermouth Auto Care,FALSE
SRV-005199,VEH-02243,20/11/2022,Brake Inspection,3597,174737,0,Thomastown Auto Care,FALSE
SRV-005200,VEH-01820,09/09/2026,Suspension Repair,30323,7873,2,Port Elizabethburgh Auto Care,FALSE
SRV-005201,VEH-02768,10/06/2026,Transmission Service,44770,27093,0,Bonillaville Auto Care,FALSE
SRV-005202,VEH-01674,13/05/2025,Wheel Alignment,2443,66468,0,New Laurachester Auto Care,FALSE
SRV-005203,VEH-01041,22/09/2025,Bodywork/Panel Repair,15086,186967,3,Port Nicholasshire Auto Care,FALSE
SRV-005204,VEH-02777,29/04/2025,Engine Diagnostic,3414,50486,3,Lake Henry Auto Care,FALSE
SRV-005205,VEH-02117,29/04/2023,AC Repair,21006,114287,0,South Tracy Auto Care,FALSE
SRV-005206,VEH-00307,29/08/2026,Recall Fix,0,109597,3,South Heather Auto Care,FALSE
SRV-005207,VEH-01823,27/08/2025,Suspension Repair,10906,61000,0,Jenniferton Auto Care,TRUE
SRV-005208,VEH-02404,31/01/2023,Tire Rotation,1982,10439,0,Lewisland Auto Care,FALSE
SRV-005209,VEH-02308,12/02/2023,Brake Inspection,1917,19359,1,North Megan Auto Care,FALSE
SRV-005210,VEH-02194,04/05/2023,Full Service,38007,74851,1,Jacksonville Auto Care,TRUE
SRV-005211,VEH-00123,30/05/2024,Suspension Repair,42366,2183,0,North Tracy Auto Care,FALSE
SRV-005212,VEH-02846,31/07/2025,Transmission Service,49212,7091,0,New Brookebury Auto Care,TRUE
SRV-005213,VEH-02087,23/01/2025,Oil Change,2716,56088,1,Lake Shannon Auto Care,TRUE
SRV-005214,VEH-01180,08/09/2023,Engine Diagnostic,3522,4869,1,Rebeccatown Auto Care,FALSE
SRV-005215,VEH-01947,24/04/2025,Suspension Repair,34849,5310,2,Amberbury Auto Care,FALSE
SRV-005216,VEH-02004,05/02/2024,Transmission Service,30574,62273,2,Samuelburgh Auto Care,TRUE
SRV-005217,VEH-00104,18/10/2023,Brake Inspection,4496,35591,2,South Kimberly Auto Care,FALSE
SRV-005218,VEH-00410,14/06/2026,Recall Fix,0,21037,1,Taylorberg Auto Care,FALSE
SRV-005219,VEH-00242,17/03/2025,Tire Rotation,1202,2001,0,Levinefurt Auto Care,TRUE
SRV-005220,VEH-02976,22/03/2026,Brake Inspection,6324,12327,1,New Andre Auto Care,FALSE
SRV-005221,VEH-01540,02/05/2026,Oil Change,5294,43893,1,Ramirezfurt Auto Care,FALSE
SRV-005222,VEH-02287,14/07/2024,Oil Change,5963,8786,2,East Warren Auto Care,FALSE
SRV-005223,VEH-00310,28/05/2025,Brake Inspection,2767,48410,3,East Eddietown Auto Care,FALSE
SRV-005224,VEH-02218,10/10/2022,Full Service,24983,1632,1,Port Jeffrey Auto Care,TRUE
SRV-005225,VEH-00378,28/09/2024,Transmission Service,32282,142996,0,Lake Kimberlychester Auto Care,TRUE
SRV-005226,VEH-01967,29/10/2022,Transmission Service,15132,31066,1,North Justin Auto Care,FALSE
SRV-005227,VEH-02075,06/09/2024,Bodywork/Panel Repair,64026,51866,1,Lake Michelle Auto Care,TRUE
SRV-005228,VEH-01914,23/05/2024,Suspension Repair,42298,14954,0,East Jimborough Auto Care,TRUE
SRV-005229,VEH-00410,05/08/2023,Recall Fix,0,12596,0,New Brittanymouth Auto Care,TRUE
SRV-005230,VEH-00279,03/06/2025,AC Repair,9473,11958,1,Elizabethshire Auto Care,FALSE
SRV-005231,VEH-01823,09/09/2026,Recall Fix,0,49619,0,Bellland Auto Care,FALSE
SRV-005232,VEH-02433,30/08/2025,Bodywork/Panel Repair,28856,20044,0,Erichaven Auto Care,TRUE
SRV-005233,VEH-02026,19/08/2025,Bodywork/Panel Repair,101297,19557,3,Annmouth Auto Care,FALSE
SRV-005234,VEH-00367,18/05/2023,Transmission Service,56123,24992,0,Andrewfurt Auto Care,FALSE
SRV-005235,VEH-02335,04/09/2024,Engine Diagnostic,3381,337,3,East Donaldbury Auto Care,TRUE
SRV-005236,VEH-00342,25/08/2024,Tire Rotation,2516,54571,1,New Allenbury Auto Care,FALSE
SRV-005237,VEH-02266,07/03/2023,Battery Replacement,14486,5614,3,West Sarah Auto Care,FALSE
SRV-005238,VEH-02371,24/01/2024,Engine Diagnostic,4673,105509,1,Robintown Auto Care,TRUE
SRV-005239,VEH-02392,21/09/2025,Tire Rotation,1599,1513,1,West Ericabury Auto Care,FALSE
SRV-005240,VEH-01475,05/09/2023,Battery Replacement,8552,192,0,Annborough Auto Care,TRUE
SRV-005241,VEH-02814,05/09/2025,Full Service,33949,2549,0,Port Elizabeth Auto Care,FALSE
SRV-005242,VEH-02831,08/04/2024,Engine Diagnostic,3051,2227,2,Port Christinaville Auto Care,FALSE
SRV-005243,VEH-01189,23/06/2023,AC Repair,5309,18819,0,New Kyleside Auto Care,TRUE
SRV-005244,VEH-02179,04/05/2025,Oil Change,3743,28097,1,Lake Paul Auto Care,FALSE
SRV-005245,VEH-01866,26/02/2024,Suspension Repair,19146,3314,3,East Morganton Auto Care,TRUE
SRV-005246,VEH-01692,27/12/2025,Tire Rotation,1021,11516,1,South Stevenshire Auto Care,FALSE
SRV-005247,VEH-02303,03/04/2025,Bodywork/Panel Repair,54554,123636,2,Lake Natalieborough Auto Care,TRUE
SRV-005248,VEH-02433,11/12/2023,Engine Diagnostic,4329,14626,2,Hansenton Auto Care,FALSE
SRV-005249,VEH-02302,10/05/2024,Battery Replacement,10903,398,0,South Michaelland Auto Care,TRUE
SRV-005250,VEH-00958,08/05/2023,Bodywork/Panel Repair,112967,64629,1,Lake Reneeport Auto Care,FALSE
SRV-005251,VEH-00679,28/09/2024,Tire Rotation,1119,26281,0,South Todd Auto Care,TRUE
SRV-005252,VEH-00347,21/08/2023,Engine Diagnostic,4465,1365,0,Melindachester Auto Care,FALSE
SRV-005253,VEH-01563,10/01/2025,Recall Fix,0,69687,3,Crawfordfort Auto Care,FALSE
SRV-005254,VEH-02898,11/01/2026,Suspension Repair,11508,70802,1,Sandraborough Auto Care,FALSE
SRV-005255,VEH-02267,24/01/2025,AC Repair,13967,3829,1,Pricefort Auto Care,TRUE
SRV-005256,VEH-02307,29/09/2025,Transmission Service,42701,2926,2,South Jaredport Auto Care,TRUE
SRV-005257,VEH-02850,26/06/2025,AC Repair,17933,93637,1,North Amanda Auto Care,TRUE
SRV-005258,VEH-00370,21/10/2022,Oil Change,3142,4416,3,North Ray Auto Care,TRUE
SRV-005259,VEH-00988,26/08/2026,Bodywork/Panel Repair,112653,6821,3,Port Kimberly Auto Care,FALSE
SRV-005260,VEH-02906,19/10/2025,Engine Diagnostic,2719,51374,0,Rayshire Auto Care,FALSE
SRV-005261,VEH-02984,22/11/2025,Engine Diagnostic,4916,39083,1,Johnport Auto Care,FALSE
SRV-005262,VEH-00965,21/04/2023,AC Repair,10075,4358,1,West Roberthaven Auto Care,FALSE
SRV-005263,VEH-02866,31/10/2022,Tire Rotation,1329,76204,1,Walkerstad Auto Care,FALSE
SRV-005264,VEH-00197,10/03/2026,Bodywork/Panel Repair,114755,2809,0,South Shannon Auto Care,FALSE
SRV-005265,VEH-02182,21/05/2024,Battery Replacement,8616,46423,1,Nicoleside Auto Care,FALSE
SRV-005266,VEH-01457,11/09/2026,Brake Inspection,4804,1504,1,West Johnton Auto Care,FALSE
SRV-005267,VEH-02683,18/02/2026,Wheel Alignment,2694,10193,2,South David Auto Care,FALSE
SRV-005268,VEH-01160,12/03/2026,Transmission Service,29214,24607,1,West Courtneytown Auto Care,FALSE
SRV-005269,VEH-02141,31/03/2026,Recall Fix,0,4463,1,Danieltown Auto Care,TRUE
SRV-005270,VEH-00103,24/02/2023,Oil Change,5808,1944,0,Aaronside Auto Care,FALSE
SRV-005271,VEH-00235,27/11/2025,Full Service,15255,9613,3,Jacksonview Auto Care,FALSE
SRV-005272,VEH-00595,11/06/2026,Recall Fix,0,79062,2,Thomasville Auto Care,FALSE
SRV-005273,VEH-00600,05/07/2024,Transmission Service,17311,70573,3,Bellberg Auto Care,FALSE
SRV-005274,VEH-00412,05/05/2026,Transmission Service,59426,97526,0,West Ashleymouth Auto Care,FALSE
SRV-005275,VEH-00374,17/04/2026,Tire Rotation,2206,47246,2,Christianfort Auto Care,FALSE
SRV-005276,VEH-00205,04/11/2025,Recall Fix,0,2814,0,East Beth Auto Care,FALSE
SRV-005277,VEH-00295,03/11/2023,Bodywork/Panel Repair,114614,58,2,West Laura Auto Care,FALSE
SRV-005278,VEH-00790,09/12/2023,Transmission Service,15642,28042,0,Lake Mark Auto Care,TRUE
SRV-005279,VEH-02139,27/03/2025,Oil Change,4110,38994,2,New Miamouth Auto Care,FALSE
SRV-005280,VEH-02783,07/05/2025,Engine Diagnostic,2998,20960,1,Websterchester Auto Care,FALSE
SRV-005281,VEH-01546,14/02/2024,Full Service,24725,85220,1,New Amandachester Auto Care,FALSE
SRV-005282,VEH-00810,19/08/2025,Battery Replacement,9346,93410,1,Nicholasville Auto Care,FALSE
SRV-005283,VEH-00816,29/01/2026,Wheel Alignment,2321,37397,0,Johnsonborough Auto Care,FALSE
SRV-005284,VEH-01062,09/07/2023,Oil Change,4682,21782,0,Emilyshire Auto Care,TRUE
SRV-005285,VEH-01379,16/10/2024,Wheel Alignment,1851,17387,0,Danielfort Auto Care,TRUE
SRV-005286,VEH-00209,10/04/2023,Transmission Service,20821,3296,1,Hubbardstad Auto Care,TRUE
SRV-005287,VEH-02240,21/04/2023,Full Service,20999,11739,1,New Alex Auto Care,FALSE
SRV-005288,VEH-02365,25/08/2025,Bodywork/Panel Repair,28104,407,2,Port Jason Auto Care,TRUE
SRV-005289,VEH-01549,23/01/2024,Oil Change,5372,456,0,Lake Monique Auto Care,FALSE
SRV-005290,VEH-02939,24/11/2022,Battery Replacement,17484,128642,0,West Edward Auto Care,FALSE
SRV-005291,VEH-01380,13/10/2022,Oil Change,2853,1861,0,Port Stephanie Auto Care,FALSE
SRV-005292,VEH-00425,10/12/2025,Suspension Repair,37097,10835,0,West Evanchester Auto Care,FALSE
SRV-005293,VEH-01938,05/03/2025,Battery Replacement,12292,70554,0,New Timothyburgh Auto Care,TRUE
SRV-005294,VEH-01112,02/07/2026,Transmission Service,44857,66669,1,Joelfurt Auto Care,FALSE
SRV-005295,VEH-00725,03/11/2024,Transmission Service,19445,36744,0,New Brendamouth Auto Care,FALSE
SRV-005296,VEH-00590,25/06/2026,Engine Diagnostic,2856,74229,1,Debrachester Auto Care,TRUE
SRV-005297,VEH-01085,13/01/2023,Bodywork/Panel Repair,104368,4781,1,Jonesville Auto Care,TRUE
SRV-005298,VEH-00747,02/07/2025,Suspension Repair,40858,44640,3,North Stephen Auto Care,TRUE
SRV-005299,VEH-00699,23/12/2024,Battery Replacement,9135,53616,0,South Debbiefurt Auto Care,TRUE
SRV-005300,VEH-02470,13/07/2024,Engine Diagnostic,2823,318,1,Carrfort Auto Care,FALSE
SRV-005301,VEH-02776,17/11/2023,Battery Replacement,10056,91186,1,East Natasha Auto Care,FALSE
SRV-005302,VEH-02766,19/06/2026,Bodywork/Panel Repair,39421,29591,0,New Sandra Auto Care,FALSE
SRV-005303,VEH-01538,16/12/2023,Bodywork/Panel Repair,28466,32025,3,Teresafurt Auto Care,FALSE
SRV-005304,VEH-00303,10/01/2023,Bodywork/Panel Repair,90290,6663,0,South Ashleymouth Auto Care,FALSE
SRV-005305,VEH-01848,07/01/2024,AC Repair,19854,16122,1,Sandramouth Auto Care,TRUE
SRV-005306,VEH-02800,17/03/2026,Battery Replacement,9361,22159,1,Lake Suzanneland Auto Care,TRUE
SRV-005307,VEH-01015,11/08/2024,Oil Change,3407,19738,0,West Christinaview Auto Care,TRUE
SRV-005308,VEH-00808,21/06/2025,Bodywork/Panel Repair,74399,17295,1,Debraland Auto Care,FALSE
SRV-005309,VEH-02117,12/04/2024,Tire Rotation,1096,115434,0,South Whitney Auto Care,TRUE
SRV-005310,VEH-02707,31/10/2023,Suspension Repair,22731,65544,0,Melissaside Auto Care,FALSE
SRV-005311,VEH-01546,25/06/2026,Tire Rotation,1485,82339,3,North Robin Auto Care,FALSE
SRV-005312,VEH-01351,17/09/2023,Tire Rotation,2409,27797,3,North Mary Auto Care,TRUE
SRV-005313,VEH-01719,22/12/2024,Battery Replacement,8161,100578,2,Lake Nicholasfort Auto Care,FALSE
SRV-005314,VEH-01942,04/03/2026,Recall Fix,0,1782,0,West Margaretville Auto Care,FALSE
SRV-005315,VEH-01981,16/08/2026,Suspension Repair,26654,31038,0,Phillipville Auto Care,FALSE
SRV-005316,VEH-01221,13/10/2022,Suspension Repair,32087,37521,3,South Davidton Auto Care,FALSE
SRV-005317,VEH-01314,19/09/2024,Battery Replacement,14530,763,1,Huntstad Auto Care,FALSE
SRV-005318,VEH-01094,13/01/2023,Tire Rotation,2734,2542,1,Wileyport Auto Care,FALSE
SRV-005319,VEH-02258,24/11/2025,Transmission Service,15052,132907,2,Lake Maryport Auto Care,FALSE
SRV-005320,VEH-01497,16/11/2022,Suspension Repair,26288,8355,3,West Andreaport Auto Care,FALSE
SRV-005321,VEH-02409,27/12/2023,AC Repair,23093,1136,2,Dakotaberg Auto Care,FALSE
SRV-005322,VEH-00082,14/11/2024,AC Repair,5640,42755,2,South Kimberly Auto Care,FALSE
SRV-005323,VEH-01134,01/05/2023,Engine Diagnostic,4043,18134,1,Lauraside Auto Care,TRUE
SRV-005324,VEH-02057,17/05/2025,Brake Inspection,1680,21115,0,North Meganchester Auto Care,FALSE
SRV-005325,VEH-02274,03/03/2026,Tire Rotation,1341,4957,0,Lisafort Auto Care,FALSE
SRV-005326,VEH-01582,05/06/2023,Brake Inspection,4264,77134,2,Aliciabury Auto Care,FALSE
SRV-005327,VEH-02232,12/02/2026,Battery Replacement,14750,8853,1,West Laura Auto Care,FALSE
SRV-005328,VEH-02082,07/02/2024,Engine Diagnostic,2861,2011,1,Evansside Auto Care,FALSE
SRV-005329,VEH-00176,16/04/2024,Full Service,24309,110908,1,Port Tamibury Auto Care,FALSE
SRV-005330,VEH-00423,12/08/2023,Full Service,26364,96004,3,Bellshire Auto Care,FALSE
SRV-005331,VEH-00039,07/01/2026,Engine Diagnostic,2578,17935,0,East Jonathan Auto Care,FALSE
SRV-005332,VEH-02699,31/01/2026,Engine Diagnostic,2422,9911,3,Port Teresa Auto Care,FALSE
SRV-005333,VEH-01328,24/01/2025,Engine Diagnostic,2785,107251,2,New Tracyfurt Auto Care,FALSE
SRV-005334,VEH-01530,01/04/2025,Brake Inspection,2463,63853,1,Patrickmouth Auto Care,TRUE
SRV-005335,VEH-01024,29/12/2025,Brake Inspection,7434,27915,3,Ryanberg Auto Care,FALSE
SRV-005336,VEH-00837,04/12/2025,Battery Replacement,11341,5808,3,West Deborah Auto Care,FALSE
SRV-005337,VEH-01992,03/09/2024,Recall Fix,0,5973,1,Stonefort Auto Care,FALSE
SRV-005338,VEH-01786,25/04/2023,Engine Diagnostic,2875,687,2,Taylorshire Auto Care,FALSE
SRV-005339,VEH-01977,13/08/2024,Recall Fix,0,9021,0,Meganland Auto Care,FALSE
SRV-005340,VEH-01142,17/07/2023,Tire Rotation,1858,1126,0,West Juliechester Auto Care,TRUE
SRV-005341,VEH-02819,14/07/2023,Brake Inspection,4445,24,1,Jimenezchester Auto Care,FALSE
SRV-005342,VEH-01117,18/05/2023,Full Service,20875,40788,0,East Ginatown Auto Care,TRUE
SRV-005343,VEH-00727,30/07/2024,Transmission Service,56781,2821,2,New Justin Auto Care,FALSE
SRV-005344,VEH-02483,28/09/2025,Full Service,12554,19408,0,Savannahmouth Auto Care,FALSE
SRV-005345,VEH-01628,27/05/2025,Brake Inspection,3237,13531,3,Port Victor Auto Care,TRUE
SRV-005346,VEH-02999,22/01/2024,Suspension Repair,34691,31229,2,Marcusfort Auto Care,FALSE
SRV-005347,VEH-01992,23/05/2024,Wheel Alignment,2753,5153,0,Edwardsville Auto Care,FALSE
SRV-005348,VEH-02150,22/05/2025,Bodywork/Panel Repair,35591,5407,1,Allisonbury Auto Care,TRUE
SRV-005349,VEH-00844,08/08/2025,Recall Fix,0,20323,0,Lake Jeffrey Auto Care,FALSE
SRV-005350,VEH-00019,07/12/2025,AC Repair,20726,1710,2,New Ashlee Auto Care,FALSE
SRV-005351,VEH-02955,26/05/2026,Wheel Alignment,1604,76421,1,Osbornland Auto Care,TRUE
SRV-005352,VEH-01518,23/01/2024,Full Service,37569,138760,0,Travisstad Auto Care,TRUE
SRV-005353,VEH-01993,25/08/2025,Bodywork/Panel Repair,58135,16318,1,Simpsonland Auto Care,FALSE
SRV-005354,VEH-00706,07/03/2025,Transmission Service,42380,1848,1,Saraview Auto Care,FALSE
SRV-005355,VEH-02617,18/02/2024,AC Repair,20660,6731,1,Wendyfurt Auto Care,FALSE
SRV-005356,VEH-00517,26/01/2023,Engine Diagnostic,3035,9642,0,Benjaminmouth Auto Care,TRUE
SRV-005357,VEH-00483,30/08/2024,Battery Replacement,9124,33550,1,Christopherhaven Auto Care,TRUE
SRV-005358,VEH-02037,07/12/2023,Transmission Service,59514,71250,2,Port Peggyfurt Auto Care,FALSE
SRV-005359,VEH-02557,22/10/2023,Battery Replacement,14330,4420,1,West Melissabury Auto Care,FALSE
SRV-005360,VEH-00943,10/04/2024,Transmission Service,46926,14159,1,New Jeffrey Auto Care,FALSE
SRV-005361,VEH-00331,23/06/2023,Bodywork/Panel Repair,30361,97032,0,South Richard Auto Care,TRUE
SRV-005362,VEH-02347,17/09/2025,Transmission Service,18666,38394,0,Leeton Auto Care,TRUE
SRV-005363,VEH-01898,13/02/2024,Transmission Service,22296,8781,0,Whitehaven Auto Care,TRUE
SRV-005364,VEH-00886,26/07/2024,Bodywork/Panel Repair,15507,7197,0,Matthewbury Auto Care,TRUE
SRV-005365,VEH-01580,15/04/2023,Bodywork/Panel Repair,116722,133411,0,Davisfurt Auto Care,FALSE
SRV-005366,VEH-02080,13/05/2025,Battery Replacement,10900,14557,1,South Tinaview Auto Care,TRUE
SRV-005367,VEH-00316,03/03/2025,Battery Replacement,17999,4791,1,Lake Jeanette Auto Care,FALSE
SRV-005368,VEH-00361,01/12/2023,Recall Fix,0,101703,0,Dawnburgh Auto Care,FALSE
SRV-005369,VEH-02814,20/08/2024,Suspension Repair,37403,2362,0,New Lauriestad Auto Care,FALSE
SRV-005370,VEH-00300,26/01/2024,Brake Inspection,1983,108643,3,Micheleton Auto Care,FALSE
SRV-005371,VEH-01017,21/12/2022,Bodywork/Panel Repair,26078,46769,3,Houseside Auto Care,FALSE
SRV-005372,VEH-00030,26/12/2024,AC Repair,21722,35661,0,Haydentown Auto Care,TRUE
SRV-005373,VEH-00496,24/05/2025,Full Service,12260,9381,0,Port Anna Auto Care,FALSE
SRV-005374,VEH-00545,06/07/2025,Engine Diagnostic,3169,6345,3,North Lisa Auto Care,FALSE
SRV-005375,VEH-02440,12/11/2025,Oil Change,4075,30718,0,Hollandbury Auto Care,TRUE
SRV-005376,VEH-01337,24/08/2026,Suspension Repair,26085,31732,3,Vincentton Auto Care,FALSE
SRV-005377,VEH-02447,06/01/2026,Bodywork/Panel Repair,32626,494,0,Russellside Auto Care,TRUE
SRV-005378,VEH-01076,08/06/2026,AC Repair,17151,1545,0,South Christopher Auto Care,FALSE
SRV-005379,VEH-00334,17/07/2025,Suspension Repair,21611,17417,1,Lake Laura Auto Care,TRUE
SRV-005380,VEH-01099,26/01/2025,Brake Inspection,5519,2699,0,Port Maria Auto Care,FALSE
SRV-005381,VEH-02581,24/06/2024,Wheel Alignment,2734,64042,2,North Andrew Auto Care,FALSE
SRV-005382,VEH-02534,24/02/2025,Recall Fix,0,57980,1,Molinamouth Auto Care,FALSE
SRV-005383,VEH-00618,06/08/2026,Suspension Repair,14210,105062,1,West Stephanie Auto Care,FALSE
SRV-005384,VEH-00044,04/01/2024,Tire Rotation,1660,42316,0,South Trevorview Auto Care,TRUE
SRV-005385,VEH-02903,10/01/2025,Recall Fix,0,1495,0,South Michelleberg Auto Care,FALSE
SRV-005386,VEH-00649,12/09/2026,Recall Fix,0,5366,3,West Jasonhaven Auto Care,TRUE
SRV-005387,VEH-00923,15/02/2023,Battery Replacement,13761,8603,2,South Todd Auto Care,TRUE
SRV-005388,VEH-00515,20/03/2023,Wheel Alignment,3672,10891,3,Camposport Auto Care,TRUE
SRV-005389,VEH-02786,15/08/2025,Bodywork/Panel Repair,115248,14906,0,Lake Timothy Auto Care,FALSE
SRV-005390,VEH-02710,22/04/2025,AC Repair,13691,8975,1,Jaimeside Auto Care,TRUE
SRV-005391,VEH-01728,18/08/2025,Recall Fix,0,1798,2,Mooreberg Auto Care,FALSE
SRV-005392,VEH-02564,11/09/2024,Engine Diagnostic,2212,11059,1,Walterland Auto Care,TRUE
SRV-005393,VEH-00860,23/11/2023,Engine Diagnostic,4449,47894,2,Lake Patrickton Auto Care,FALSE
SRV-005394,VEH-02395,24/10/2025,Battery Replacement,14050,32224,3,Amyshire Auto Care,FALSE
SRV-005395,VEH-00165,13/06/2025,Transmission Service,25520,3747,0,Jasonchester Auto Care,FALSE
SRV-005396,VEH-02043,01/07/2026,Tire Rotation,2900,48448,1,Scottstad Auto Care,FALSE
SRV-005397,VEH-00888,02/05/2025,Tire Rotation,1745,119547,0,Andreaside Auto Care,FALSE
SRV-005398,VEH-00942,26/05/2026,Engine Diagnostic,2591,747,3,Morganview Auto Care,FALSE
SRV-005399,VEH-02275,20/11/2022,Battery Replacement,10107,7341,0,Brewerborough Auto Care,FALSE
SRV-005400,VEH-00839,02/07/2023,Full Service,13671,11164,1,Michaelside Auto Care,FALSE
SRV-005401,VEH-00290,28/11/2024,Oil Change,2730,37964,2,East Dillon Auto Care,FALSE
SRV-005402,VEH-02963,18/12/2024,Oil Change,5950,93253,2,Lake Reginaland Auto Care,TRUE
SRV-005403,VEH-00316,18/04/2026,Battery Replacement,18993,2788,0,New Jacobside Auto Care,TRUE
SRV-005404,VEH-01121,30/03/2023,Wheel Alignment,3156,25260,3,Brianborough Auto Care,FALSE
SRV-005405,VEH-01295,30/10/2023,Oil Change,3160,22752,3,Ellisbury Auto Care,FALSE
SRV-005406,VEH-00219,19/08/2023,Brake Inspection,5887,7323,1,Ramosside Auto Care,FALSE
SRV-005407,VEH-00438,20/09/2023,Tire Rotation,2552,5600,2,Willieport Auto Care,TRUE
SRV-005408,VEH-01634,08/03/2024,Brake Inspection,6074,10064,2,Biancaside Auto Care,FALSE
SRV-005409,VEH-02806,24/06/2024,Tire Rotation,1838,65042,2,Schultzhaven Auto Care,FALSE
SRV-005410,VEH-02871,19/02/2023,Suspension Repair,35713,125150,3,New Emma Auto Care,FALSE
SRV-005411,VEH-02075,12/07/2026,Tire Rotation,1808,39581,1,Port Jesse Auto Care,FALSE
SRV-005412,VEH-02306,02/09/2025,Oil Change,5877,2640,2,Port Janetville Auto Care,FALSE
SRV-005413,VEH-02868,03/05/2025,AC Repair,24028,13667,1,Lambfort Auto Care,FALSE
SRV-005414,VEH-01223,14/01/2026,Battery Replacement,11677,134501,1,Powersmouth Auto Care,TRUE
SRV-005415,VEH-00727,28/01/2024,Engine Diagnostic,3230,7783,0,East Michael Auto Care,TRUE
SRV-005416,VEH-02236,07/05/2024,Bodywork/Panel Repair,76631,19881,2,New Zachary Auto Care,FALSE
SRV-005417,VEH-02616,24/07/2026,AC Repair,17030,264978,2,New Gabriel Auto Care,FALSE
SRV-005418,VEH-00403,19/08/2024,Oil Change,5351,50567,0,South Sarahshire Auto Care,FALSE
SRV-005419,VEH-02383,03/08/2026,Tire Rotation,2480,47722,3,Porterfort Auto Care,FALSE
SRV-005420,VEH-01430,27/09/2023,Battery Replacement,16587,123263,1,New Lisaburgh Auto Care,FALSE
SRV-005421,VEH-00659,13/03/2025,Battery Replacement,16470,21665,2,Rebeccamouth Auto Care,FALSE
SRV-005422,VEH-02738,08/04/2026,Battery Replacement,19692,37705,0,Williamsberg Auto Care,FALSE
SRV-005423,VEH-02243,21/08/2023,Wheel Alignment,1954,167561,1,Ryanton Auto Care,TRUE
SRV-005424,VEH-02638,18/10/2025,AC Repair,21075,22164,1,Mollybury Auto Care,FALSE
SRV-005425,VEH-00929,19/05/2024,Transmission Service,17956,31559,1,East Julia Auto Care,FALSE
SRV-005426,VEH-00226,09/02/2023,Engine Diagnostic,2196,1651,2,Lisafurt Auto Care,FALSE
SRV-005427,VEH-00859,14/01/2023,Suspension Repair,38919,67259,1,North Jonathan Auto Care,FALSE
SRV-005428,VEH-01291,24/03/2025,Engine Diagnostic,4000,7024,0,Lake Gregoryburgh Auto Care,FALSE
SRV-005429,VEH-02414,06/01/2025,Tire Rotation,1261,13834,1,Rhodesborough Auto Care,FALSE
SRV-005430,VEH-02292,06/03/2023,Engine Diagnostic,3060,94677,2,Jessicashire Auto Care,TRUE
SRV-005431,VEH-00641,13/06/2026,Brake Inspection,6566,73208,2,Lisaberg Auto Care,FALSE
SRV-005432,VEH-00724,23/06/2025,AC Repair,10487,8665,0,Mccallmouth Auto Care,TRUE
SRV-005433,VEH-01575,16/08/2025,Wheel Alignment,1947,31655,0,North Amandahaven Auto Care,FALSE
SRV-005434,VEH-02843,21/12/2022,Transmission Service,55897,30442,1,North Howard Auto Care,FALSE
SRV-005435,VEH-00201,22/08/2023,Bodywork/Panel Repair,70280,33667,3,West Crystalburgh Auto Care,FALSE
SRV-005436,VEH-00365,02/03/2023,Suspension Repair,23725,40717,2,New Sharonland Auto Care,FALSE
SRV-005437,VEH-00553,26/05/2023,Recall Fix,0,140488,0,Sandraberg Auto Care,FALSE
SRV-005438,VEH-02515,30/12/2022,Suspension Repair,13861,18665,1,New Jenniferport Auto Care,TRUE
SRV-005439,VEH-01624,23/11/2025,Engine Diagnostic,2404,1683,3,West Jessica Auto Care,FALSE
SRV-005440,VEH-00691,06/04/2025,Brake Inspection,5003,47292,3,Bowerstown Auto Care,TRUE
SRV-005441,VEH-02524,07/01/2026,Battery Replacement,10251,47087,1,South Luisberg Auto Care,TRUE
SRV-005442,VEH-02557,14/10/2024,AC Repair,24610,9136,0,New Brandon Auto Care,FALSE
SRV-005443,VEH-02052,03/07/2024,Oil Change,5079,1069,0,Angelastad Auto Care,FALSE
SRV-005444,VEH-01547,07/07/2024,Engine Diagnostic,4755,96831,0,East Felicia Auto Care,FALSE
SRV-005445,VEH-01766,13/04/2026,Transmission Service,54312,10811,2,Keithtown Auto Care,FALSE
SRV-005446,VEH-00636,15/11/2025,Suspension Repair,31170,14624,0,Jeremytown Auto Care,FALSE
SRV-005447,VEH-00912,08/06/2024,Battery Replacement,9735,29985,3,Robertville Auto Care,FALSE
SRV-005448,VEH-00907,08/12/2025,Wheel Alignment,3064,10219,0,Josetown Auto Care,FALSE
SRV-005449,VEH-00340,08/04/2026,Bodywork/Panel Repair,40121,32343,0,Gabrielleville Auto Care,FALSE
SRV-005450,VEH-02490,25/08/2024,Battery Replacement,9367,31731,2,Whiteshire Auto Care,TRUE
SRV-005451,VEH-01351,04/08/2024,AC Repair,14493,35639,3,East Beth Auto Care,FALSE
SRV-005452,VEH-00262,13/09/2023,AC Repair,20768,50612,3,Juliechester Auto Care,FALSE
SRV-005453,VEH-01070,11/10/2024,AC Repair,23465,50704,2,New Kevinchester Auto Care,FALSE
SRV-005454,VEH-01769,19/01/2023,Full Service,16639,38415,1,Lopezmouth Auto Care,TRUE
SRV-005455,VEH-02985,01/01/2024,AC Repair,15316,69379,3,North Donna Auto Care,FALSE
SRV-005456,VEH-02329,30/05/2024,Tire Rotation,1232,32123,0,Griffinview Auto Care,TRUE
SRV-005457,VEH-00308,01/06/2025,Tire Rotation,2078,103969,1,North Coryhaven Auto Care,FALSE
SRV-005458,VEH-01656,18/10/2025,Battery Replacement,11555,195248,2,Stevenchester Auto Care,TRUE
SRV-005459,VEH-00454,10/08/2026,Battery Replacement,19098,1327,2,Willisstad Auto Care,FALSE
SRV-005460,VEH-01444,19/07/2023,Engine Diagnostic,4727,45658,1,Ashleytown Auto Care,FALSE
SRV-005461,VEH-02300,15/08/2024,Transmission Service,35131,2052,3,East Joshuaton Auto Care,FALSE
SRV-005462,VEH-01243,27/01/2025,AC Repair,9867,59953,2,Emilyfurt Auto Care,FALSE
SRV-005463,VEH-00427,05/04/2024,Wheel Alignment,3758,49923,0,North Katie Auto Care,TRUE
SRV-005464,VEH-00016,18/03/2024,AC Repair,18360,1847,3,Thompsonport Auto Care,FALSE
SRV-005465,VEH-00600,21/12/2025,Bodywork/Panel Repair,32754,72486,1,Martinezton Auto Care,FALSE
SRV-005466,VEH-02004,14/07/2023,Wheel Alignment,3167,47902,3,Port Courtneyport Auto Care,TRUE
SRV-005467,VEH-01114,03/06/2025,Engine Diagnostic,4116,9778,2,South Dakota Auto Care,FALSE
SRV-005468,VEH-01491,28/07/2026,Bodywork/Panel Repair,74244,131589,1,Jennifermouth Auto Care,FALSE
SRV-005469,VEH-01786,20/06/2025,Oil Change,5315,13668,3,South Brian Auto Care,FALSE
SRV-005470,VEH-01516,11/06/2024,Battery Replacement,13616,17440,0,North Jessicamouth Auto Care,TRUE
SRV-005471,VEH-01907,20/12/2022,Oil Change,4964,68391,3,Holtshire Auto Care,FALSE
SRV-005472,VEH-00613,31/08/2024,Full Service,22742,4354,2,Kimberlyberg Auto Care,FALSE
SRV-005473,VEH-02866,02/06/2023,AC Repair,21199,78353,3,South Williamchester Auto Care,FALSE
SRV-005474,VEH-02753,23/06/2024,Tire Rotation,2699,33021,1,Wallaceport Auto Care,TRUE
SRV-005475,VEH-00508,09/05/2026,Full Service,32553,4456,0,New Belindaborough Auto Care,FALSE
SRV-005476,VEH-02309,13/10/2022,AC Repair,5139,73653,3,South Jameschester Auto Care,TRUE
SRV-005477,VEH-00951,14/11/2024,Transmission Service,32838,107391,0,Davidchester Auto Care,FALSE
SRV-005478,VEH-01778,23/06/2026,Transmission Service,44368,12386,1,East Samuel Auto Care,FALSE
SRV-005479,VEH-00737,22/01/2025,Suspension Repair,37395,2544,3,East Levichester Auto Care,TRUE
SRV-005480,VEH-00216,13/04/2024,Brake Inspection,2879,186713,2,Martinberg Auto Care,FALSE
SRV-005481,VEH-02204,27/01/2025,Full Service,17610,7959,0,Claytonville Auto Care,FALSE
SRV-005482,VEH-01356,12/07/2025,Tire Rotation,1062,24621,1,Emilyport Auto Care,FALSE
SRV-005483,VEH-01054,16/05/2026,Tire Rotation,2197,51604,0,Jamesbury Auto Care,FALSE
SRV-005484,VEH-00254,25/11/2024,Suspension Repair,41312,4177,2,East Phillipfort Auto Care,FALSE
SRV-005485,VEH-00414,25/12/2022,Bodywork/Panel Repair,99312,7039,1,Richardside Auto Care,FALSE
SRV-005486,VEH-02024,18/07/2024,Recall Fix,0,11739,1,Gregoryland Auto Care,TRUE
SRV-005487,VEH-00747,21/06/2026,Suspension Repair,28599,45529,0,Ibarraview Auto Care,FALSE
SRV-005488,VEH-01417,16/01/2023,Wheel Alignment,1803,14000,1,West Samanthaton Auto Care,FALSE
SRV-005489,VEH-01159,28/10/2023,Oil Change,5662,9821,1,East Brendabury Auto Care,FALSE
SRV-005490,VEH-02308,23/07/2024,Wheel Alignment,2833,47278,3,Port Dustin Auto Care,FALSE
SRV-005491,VEH-02470,09/12/2024,Tire Rotation,2681,22256,1,Lake Dorismouth Auto Care,FALSE
SRV-005492,VEH-02030,16/04/2025,Tire Rotation,2914,5045,1,Port Sheriland Auto Care,TRUE
SRV-005493,VEH-00268,22/08/2023,Engine Diagnostic,2409,13867,3,Toddton Auto Care,TRUE
SRV-005494,VEH-01097,23/09/2026,Suspension Repair,38716,69590,3,Burnsbury Auto Care,TRUE
SRV-005495,VEH-01310,09/01/2025,Transmission Service,53679,11500,0,Hughesstad Auto Care,FALSE
SRV-005496,VEH-02810,08/01/2023,Bodywork/Panel Repair,64877,6863,0,Brooksmouth Auto Care,FALSE
SRV-005497,VEH-01220,18/03/2026,AC Repair,10858,25343,0,Mooneytown Auto Care,TRUE
SRV-005498,VEH-00968,07/10/2023,Wheel Alignment,3192,2444,0,South Kevin Auto Care,TRUE
SRV-005499,VEH-01143,08/04/2025,Engine Diagnostic,4606,72643,1,West Jesseside Auto Care,TRUE
SRV-005500,VEH-00236,28/09/2023,Bodywork/Panel Repair,112878,16083,1,Craigtown Auto Care,FALSE
SRV-005501,VEH-00503,11/03/2024,Tire Rotation,2760,39289,1,North Andrea Auto Care,FALSE
SRV-005502,VEH-02382,24/05/2025,AC Repair,16628,17570,2,East Margaret Auto Care,FALSE
SRV-005503,VEH-00506,22/12/2025,Brake Inspection,4981,7595,0,North Kellyfort Auto Care,FALSE
SRV-005504,VEH-01834,22/08/2026,Oil Change,3234,149039,0,West Charlesside Auto Care,FALSE
SRV-005505,VEH-01508,12/08/2025,Battery Replacement,9034,1058,1,South Brian Auto Care,FALSE
SRV-005506,VEH-02970,31/05/2023,Tire Rotation,1402,14724,1,West Jennifer Auto Care,FALSE
SRV-005507,VEH-01255,03/05/2025,Wheel Alignment,1661,31911,3,East Nicholasport Auto Care,TRUE
SRV-005508,VEH-02334,05/07/2026,Engine Diagnostic,4518,3938,1,South Joseph Auto Care,TRUE
SRV-005509,VEH-02792,21/04/2024,Full Service,38595,51249,0,Newmanchester Auto Care,FALSE
SRV-005510,VEH-00758,14/01/2026,Engine Diagnostic,3910,11314,2,New Michele Auto Care,FALSE
SRV-005511,VEH-00792,23/10/2022,Battery Replacement,16453,27388,0,New Tamarafort Auto Care,FALSE
SRV-005512,VEH-01122,23/02/2024,Recall Fix,0,15820,2,Jennaburgh Auto Care,FALSE
SRV-005513,VEH-00582,24/10/2024,Brake Inspection,7392,8827,0,Woodport Auto Care,FALSE
SRV-005514,VEH-01768,30/07/2026,Battery Replacement,10122,90137,2,Munozburgh Auto Care,FALSE
SRV-005515,VEH-00665,16/09/2024,Engine Diagnostic,4272,8338,1,North Tamaraberg Auto Care,TRUE
SRV-005516,VEH-01799,27/10/2023,Oil Change,4877,116223,0,Fordmouth Auto Care,FALSE
SRV-005517,VEH-00452,17/10/2024,Brake Inspection,5898,7268,1,Harrisfort Auto Care,FALSE
SRV-005518,VEH-00001,31/03/2023,Oil Change,2998,10448,2,New Jamesville Auto Care,FALSE
SRV-005519,VEH-01685,04/06/2026,AC Repair,16219,16839,1,Johnsonside Auto Care,FALSE
SRV-005520,VEH-02595,03/09/2024,Battery Replacement,13080,3077,0,South Lawrencehaven Auto Care,FALSE
SRV-005521,VEH-00672,01/03/2026,Tire Rotation,2335,66044,1,South Brandonmouth Auto Care,FALSE
SRV-005522,VEH-02920,01/06/2024,Bodywork/Panel Repair,104052,58638,0,East Markport Auto Care,FALSE
SRV-005523,VEH-00089,21/05/2023,Bodywork/Panel Repair,93467,8381,1,South Bettyview Auto Care,FALSE
SRV-005524,VEH-00070,19/02/2024,Tire Rotation,2821,3725,3,Port Jacqueline Auto Care,FALSE
SRV-005525,VEH-01382,17/01/2025,Engine Diagnostic,3203,246,1,Leonardport Auto Care,FALSE
SRV-005526,VEH-00529,05/06/2023,Wheel Alignment,2348,29495,0,Andersonview Auto Care,FALSE
SRV-005527,VEH-00508,15/06/2025,Recall Fix,0,4509,0,Reedborough Auto Care,FALSE
SRV-005528,VEH-02687,07/02/2026,AC Repair,23768,2997,3,Mccoyshire Auto Care,FALSE
SRV-005529,VEH-01324,30/08/2025,Brake Inspection,3738,3328,3,Lake Arthur Auto Care,FALSE
SRV-005530,VEH-00407,08/12/2023,Suspension Repair,40736,45794,0,New Gary Auto Care,FALSE
SRV-005531,VEH-00180,15/10/2024,Full Service,15086,14154,0,West Erica Auto Care,FALSE
SRV-005532,VEH-01883,05/11/2025,Battery Replacement,12982,758,0,Fergusonmouth Auto Care,TRUE
SRV-005533,VEH-01759,08/10/2022,Battery Replacement,10953,16188,3,Butlerville Auto Care,FALSE
SRV-005534,VEH-02085,16/05/2026,Tire Rotation,1883,52229,3,South Michaelhaven Auto Care,FALSE
SRV-005535,VEH-01269,17/09/2026,Full Service,18639,5049,1,Gomezland Auto Care,FALSE
SRV-005536,VEH-01867,16/03/2024,Wheel Alignment,1837,6554,1,East Mariostad Auto Care,FALSE
SRV-005537,VEH-01183,31/01/2025,Full Service,19948,74013,0,Port Melissaton Auto Care,TRUE
SRV-005538,VEH-02401,07/08/2025,Oil Change,3129,10378,0,South Ricardotown Auto Care,FALSE
SRV-005539,VEH-02916,31/03/2024,Recall Fix,0,2936,0,Allisonfort Auto Care,FALSE
SRV-005540,VEH-02867,10/10/2024,Transmission Service,22971,50465,2,Lake Daniel Auto Care,TRUE
SRV-005541,VEH-00444,03/08/2024,Battery Replacement,11644,2255,2,North Amandaview Auto Care,FALSE
SRV-005542,VEH-00515,08/11/2025,Bodywork/Panel Repair,105358,13530,0,New Austin Auto Care,FALSE
SRV-005543,VEH-01623,02/11/2022,Engine Diagnostic,4448,1994,0,Cherrybury Auto Care,FALSE
SRV-005544,VEH-02788,01/11/2024,Engine Diagnostic,2735,9935,1,Port Stacey Auto Care,TRUE
SRV-005545,VEH-00089,09/10/2023,Full Service,29018,5561,1,Richardsville Auto Care,FALSE
SRV-005546,VEH-00070,16/10/2022,Battery Replacement,15064,2995,0,Batesmouth Auto Care,FALSE
SRV-005547,VEH-02525,15/06/2023,Recall Fix,0,12760,1,New Coryfurt Auto Care,FALSE
SRV-005548,VEH-02517,30/07/2023,AC Repair,7538,8824,0,Lake Donnaville Auto Care,TRUE
SRV-005549,VEH-02377,28/07/2024,Battery Replacement,14747,342,0,Christopherside Auto Care,TRUE
SRV-005550,VEH-00646,30/11/2022,Brake Inspection,5527,14211,2,West Marciaburgh Auto Care,FALSE
SRV-005551,VEH-02703,03/03/2023,Engine Diagnostic,4596,11982,0,Jamesfort Auto Care,FALSE
SRV-005552,VEH-02093,09/07/2026,Engine Diagnostic,3921,91586,3,North Chloemouth Auto Care,FALSE
SRV-005553,VEH-01939,24/11/2024,Tire Rotation,2943,6125,2,Walterfort Auto Care,FALSE
SRV-005554,VEH-00734,03/08/2026,Recall Fix,0,55111,3,East Alejandrostad Auto Care,FALSE
SRV-005555,VEH-00731,23/09/2026,Bodywork/Panel Repair,28473,76462,2,Shelleystad Auto Care,FALSE
SRV-005556,VEH-00746,18/10/2022,Battery Replacement,14266,39291,0,Lake Amyhaven Auto Care,FALSE
SRV-005557,VEH-00441,13/03/2025,Full Service,16392,8172,3,North Deniseburgh Auto Care,FALSE
SRV-005558,VEH-00904,29/03/2025,Oil Change,5521,14741,0,Drewberg Auto Care,FALSE
SRV-005559,VEH-01886,30/03/2024,Suspension Repair,38556,10012,2,Elizabethborough Auto Care,FALSE
SRV-005560,VEH-02694,25/06/2025,Wheel Alignment,2015,56705,0,West Chelsea Auto Care,FALSE
SRV-005561,VEH-02883,27/08/2025,Transmission Service,30042,10163,1,East Deanna Auto Care,FALSE
SRV-005562,VEH-02028,03/02/2023,Battery Replacement,14492,12767,1,Lake Kevin Auto Care,FALSE
SRV-005563,VEH-01606,12/02/2026,AC Repair,5904,22216,3,East Markborough Auto Care,TRUE
SRV-005564,VEH-00297,13/10/2023,Brake Inspection,3547,1418,3,East Ricardoland Auto Care,FALSE
SRV-005565,VEH-00922,02/10/2023,Battery Replacement,13330,6222,0,East Tina Auto Care,FALSE
SRV-005566,VEH-00641,15/07/2026,Brake Inspection,3260,76702,1,Grosstown Auto Care,TRUE
SRV-005567,VEH-01186,10/07/2026,Tire Rotation,1617,32144,2,Lynnfort Auto Care,FALSE
SRV-005568,VEH-00450,09/07/2025,Full Service,37403,230,2,Kennethbury Auto Care,TRUE
SRV-005569,VEH-01166,14/10/2022,Tire Rotation,2815,4863,1,North Marymouth Auto Care,FALSE
SRV-005570,VEH-02115,08/08/2026,Recall Fix,0,10289,1,Port Jessicaside Auto Care,FALSE
SRV-005571,VEH-00971,23/10/2024,Suspension Repair,11966,264,2,Bryanfort Auto Care,FALSE
SRV-005572,VEH-01077,23/12/2024,Full Service,33477,48474,1,Matthewborough Auto Care,FALSE
SRV-005573,VEH-02916,20/12/2023,Oil Change,4080,1612,2,Lake John Auto Care,TRUE
SRV-005574,VEH-02614,14/08/2025,Tire Rotation,2314,34800,2,Huntbury Auto Care,FALSE
SRV-005575,VEH-02092,02/09/2024,Wheel Alignment,3472,30898,0,Port Chadland Auto Care,TRUE
SRV-005576,VEH-02069,22/11/2024,Transmission Service,30355,53437,0,East Jamesfurt Auto Care,FALSE
SRV-005577,VEH-02334,04/06/2026,Bodywork/Panel Repair,22011,13381,1,East Peterfort Auto Care,FALSE
SRV-005578,VEH-01297,25/09/2025,Battery Replacement,18160,43818,0,Andrewtown Auto Care,FALSE
SRV-005579,VEH-00775,25/01/2024,Brake Inspection,7785,8724,0,East Johnstad Auto Care,TRUE
SRV-005580,VEH-01708,24/02/2023,AC Repair,24357,8893,0,South Joelfort Auto Care,FALSE
SRV-005581,VEH-01087,06/02/2025,Recall Fix,0,66979,0,Tinastad Auto Care,FALSE
SRV-005582,VEH-01878,18/08/2025,Oil Change,4577,3369,2,Garrettbury Auto Care,FALSE
SRV-005583,VEH-02410,27/06/2024,Transmission Service,47725,39604,2,West Pam Auto Care,FALSE
SRV-005584,VEH-00021,05/10/2023,Suspension Repair,13532,158898,1,East Josephberg Auto Care,FALSE
SRV-005585,VEH-01744,02/03/2026,Oil Change,3922,14770,0,Muellertown Auto Care,TRUE
SRV-005586,VEH-00408,15/06/2023,AC Repair,23067,212157,1,Houstonburgh Auto Care,FALSE
SRV-005587,VEH-02103,01/09/2026,Suspension Repair,24415,116459,1,South Pamela Auto Care,FALSE
SRV-005588,VEH-01205,28/04/2025,Recall Fix,0,56066,0,South Dennis Auto Care,TRUE
SRV-005589,VEH-02344,08/12/2024,AC Repair,13458,49090,0,Johnsonburgh Auto Care,FALSE
SRV-005590,VEH-00510,21/04/2025,Recall Fix,0,1997,1,Julietown Auto Care,FALSE
SRV-005591,VEH-02884,26/03/2025,Transmission Service,34892,18997,0,Riveraland Auto Care,FALSE
SRV-005592,VEH-01811,01/10/2022,Battery Replacement,9353,84637,2,New Joel Auto Care,FALSE
SRV-005593,VEH-00556,01/06/2025,Oil Change,5025,67580,1,Tonyashire Auto Care,FALSE
SRV-005594,VEH-01102,17/01/2026,Full Service,20913,19438,2,Bellmouth Auto Care,FALSE
SRV-005595,VEH-00933,14/05/2026,Full Service,19226,12415,1,Crystalview Auto Care,FALSE
SRV-005596,VEH-01676,21/07/2026,Engine Diagnostic,4630,21870,0,Catherinehaven Auto Care,FALSE
SRV-005597,VEH-01939,16/07/2025,Battery Replacement,9694,216,2,Port Marieland Auto Care,TRUE
SRV-005598,VEH-02373,19/08/2023,Tire Rotation,1146,122563,3,East Eugeneshire Auto Care,FALSE
SRV-005599,VEH-01570,09/05/2023,Oil Change,5200,53479,2,Kennethburgh Auto Care,FALSE
SRV-005600,VEH-02242,11/03/2023,Transmission Service,43237,4817,1,New Kelly Auto Care,FALSE
SRV-005601,VEH-02836,08/08/2023,Bodywork/Panel Repair,41425,156943,0,East Clarence Auto Care,FALSE
SRV-005602,VEH-02864,08/10/2023,Recall Fix,0,46945,1,Port Benjamin Auto Care,FALSE
SRV-005603,VEH-01615,30/12/2022,Wheel Alignment,3252,27982,0,West Jessicaburgh Auto Care,FALSE
SRV-005604,VEH-00367,18/05/2025,Battery Replacement,8684,22422,0,Nicholasborough Auto Care,TRUE
SRV-005605,VEH-02223,09/11/2022,AC Repair,12591,15577,2,New James Auto Care,FALSE
SRV-005606,VEH-01075,28/09/2022,Full Service,15785,13103,0,Monicafort Auto Care,FALSE
SRV-005607,VEH-00118,19/06/2025,Brake Inspection,5826,43095,1,North Geoffrey Auto Care,FALSE
SRV-005608,VEH-00185,03/01/2026,Battery Replacement,10758,102952,1,Kellyton Auto Care,FALSE
SRV-005609,VEH-01292,26/10/2022,Oil Change,4514,2792,2,West Michael Auto Care,FALSE
SRV-005610,VEH-01940,05/04/2025,Oil Change,2704,6720,1,North William Auto Care,FALSE
SRV-005611,VEH-02765,28/07/2024,Transmission Service,27642,13262,0,South Jasminebury Auto Care,FALSE
SRV-005612,VEH-00142,16/03/2026,AC Repair,20560,45746,0,West Johnfort Auto Care,FALSE
SRV-005613,VEH-02879,07/12/2023,Engine Diagnostic,2884,149324,2,Jerrybury Auto Care,FALSE
SRV-005614,VEH-02155,06/10/2022,Full Service,28701,25131,2,Jeremystad Auto Care,FALSE
SRV-005615,VEH-00628,09/05/2025,Engine Diagnostic,2221,2100,2,Andersonfort Auto Care,TRUE
SRV-005616,VEH-00909,29/06/2024,Brake Inspection,2308,7777,3,North Austin Auto Care,FALSE
SRV-005617,VEH-02289,25/03/2025,Oil Change,5030,27117,0,Reyesbury Auto Care,FALSE
SRV-005618,VEH-02440,10/09/2026,Transmission Service,28629,25413,0,West Derrick Auto Care,FALSE
SRV-005619,VEH-02808,12/07/2025,Transmission Service,32276,4256,0,New Scott Auto Care,TRUE
SRV-005620,VEH-00589,17/05/2024,Bodywork/Panel Repair,69349,62254,1,Proctorview Auto Care,FALSE
SRV-005621,VEH-01987,26/01/2025,Bodywork/Panel Repair,15303,21568,1,East Stacyville Auto Care,FALSE
SRV-005622,VEH-00165,26/11/2023,Suspension Repair,35085,3858,2,Port Alan Auto Care,FALSE
SRV-005623,VEH-02771,09/11/2024,Oil Change,5978,32077,3,Kimberlyport Auto Care,TRUE
SRV-005624,VEH-02864,01/01/2023,Bodywork/Panel Repair,13821,52904,1,Johnport Auto Care,FALSE
SRV-005625,VEH-02469,10/11/2022,Transmission Service,55572,5443,0,East Bridgetside Auto Care,TRUE
SRV-005626,VEH-01465,27/09/2024,Suspension Repair,29883,1396,0,Evanstad Auto Care,TRUE
SRV-005627,VEH-00233,05/10/2023,Recall Fix,0,19370,0,Lake Samantha Auto Care,FALSE
SRV-005628,VEH-01470,05/03/2023,AC Repair,17464,7909,1,Pamburgh Auto Care,FALSE
SRV-005629,VEH-01653,05/01/2025,Suspension Repair,32317,49555,2,Alexanderside Auto Care,FALSE
SRV-005630,VEH-01907,14/09/2025,Oil Change,5601,56361,1,Robertbury Auto Care,FALSE
SRV-005631,VEH-02702,13/11/2024,AC Repair,18698,20101,0,East Donnamouth Auto Care,FALSE
SRV-005632,VEH-00881,14/05/2023,Brake Inspection,5652,30700,1,East Katherineton Auto Care,FALSE
SRV-005633,VEH-01036,29/03/2026,AC Repair,16357,31157,0,Darlenefurt Auto Care,TRUE
SRV-005634,VEH-00924,14/11/2023,Engine Diagnostic,2866,37389,1,Jennastad Auto Care,FALSE
SRV-005635,VEH-02561,25/03/2024,Wheel Alignment,2057,47734,0,Greenfort Auto Care,FALSE
SRV-005636,VEH-00942,03/04/2026,Brake Inspection,5192,1996,1,East Mollyberg Auto Care,FALSE
SRV-005637,VEH-01214,11/09/2026,Recall Fix,0,15369,2,New Stevenbury Auto Care,FALSE
SRV-005638,VEH-01186,06/05/2025,Bodywork/Panel Repair,36160,22085,1,Jessicaside Auto Care,FALSE
SRV-005639,VEH-02821,22/01/2026,Oil Change,4362,262,0,Fredbury Auto Care,FALSE
SRV-005640,VEH-02238,28/07/2025,Brake Inspection,3052,14206,3,Christinetown Auto Care,FALSE
SRV-005641,VEH-02882,24/04/2023,Engine Diagnostic,4714,182,1,South Barbaraton Auto Care,FALSE
SRV-005642,VEH-02072,02/08/2026,Battery Replacement,15692,213,1,Arnoldbury Auto Care,TRUE
SRV-005643,VEH-02737,11/03/2024,Suspension Repair,40888,9960,1,Harrisfurt Auto Care,FALSE
SRV-005644,VEH-02090,24/05/2026,AC Repair,9869,7431,0,East Joseph Auto Care,FALSE
SRV-005645,VEH-02771,16/12/2023,Battery Replacement,15797,35083,1,Townsendchester Auto Care,FALSE
SRV-005646,VEH-02117,26/02/2024,Suspension Repair,41127,121349,2,Robertstad Auto Care,FALSE
SRV-005647,VEH-01337,25/07/2025,Transmission Service,49421,30538,2,Douglasberg Auto Care,FALSE
SRV-005648,VEH-02947,23/03/2026,Oil Change,4274,5381,1,West Donna Auto Care,FALSE
SRV-005649,VEH-00460,09/05/2026,Full Service,14393,58138,3,South Davidview Auto Care,FALSE
SRV-005650,VEH-01458,30/08/2025,Tire Rotation,1110,9029,3,Stanleyburgh Auto Care,FALSE
SRV-005651,VEH-00386,20/09/2024,Bodywork/Panel Repair,38830,2264,1,West Bethview Auto Care,FALSE
SRV-005652,VEH-00784,31/08/2026,Recall Fix,0,5847,2,Nicholasmouth Auto Care,FALSE
SRV-005653,VEH-01651,08/09/2023,AC Repair,19998,299,1,Jeremyton Auto Care,TRUE
SRV-005654,VEH-00670,07/07/2024,Brake Inspection,5158,97313,0,Sherylfort Auto Care,TRUE
SRV-005655,VEH-00333,08/11/2025,Full Service,29819,868,0,South Jenniferfort Auto Care,TRUE
SRV-005656,VEH-01295,16/01/2024,Full Service,28412,3687,0,New Joyburgh Auto Care,FALSE
SRV-005657,VEH-01620,17/05/2024,Tire Rotation,2738,973,0,East Cynthiamouth Auto Care,FALSE
SRV-005658,VEH-02705,20/08/2026,Transmission Service,47732,16224,1,North Jessicamouth Auto Care,FALSE
SRV-005659,VEH-02184,14/12/2025,Recall Fix,0,13117,1,North Anthonyport Auto Care,FALSE
SRV-005660,VEH-01279,24/11/2024,Suspension Repair,35919,36548,3,Port Duaneborough Auto Care,TRUE
SRV-005661,VEH-01231,09/05/2023,Brake Inspection,5804,50279,0,Emilyhaven Auto Care,TRUE
SRV-005662,VEH-02331,03/06/2024,Recall Fix,0,30579,3,North Kiaraside Auto Care,FALSE
SRV-005663,VEH-02478,17/09/2026,Full Service,28264,9746,2,West Aliciaside Auto Care,TRUE
SRV-005664,VEH-02182,09/06/2025,Transmission Service,29549,43235,2,Paulmouth Auto Care,FALSE
SRV-005665,VEH-00866,07/11/2023,Transmission Service,35695,8746,0,Lake Carlosview Auto Care,FALSE
SRV-005666,VEH-02305,13/10/2025,AC Repair,7645,27887,3,East Carmen Auto Care,FALSE
SRV-005667,VEH-00719,26/12/2022,Full Service,22678,14441,0,Cannonland Auto Care,TRUE
SRV-005668,VEH-02502,18/10/2023,Transmission Service,31460,11790,0,Port Jessica Auto Care,FALSE
SRV-005669,VEH-02844,01/10/2024,Transmission Service,24160,25967,0,Lake Kiara Auto Care,FALSE
SRV-005670,VEH-00958,25/01/2024,Transmission Service,45268,70198,2,Lake Chris Auto Care,FALSE
SRV-005671,VEH-01073,26/06/2024,Suspension Repair,28688,6895,3,Ramosberg Auto Care,TRUE
SRV-005672,VEH-02010,21/08/2023,AC Repair,12828,18286,1,Webbchester Auto Care,TRUE
SRV-005673,VEH-01202,17/10/2025,Suspension Repair,19910,80632,2,Jenkinsstad Auto Care,FALSE
SRV-005674,VEH-00231,22/03/2025,Suspension Repair,14776,17801,1,Gailside Auto Care,FALSE
SRV-005675,VEH-02875,04/06/2024,Transmission Service,56221,22927,1,South Angela Auto Care,FALSE
SRV-005676,VEH-02555,28/03/2026,Full Service,36732,23538,3,Matthewmouth Auto Care,FALSE
SRV-005677,VEH-00413,03/09/2026,Engine Diagnostic,3264,61750,1,Port Rebekahhaven Auto Care,FALSE
SRV-005678,VEH-00605,16/05/2025,Tire Rotation,1527,123190,0,Dominguezport Auto Care,FALSE
SRV-005679,VEH-01382,12/10/2025,Transmission Service,32857,6007,1,New Jessicatown Auto Care,FALSE
SRV-005680,VEH-02800,06/09/2026,Engine Diagnostic,2534,19553,0,Gonzalezfort Auto Care,TRUE
SRV-005681,VEH-01965,30/05/2025,Bodywork/Panel Repair,27431,3323,2,Greenmouth Auto Care,FALSE
SRV-005682,VEH-00610,21/05/2023,Full Service,28569,8266,1,Saundersmouth Auto Care,FALSE
SRV-005683,VEH-00975,20/10/2025,AC Repair,20642,22261,0,East Mary Auto Care,FALSE
SRV-005684,VEH-02264,28/11/2025,Full Service,29943,93275,0,East Robertmouth Auto Care,FALSE
SRV-005685,VEH-01707,13/07/2025,Tire Rotation,2175,12934,2,South Kyle Auto Care,FALSE
SRV-005686,VEH-01360,15/10/2024,Brake Inspection,3543,5390,1,Andersonburgh Auto Care,TRUE
SRV-005687,VEH-02350,05/08/2025,Battery Replacement,11101,26429,1,Port Jennifer Auto Care,FALSE
SRV-005688,VEH-01364,13/10/2024,Recall Fix,0,46261,3,Crystalshire Auto Care,FALSE
SRV-005689,VEH-01857,06/07/2026,Tire Rotation,1987,93676,1,Jenniferchester Auto Care,FALSE
SRV-005690,VEH-01440,05/07/2023,Suspension Repair,17110,628,2,Christopherbury Auto Care,FALSE
SRV-005691,VEH-02127,27/08/2026,Full Service,24341,11511,0,West Matthew Auto Care,TRUE
SRV-005692,VEH-02109,26/08/2026,Tire Rotation,2967,6774,2,Lake Davidland Auto Care,FALSE
SRV-005693,VEH-02831,13/12/2023,Transmission Service,51903,10840,2,West Garystad Auto Care,FALSE
SRV-005694,VEH-01754,12/12/2024,Engine Diagnostic,3761,37669,2,West Melissa Auto Care,FALSE
SRV-005695,VEH-01130,27/10/2023,Engine Diagnostic,4296,24706,2,Jillville Auto Care,FALSE
SRV-005696,VEH-02355,20/10/2023,Brake Inspection,7486,41959,0,West Jeff Auto Care,FALSE
SRV-005697,VEH-00817,15/09/2026,Oil Change,5277,501,3,West Bruce Auto Care,FALSE
SRV-005698,VEH-00733,22/12/2024,Suspension Repair,21345,33354,2,Arroyoshire Auto Care,FALSE
SRV-005699,VEH-01620,11/04/2023,Oil Change,3059,2847,1,West Chadborough Auto Care,FALSE
SRV-005700,VEH-01493,21/10/2023,Battery Replacement,8790,17672,1,West Brittanyberg Auto Care,FALSE
SRV-005701,VEH-01283,15/10/2025,AC Repair,11312,5275,2,West Bethany Auto Care,TRUE
SRV-005702,VEH-01023,20/05/2023,AC Repair,7974,74134,2,West Marie Auto Care,TRUE
SRV-005703,VEH-02107,30/06/2026,Transmission Service,49509,33425,0,South Bruce Auto Care,TRUE
SRV-005704,VEH-01014,12/10/2022,Battery Replacement,11910,9241,1,Olsonland Auto Care,FALSE
SRV-005705,VEH-00443,27/11/2023,Engine Diagnostic,2927,39279,0,Fosterberg Auto Care,TRUE
SRV-005706,VEH-02242,20/09/2023,Oil Change,3524,13519,0,Cuevasville Auto Care,TRUE
SRV-005707,VEH-01113,30/10/2024,Wheel Alignment,3989,135695,3,East Kimberlyberg Auto Care,TRUE
SRV-005708,VEH-01152,24/01/2024,Tire Rotation,2978,112654,0,East Jeremy Auto Care,TRUE
SRV-005709,VEH-02713,12/01/2023,Full Service,12547,55916,3,Lynnmouth Auto Care,FALSE
SRV-005710,VEH-01586,26/03/2025,Suspension Repair,32618,16568,2,Port Hannah Auto Care,FALSE
SRV-005711,VEH-00524,27/01/2023,Oil Change,3213,347,3,South Brianstad Auto Care,FALSE
SRV-005712,VEH-02169,05/06/2023,Battery Replacement,13667,6124,3,Leonfurt Auto Care,FALSE
SRV-005713,VEH-02492,16/10/2022,Suspension Repair,14858,64638,1,North Erikfort Auto Care,FALSE
SRV-005714,VEH-01504,08/05/2026,Transmission Service,18336,48144,0,South Georgeton Auto Care,FALSE
SRV-005715,VEH-02835,16/02/2025,Full Service,25930,13723,0,Rebeccaburgh Auto Care,FALSE
SRV-005716,VEH-02421,16/08/2024,Bodywork/Panel Repair,71512,16937,0,Lake Rachelview Auto Care,FALSE
SRV-005717,VEH-01722,27/07/2023,Wheel Alignment,3271,16286,1,West Georgeland Auto Care,TRUE
SRV-005718,VEH-01968,15/12/2025,Recall Fix,0,8057,0,Martinezhaven Auto Care,FALSE
SRV-005719,VEH-00218,14/03/2026,Battery Replacement,14869,15437,0,Griffithstad Auto Care,FALSE
SRV-005720,VEH-02902,15/07/2026,Oil Change,4380,70483,0,Nealland Auto Care,FALSE
SRV-005721,VEH-01212,19/04/2024,Tire Rotation,2906,23227,1,Allenside Auto Care,TRUE
SRV-005722,VEH-01594,16/01/2025,Recall Fix,0,120725,1,Nelsonfurt Auto Care,TRUE
SRV-005723,VEH-01411,09/06/2025,AC Repair,23508,24279,2,Deborahport Auto Care,FALSE
SRV-005724,VEH-02639,18/12/2025,Brake Inspection,7689,170231,1,Nicholasfurt Auto Care,FALSE
SRV-005725,VEH-02779,04/10/2022,Transmission Service,30031,30954,0,Ariasburgh Auto Care,FALSE
SRV-005726,VEH-02579,08/12/2024,Engine Diagnostic,3969,2141,1,Jeremyfort Auto Care,TRUE
SRV-005727,VEH-00946,22/03/2026,Battery Replacement,19811,69753,2,Cassandraside Auto Care,FALSE
SRV-005728,VEH-01934,30/05/2025,Brake Inspection,5404,69687,3,New Whitneyfort Auto Care,FALSE
SRV-005729,VEH-01428,22/01/2023,Engine Diagnostic,2400,79032,0,Port Heatherchester Auto Care,FALSE
SRV-005730,VEH-02077,23/09/2023,Tire Rotation,2387,24978,2,Kaylaborough Auto Care,FALSE
SRV-005731,VEH-02343,27/03/2023,Suspension Repair,25873,101625,2,East Stefanie Auto Care,FALSE
SRV-005732,VEH-00324,16/02/2023,Engine Diagnostic,4162,24673,1,Lake Sarah Auto Care,FALSE
SRV-005733,VEH-02326,27/11/2025,Transmission Service,28438,53706,0,South Jenniferport Auto Care,TRUE
SRV-005734,VEH-01613,05/02/2024,Full Service,37723,76370,0,Timothyhaven Auto Care,TRUE
SRV-005735,VEH-02182,03/02/2026,Suspension Repair,17257,43494,2,Port Ashley Auto Care,FALSE
SRV-005736,VEH-01816,10/07/2025,Wheel Alignment,1867,21326,3,West Melindafort Auto Care,FALSE
SRV-005737,VEH-01592,26/04/2025,Suspension Repair,18124,18073,3,North Johnborough Auto Care,FALSE
SRV-005738,VEH-02795,11/09/2023,Oil Change,4476,47872,1,Matthewsville Auto Care,FALSE
SRV-005739,VEH-00558,15/06/2024,Engine Diagnostic,4431,51298,0,New Matthewtown Auto Care,FALSE
SRV-005740,VEH-00424,02/06/2023,Recall Fix,0,113374,0,Rosston Auto Care,FALSE
SRV-005741,VEH-02913,20/01/2026,Tire Rotation,2008,188985,3,Scotttown Auto Care,FALSE
SRV-005742,VEH-02840,11/04/2025,Suspension Repair,13335,80038,1,Port Anthony Auto Care,FALSE
SRV-005743,VEH-02474,10/12/2025,Engine Diagnostic,2085,45466,1,Timothychester Auto Care,FALSE
SRV-005744,VEH-01688,28/04/2026,Engine Diagnostic,4865,101821,1,West Suzannefurt Auto Care,FALSE
SRV-005745,VEH-02121,24/03/2025,Transmission Service,28404,54477,1,South Andrew Auto Care,FALSE
SRV-005746,VEH-02017,13/03/2024,Brake Inspection,3194,24889,0,Ericchester Auto Care,FALSE
SRV-005747,VEH-02615,25/08/2023,Tire Rotation,2935,2229,2,Vanessaview Auto Care,FALSE
SRV-005748,VEH-00515,24/11/2022,Brake Inspection,2790,916,2,Danielport Auto Care,FALSE
SRV-005749,VEH-02531,12/11/2023,Bodywork/Panel Repair,63994,26596,1,Kellyland Auto Care,FALSE
SRV-005750,VEH-02420,09/10/2023,Transmission Service,35462,103490,1,West Amber Auto Care,FALSE
SRV-005751,VEH-02234,04/07/2023,Wheel Alignment,3701,17385,1,Port Donna Auto Care,FALSE
SRV-005752,VEH-00746,12/03/2024,Bodywork/Panel Repair,14071,51211,3,South Jeremy Auto Care,FALSE
SRV-005753,VEH-00162,11/08/2023,Brake Inspection,7126,41265,3,New Katie Auto Care,FALSE
SRV-005754,VEH-01941,06/05/2026,Suspension Repair,37623,11833,0,Duranfort Auto Care,FALSE
SRV-005755,VEH-00403,08/10/2024,Recall Fix,0,41406,3,West Melissaborough Auto Care,TRUE
SRV-005756,VEH-00658,02/01/2025,Transmission Service,48262,8303,0,North Alexborough Auto Care,TRUE
SRV-005757,VEH-01045,12/03/2023,Recall Fix,0,24969,0,West Sherrystad Auto Care,FALSE
SRV-005758,VEH-01815,08/11/2022,Suspension Repair,14197,20211,0,Caseyville Auto Care,FALSE
SRV-005759,VEH-01864,27/10/2023,Oil Change,4906,6351,1,Lake Josechester Auto Care,FALSE
SRV-005760,VEH-00317,20/11/2024,Bodywork/Panel Repair,23356,4943,1,Rodriguezchester Auto Care,FALSE
SRV-005761,VEH-00915,09/04/2025,Tire Rotation,2617,28776,2,South Sheilabury Auto Care,TRUE
SRV-005762,VEH-00020,19/05/2026,Recall Fix,0,11510,0,New Dustin Auto Care,FALSE
SRV-005763,VEH-00428,10/03/2023,Recall Fix,0,87479,3,New Hunterton Auto Care,TRUE
SRV-005764,VEH-02236,17/05/2025,Full Service,36330,5672,0,North Joshuahaven Auto Care,TRUE
SRV-005765,VEH-01455,17/04/2025,Wheel Alignment,2834,53837,0,North Gina Auto Care,TRUE
SRV-005766,VEH-01424,03/02/2025,Oil Change,3177,5025,3,Nicoleshire Auto Care,FALSE
SRV-005767,VEH-02235,30/07/2026,Recall Fix,0,55480,0,Stevenborough Auto Care,TRUE
SRV-005768,VEH-02769,06/05/2025,Transmission Service,43348,30934,3,Lake Paul Auto Care,FALSE
SRV-005769,VEH-00263,30/10/2023,Oil Change,5793,54422,2,Guzmanchester Auto Care,FALSE
SRV-005770,VEH-00864,07/06/2025,Bodywork/Panel Repair,17459,953,1,North Christieton Auto Care,FALSE
SRV-005771,VEH-02435,04/09/2023,Suspension Repair,30195,13076,3,New Jessica Auto Care,FALSE
SRV-005772,VEH-02979,24/08/2026,Engine Diagnostic,3396,254,0,Lake Melanie Auto Care,TRUE
SRV-005773,VEH-01617,31/01/2025,Suspension Repair,13030,73813,1,East John Auto Care,FALSE
SRV-005774,VEH-01426,21/08/2023,Full Service,18858,21896,1,Stewartfort Auto Care,FALSE
SRV-005775,VEH-02603,25/04/2023,Recall Fix,0,28552,3,Holtmouth Auto Care,FALSE
SRV-005776,VEH-02380,03/05/2025,Suspension Repair,39103,136675,1,Port Dana Auto Care,FALSE
SRV-005777,VEH-00377,08/11/2022,Engine Diagnostic,3412,148686,3,New Melissaside Auto Care,TRUE
SRV-005778,VEH-02649,16/08/2024,Wheel Alignment,2400,297,0,North Robert Auto Care,FALSE
SRV-005779,VEH-00307,10/06/2024,Full Service,19504,104446,1,Michellemouth Auto Care,FALSE
SRV-005780,VEH-00645,04/11/2024,Brake Inspection,3004,4628,3,Tuckermouth Auto Care,FALSE
SRV-005781,VEH-01890,22/01/2025,Recall Fix,0,20785,2,Martineztown Auto Care,FALSE
SRV-005782,VEH-02947,29/11/2024,Bodywork/Panel Repair,50033,560,1,Lisahaven Auto Care,FALSE
SRV-005783,VEH-02736,19/08/2023,Recall Fix,0,24733,3,Andersonton Auto Care,FALSE
SRV-005784,VEH-02034,26/05/2024,Transmission Service,43201,56154,3,Lewismouth Auto Care,FALSE
SRV-005785,VEH-02914,20/07/2024,Transmission Service,43456,127346,1,Gomezport Auto Care,FALSE
SRV-005786,VEH-01926,12/11/2024,Wheel Alignment,2136,10949,1,South Steven Auto Care,FALSE
SRV-005787,VEH-02806,13/03/2026,Oil Change,3972,58123,0,South Karashire Auto Care,TRUE
SRV-005788,VEH-01808,18/09/2025,Full Service,35460,16823,1,Hardintown Auto Care,FALSE
SRV-005789,VEH-01610,29/09/2022,Battery Replacement,11907,27788,1,New Chase Auto Care,FALSE
SRV-005790,VEH-02165,18/10/2025,Battery Replacement,16562,160669,2,Deborahview Auto Care,FALSE
SRV-005791,VEH-01711,10/08/2023,Tire Rotation,1172,12069,0,North Michaelborough Auto Care,TRUE
SRV-005792,VEH-00871,12/01/2023,Transmission Service,39267,17229,1,Tamaratown Auto Care,TRUE
SRV-005793,VEH-01348,12/10/2022,Transmission Service,28374,92878,1,Heatherborough Auto Care,FALSE
SRV-005794,VEH-02336,24/04/2024,Engine Diagnostic,3141,3830,1,West Grace Auto Care,TRUE
SRV-005795,VEH-01676,06/02/2024,Bodywork/Panel Repair,108787,25122,0,Kristimouth Auto Care,FALSE
SRV-005796,VEH-02450,18/02/2024,Recall Fix,0,1285,0,Jonesland Auto Care,TRUE
SRV-005797,VEH-00282,09/11/2025,Transmission Service,24599,121377,0,Pottsport Auto Care,FALSE
SRV-005798,VEH-02780,31/08/2023,Transmission Service,24756,5666,0,Priceville Auto Care,FALSE
SRV-005799,VEH-00222,10/01/2026,Wheel Alignment,1787,22350,0,East Kimberly Auto Care,FALSE
SRV-005800,VEH-02631,07/10/2024,Oil Change,5189,2194,1,Lake Patrickstad Auto Care,FALSE
SRV-005801,VEH-00324,11/09/2025,Recall Fix,0,9237,1,Lake Lisa Auto Care,FALSE
SRV-005802,VEH-01035,16/05/2023,Tire Rotation,2982,9994,2,Emilychester Auto Care,FALSE
SRV-005803,VEH-01879,20/12/2025,Oil Change,4380,18339,0,Port Grace Auto Care,FALSE
SRV-005804,VEH-00087,15/12/2022,Suspension Repair,22115,9343,0,Kathleenburgh Auto Care,TRUE
SRV-005805,VEH-02185,17/02/2024,Oil Change,4376,12982,2,West Joycetown Auto Care,TRUE
SRV-005806,VEH-02092,11/01/2023,AC Repair,8840,29742,0,New Laura Auto Care,TRUE
SRV-005807,VEH-01989,29/10/2025,Bodywork/Panel Repair,89857,22295,3,Lake Julieport Auto Care,FALSE
SRV-005808,VEH-01329,27/09/2023,Wheel Alignment,2392,18250,1,West Lisa Auto Care,TRUE
SRV-005809,VEH-02295,16/01/2024,Bodywork/Panel Repair,28684,11473,2,Tylerport Auto Care,FALSE
SRV-005810,VEH-00496,02/04/2026,Tire Rotation,1231,1485,0,West Debra Auto Care,FALSE
SRV-005811,VEH-02371,28/01/2024,Recall Fix,0,103845,1,Crystalburgh Auto Care,FALSE
SRV-005812,VEH-02789,26/05/2023,Bodywork/Panel Repair,20566,4958,1,Blakemouth Auto Care,FALSE
SRV-005813,VEH-02046,05/05/2023,Transmission Service,39181,4996,2,Port Joanna Auto Care,FALSE
SRV-005814,VEH-02083,19/07/2026,AC Repair,18558,17405,0,North Terri Auto Care,FALSE
SRV-005815,VEH-01128,02/08/2024,Suspension Repair,11161,53195,0,New Patrick Auto Care,TRUE
SRV-005816,VEH-01081,07/02/2026,Battery Replacement,10402,7144,2,Derekton Auto Care,FALSE
SRV-005817,VEH-02459,26/11/2022,Recall Fix,0,7921,2,Walkerton Auto Care,FALSE
SRV-005818,VEH-01307,22/01/2023,Engine Diagnostic,2076,59893,2,East Jessica Auto Care,FALSE
SRV-005819,VEH-02279,15/06/2025,Bodywork/Panel Repair,24999,1408,1,Melindamouth Auto Care,FALSE
SRV-005820,VEH-02294,31/10/2022,Brake Inspection,4674,87568,1,Justinland Auto Care,TRUE
SRV-005821,VEH-01549,11/02/2026,Battery Replacement,19627,2173,1,Williamberg Auto Care,FALSE
SRV-005822,VEH-00123,03/12/2023,Oil Change,3736,13941,2,Port Tina Auto Care,FALSE
SRV-005823,VEH-00665,07/07/2023,Battery Replacement,12201,13189,0,Christinahaven Auto Care,FALSE
SRV-005824,VEH-02552,15/12/2024,Full Service,36260,13579,2,Nicolemouth Auto Care,FALSE
SRV-005825,VEH-02207,26/07/2026,AC Repair,21356,24835,1,Clarkbury Auto Care,FALSE
SRV-005826,VEH-00195,23/04/2025,Engine Diagnostic,3109,5770,1,Adamsfurt Auto Care,FALSE
SRV-005827,VEH-01349,07/10/2022,Wheel Alignment,1719,134889,3,Michaelberg Auto Care,FALSE
SRV-005828,VEH-02064,23/07/2025,Suspension Repair,26968,25746,0,Moorestad Auto Care,FALSE
SRV-005829,VEH-00785,07/02/2026,Engine Diagnostic,3835,59203,1,West Katherinebury Auto Care,FALSE
SRV-005830,VEH-02526,26/04/2026,Brake Inspection,6780,96421,0,Jeffshire Auto Care,TRUE
SRV-005831,VEH-01939,20/03/2026,Transmission Service,52533,966,0,Staceymouth Auto Care,FALSE
SRV-005832,VEH-02307,19/06/2024,AC Repair,9583,904,2,South Tiffanytown Auto Care,FALSE
SRV-005833,VEH-01972,27/09/2024,AC Repair,13160,1404,1,East Ryanfort Auto Care,FALSE
SRV-005834,VEH-00982,13/05/2025,Suspension Repair,19809,34920,1,South James Auto Care,FALSE
SRV-005835,VEH-01983,02/09/2023,Tire Rotation,2227,17916,0,North Michaelburgh Auto Care,FALSE
SRV-005836,VEH-00774,27/09/2024,Recall Fix,0,60722,2,Davilamouth Auto Care,FALSE
SRV-005837,VEH-02356,09/12/2023,Wheel Alignment,2373,45376,0,North Amandaview Auto Care,FALSE
SRV-005838,VEH-01429,21/01/2025,Bodywork/Panel Repair,12264,23118,1,Fergusontown Auto Care,FALSE
SRV-005839,VEH-01352,03/04/2024,Tire Rotation,2327,8590,0,New Craig Auto Care,TRUE
SRV-005840,VEH-02795,07/05/2026,Brake Inspection,2178,48511,2,Keithshire Auto Care,TRUE
SRV-005841,VEH-00052,31/10/2022,Battery Replacement,19632,75195,0,Port Sydneymouth Auto Care,FALSE
SRV-005842,VEH-02611,27/02/2026,Engine Diagnostic,2781,6476,2,Sarahmouth Auto Care,FALSE
SRV-005843,VEH-00360,27/11/2024,Bodywork/Panel Repair,43512,28121,2,West Michelle Auto Care,FALSE
SRV-005844,VEH-02432,01/08/2023,Oil Change,3254,17989,3,East Andrewburgh Auto Care,TRUE
SRV-005845,VEH-02276,01/06/2026,Oil Change,4656,17650,1,East Shawnbury Auto Care,FALSE
SRV-005846,VEH-01578,11/09/2026,Oil Change,3663,12408,1,Kevinstad Auto Care,FALSE
SRV-005847,VEH-02707,16/06/2025,Transmission Service,55499,34806,3,East Gina Auto Care,FALSE
SRV-005848,VEH-00170,23/10/2023,Recall Fix,0,8479,0,Port Teresachester Auto Care,FALSE
SRV-005849,VEH-02349,01/12/2023,Bodywork/Panel Repair,36509,21382,2,Danielsstad Auto Care,FALSE
SRV-005850,VEH-02991,23/07/2025,Engine Diagnostic,3769,66329,2,Port Jenniferton Auto Care,TRUE
SRV-005851,VEH-00156,22/05/2025,Recall Fix,0,2221,0,East Victor Auto Care,FALSE
SRV-005852,VEH-01422,16/05/2025,Brake Inspection,4520,29043,2,Gomezmouth Auto Care,FALSE
SRV-005853,VEH-02866,14/01/2023,Tire Rotation,1696,84818,1,East Jenniferland Auto Care,TRUE
SRV-005854,VEH-02825,12/03/2026,Engine Diagnostic,2608,10446,2,Richardview Auto Care,FALSE
SRV-005855,VEH-02833,08/01/2025,Wheel Alignment,2450,24022,0,New Lindseyborough Auto Care,TRUE
SRV-005856,VEH-02428,22/06/2023,Transmission Service,54079,6379,3,Port Rose Auto Care,FALSE
SRV-005857,VEH-00162,04/02/2026,Engine Diagnostic,3938,30835,0,Villaland Auto Care,TRUE
SRV-005858,VEH-01895,27/03/2024,Transmission Service,53697,25252,2,Lake Leslie Auto Care,TRUE
SRV-005859,VEH-01806,11/11/2022,Bodywork/Panel Repair,118339,34681,3,New Lisamouth Auto Care,FALSE
SRV-005860,VEH-02734,14/10/2024,Tire Rotation,2074,40772,1,Elliotttown Auto Care,FALSE
SRV-005861,VEH-02320,03/05/2026,Suspension Repair,44231,4019,2,Steventon Auto Care,FALSE
SRV-005862,VEH-01254,13/10/2022,Brake Inspection,1703,124292,2,Whitemouth Auto Care,FALSE
SRV-005863,VEH-02227,13/03/2026,Suspension Repair,19131,34578,2,North Sharonfort Auto Care,FALSE
SRV-005864,VEH-02538,25/02/2024,Brake Inspection,3395,7750,0,South Ginaside Auto Care,FALSE
SRV-005865,VEH-01933,23/06/2025,Recall Fix,0,87975,1,New Sarahborough Auto Care,FALSE
SRV-005866,VEH-02212,03/05/2026,Bodywork/Panel Repair,84323,1610,2,South Nicole Auto Care,TRUE
SRV-005867,VEH-02861,18/09/2025,Tire Rotation,2888,15907,1,Daniellefort Auto Care,FALSE
SRV-005868,VEH-01269,23/10/2022,Transmission Service,54691,1399,2,Kaufmantown Auto Care,FALSE
SRV-005869,VEH-00880,08/07/2024,Recall Fix,0,84059,2,Williamsstad Auto Care,FALSE
SRV-005870,VEH-02410,30/10/2024,Recall Fix,0,34123,1,Huangberg Auto Care,TRUE
SRV-005871,VEH-01851,29/09/2024,Wheel Alignment,3390,28859,1,New Meghan Auto Care,FALSE
SRV-005872,VEH-02700,10/02/2026,Wheel Alignment,3287,17443,1,North Jessica Auto Care,FALSE
SRV-005873,VEH-02410,31/05/2023,Wheel Alignment,3129,35601,1,Brittanyburgh Auto Care,FALSE
SRV-005874,VEH-01948,30/04/2023,Full Service,31833,2470,2,New Jasmineside Auto Care,TRUE
SRV-005875,VEH-02196,23/08/2024,Wheel Alignment,1887,99983,1,North Ryanberg Auto Care,FALSE
SRV-005876,VEH-02319,22/08/2025,AC Repair,24727,2125,0,Gabrielleview Auto Care,FALSE
SRV-005877,VEH-00775,13/03/2024,Battery Replacement,17851,18618,3,South Charlenechester Auto Care,FALSE
SRV-005878,VEH-02194,31/01/2023,Transmission Service,53617,78845,1,South Alexis Auto Care,TRUE
SRV-005879,VEH-01694,06/11/2023,Oil Change,4919,36601,3,Port Amberport Auto Care,TRUE
SRV-005880,VEH-01537,23/04/2025,Wheel Alignment,2346,58752,3,Meyerbury Auto Care,FALSE
SRV-005881,VEH-02274,03/04/2023,Suspension Repair,39586,20,1,Jenniferberg Auto Care,FALSE
SRV-005882,VEH-02755,24/05/2025,Suspension Repair,24923,37035,3,Fieldsbury Auto Care,FALSE
SRV-005883,VEH-02540,16/02/2025,Wheel Alignment,2419,39157,0,New Jennifer Auto Care,TRUE
SRV-005884,VEH-00236,24/03/2023,Recall Fix,0,13609,0,Lake Joystad Auto Care,FALSE
SRV-005885,VEH-02476,30/11/2023,Battery Replacement,10825,201150,2,Brittanyside Auto Care,FALSE
SRV-005886,VEH-02906,01/11/2022,Brake Inspection,7983,74338,0,Taylorshire Auto Care,TRUE
SRV-005887,VEH-01231,04/08/2025,Recall Fix,0,45251,3,Laurenfort Auto Care,FALSE
SRV-005888,VEH-00431,05/05/2025,Recall Fix,0,8254,0,Vincentfurt Auto Care,FALSE
SRV-005889,VEH-00680,27/12/2022,Battery Replacement,19446,75936,2,Mooreton Auto Care,FALSE
SRV-005890,VEH-01777,24/04/2026,Oil Change,5160,46566,2,East Dana Auto Care,FALSE
SRV-005891,VEH-00628,26/07/2025,Suspension Repair,37415,1188,1,Port Stephanie Auto Care,TRUE
SRV-005892,VEH-01537,14/05/2023,Tire Rotation,2017,59891,1,Port Robertside Auto Care,TRUE
SRV-005893,VEH-00678,11/07/2023,Bodywork/Panel Repair,51759,39616,3,North Manuel Auto Care,FALSE
SRV-005894,VEH-02840,28/01/2026,Bodywork/Panel Repair,55721,66212,2,Matthewburgh Auto Care,FALSE
SRV-005895,VEH-01525,05/02/2025,Oil Change,4821,20557,2,East Johnmouth Auto Care,FALSE
SRV-005896,VEH-02030,03/12/2024,Recall Fix,0,3250,0,Madelinemouth Auto Care,FALSE
SRV-005897,VEH-01288,08/09/2026,Suspension Repair,10536,27290,0,Michellebury Auto Care,FALSE
SRV-005898,VEH-02873,08/05/2023,Tire Rotation,2176,12222,1,Bennettton Auto Care,TRUE
SRV-005899,VEH-02852,17/08/2023,Tire Rotation,1661,37077,0,North David Auto Care,TRUE
SRV-005900,VEH-00056,28/06/2024,Battery Replacement,9195,526,1,North Kathy Auto Care,FALSE
SRV-005901,VEH-01377,10/02/2026,Oil Change,4721,11964,1,Lake Davidmouth Auto Care,TRUE
SRV-005902,VEH-02151,06/01/2023,Bodywork/Panel Repair,78578,51246,2,North Nichole Auto Care,TRUE
SRV-005903,VEH-01475,13/12/2025,Suspension Repair,40247,13345,1,Nicholsonport Auto Care,TRUE
SRV-005904,VEH-02659,02/07/2023,Full Service,32792,21637,2,Robertsfort Auto Care,FALSE
SRV-005905,VEH-00166,25/12/2025,Wheel Alignment,3700,20560,1,Smithtown Auto Care,FALSE
SRV-005906,VEH-01438,31/08/2023,Brake Inspection,4567,17879,3,Matthewburgh Auto Care,FALSE
SRV-005907,VEH-02588,16/01/2023,Transmission Service,38226,73747,0,Michaelberg Auto Care,FALSE
SRV-005908,VEH-00650,18/10/2024,Full Service,22642,4884,1,Ericville Auto Care,TRUE
SRV-005909,VEH-02442,07/06/2024,Brake Inspection,5213,64913,1,New Nicolefort Auto Care,FALSE
SRV-005910,VEH-02099,30/03/2024,Suspension Repair,43395,30639,3,Dannyshire Auto Care,FALSE
SRV-005911,VEH-01188,02/11/2025,Recall Fix,0,17768,3,West Marcusshire Auto Care,FALSE
SRV-005912,VEH-00943,11/12/2022,Full Service,32781,2001,0,Morrisfort Auto Care,FALSE
SRV-005913,VEH-02772,21/12/2024,Wheel Alignment,3512,3445,0,New Dylan Auto Care,FALSE
SRV-005914,VEH-01600,22/12/2022,Wheel Alignment,3562,38655,1,Lloydfurt Auto Care,FALSE
SRV-005915,VEH-01976,18/01/2023,AC Repair,14658,31874,0,Port Allisonmouth Auto Care,TRUE
SRV-005916,VEH-00818,12/06/2026,Suspension Repair,15200,66319,3,Port Alexanderview Auto Care,FALSE
SRV-005917,VEH-01157,05/05/2025,Oil Change,3865,2226,1,North Robertside Auto Care,FALSE
SRV-005918,VEH-02091,26/11/2022,AC Repair,13671,35307,1,Port Antonio Auto Care,FALSE
SRV-005919,VEH-00811,17/07/2023,Brake Inspection,7825,77014,2,West Mikemouth Auto Care,FALSE
SRV-005920,VEH-02581,12/09/2024,Brake Inspection,4070,88880,0,Jacobchester Auto Care,FALSE
SRV-005921,VEH-01081,26/07/2023,Battery Replacement,13965,2508,2,Christineburgh Auto Care,FALSE
SRV-005922,VEH-01461,25/05/2025,AC Repair,21035,12267,1,Jessicaport Auto Care,FALSE
SRV-005923,VEH-00147,20/01/2026,Recall Fix,0,34919,1,Rebeccatown Auto Care,FALSE
SRV-005924,VEH-00706,25/08/2024,Tire Rotation,2726,9935,2,Luceroport Auto Care,FALSE
SRV-005925,VEH-02167,04/09/2024,Transmission Service,27252,12493,3,Port Levistad Auto Care,FALSE
SRV-005926,VEH-02770,21/05/2025,Wheel Alignment,3478,5423,1,New Amanda Auto Care,FALSE
SRV-005927,VEH-00085,19/09/2024,Battery Replacement,10435,19105,1,Raymondville Auto Care,FALSE
SRV-005928,VEH-00603,27/05/2026,Battery Replacement,13839,676,0,Dennishaven Auto Care,FALSE
SRV-005929,VEH-02526,28/10/2022,Suspension Repair,15554,95797,3,Manningberg Auto Care,FALSE
SRV-005930,VEH-01189,30/05/2023,Suspension Repair,15977,23391,3,East Aaronborough Auto Care,FALSE
SRV-005931,VEH-02861,20/01/2026,Brake Inspection,6977,15904,0,Paulchester Auto Care,FALSE
SRV-005932,VEH-02550,14/10/2022,Engine Diagnostic,3645,14210,0,North Kevinburgh Auto Care,FALSE
SRV-005933,VEH-01655,13/09/2026,Bodywork/Panel Repair,40192,96499,0,East John Auto Care,FALSE
SRV-005934,VEH-01888,22/12/2025,Bodywork/Panel Repair,104435,56039,1,Port Keithton Auto Care,TRUE
SRV-005935,VEH-01988,10/11/2023,Recall Fix,0,80466,0,South Briannashire Auto Care,FALSE
SRV-005936,VEH-00432,17/02/2024,Full Service,32144,82817,0,New Kelly Auto Care,TRUE
SRV-005937,VEH-02680,19/10/2022,Suspension Repair,14045,44552,0,Joneshaven Auto Care,TRUE
SRV-005938,VEH-01996,10/01/2024,Battery Replacement,11418,8901,2,Jordantown Auto Care,TRUE
SRV-005939,VEH-01367,09/10/2023,Transmission Service,54786,14540,0,Danielview Auto Care,TRUE
SRV-005940,VEH-00795,10/04/2025,AC Repair,18786,511,2,Lake Jaredbury Auto Care,FALSE
SRV-005941,VEH-01641,23/02/2023,Engine Diagnostic,4870,279923,2,New James Auto Care,TRUE
SRV-005942,VEH-00531,10/05/2024,Brake Inspection,5135,23749,2,Port Michaelfort Auto Care,TRUE
SRV-005943,VEH-02703,14/05/2023,Suspension Repair,18500,9447,0,Lake Shannonland Auto Care,FALSE
SRV-005944,VEH-02531,14/01/2023,Full Service,16352,6378,1,Marychester Auto Care,FALSE
SRV-005945,VEH-01876,25/10/2024,Full Service,38499,38634,1,Suttonbury Auto Care,TRUE
SRV-005946,VEH-01789,15/11/2024,Tire Rotation,1586,3153,1,Howardberg Auto Care,TRUE
SRV-005947,VEH-00297,16/06/2024,Battery Replacement,18326,1386,2,North Kristin Auto Care,FALSE
SRV-005948,VEH-01046,29/09/2025,Tire Rotation,1089,162459,1,Huffmanhaven Auto Care,TRUE
SRV-005949,VEH-01638,22/12/2022,Tire Rotation,1856,9329,3,North Tiffany Auto Care,FALSE
SRV-005950,VEH-01996,04/08/2025,Battery Replacement,11280,1382,1,New Samuel Auto Care,FALSE
SRV-005951,VEH-00209,16/03/2025,Oil Change,3830,6887,0,Ericborough Auto Care,TRUE
SRV-005952,VEH-00021,09/08/2025,Transmission Service,45418,163617,2,Adrianstad Auto Care,FALSE
SRV-005953,VEH-00038,28/12/2023,Battery Replacement,9923,35802,3,Howardland Auto Care,FALSE
SRV-005954,VEH-02374,24/02/2024,Suspension Repair,21956,19645,2,Howellbury Auto Care,TRUE
SRV-005955,VEH-00552,20/09/2026,Suspension Repair,12940,4864,1,East Chelsea Auto Care,TRUE
SRV-005956,VEH-01570,12/03/2025,Oil Change,5206,53473,0,Lake Lisaland Auto Care,FALSE
SRV-005957,VEH-02558,06/06/2023,Recall Fix,0,5839,0,New Tarashire Auto Care,FALSE
SRV-005958,VEH-01577,04/02/2023,Bodywork/Panel Repair,84899,201455,0,Harrisontown Auto Care,FALSE
SRV-005959,VEH-00487,28/01/2023,Bodywork/Panel Repair,99480,87594,0,Port Tony Auto Care,FALSE
SRV-005960,VEH-01054,26/06/2025,Oil Change,3239,50308,0,South Brittanyfurt Auto Care,FALSE
SRV-005961,VEH-02477,05/11/2024,Wheel Alignment,3255,7646,0,Stephanieside Auto Care,TRUE
SRV-005962,VEH-00726,05/08/2024,Brake Inspection,3888,824,0,Kimberg Auto Care,TRUE
SRV-005963,VEH-01487,28/01/2023,Recall Fix,0,37525,1,Burnsport Auto Care,FALSE
SRV-005964,VEH-00105,29/10/2025,Bodywork/Panel Repair,37970,13661,1,Lancestad Auto Care,FALSE
SRV-005965,VEH-01270,20/04/2026,Bodywork/Panel Repair,90899,9167,1,Wardport Auto Care,FALSE
SRV-005966,VEH-01579,24/08/2023,Oil Change,4976,3187,2,Staffordmouth Auto Care,TRUE
SRV-005967,VEH-01205,10/06/2026,Suspension Repair,16780,55730,1,West Shelby Auto Care,FALSE
SRV-005968,VEH-02147,20/01/2023,Engine Diagnostic,2275,5015,0,East Sara Auto Care,FALSE
SRV-005969,VEH-00286,01/02/2026,Oil Change,3539,12983,1,New Tabithaville Auto Care,FALSE
SRV-005970,VEH-02329,04/07/2023,Engine Diagnostic,4643,19268,0,Michaelview Auto Care,TRUE
SRV-005971,VEH-01661,28/07/2025,Suspension Repair,32258,37329,0,Loganborough Auto Care,FALSE
SRV-005972,VEH-02066,12/02/2024,Oil Change,4176,6013,2,South Joseph Auto Care,FALSE
SRV-005973,VEH-01162,23/02/2026,Oil Change,4351,27361,1,Rodriguezport Auto Care,FALSE
SRV-005974,VEH-01547,09/05/2026,Suspension Repair,40239,90568,3,East Danielview Auto Care,FALSE
SRV-005975,VEH-01311,27/07/2024,Tire Rotation,1054,524,0,Douglasport Auto Care,TRUE
SRV-005976,VEH-02743,21/12/2022,Oil Change,3503,11727,1,Michaelview Auto Care,FALSE
SRV-005977,VEH-02949,06/02/2024,Wheel Alignment,1720,67820,0,Lauraland Auto Care,FALSE
SRV-005978,VEH-00266,06/06/2025,Engine Diagnostic,4620,3910,1,New Brian Auto Care,FALSE
SRV-005979,VEH-02960,24/12/2024,Engine Diagnostic,4349,10142,0,South Luis Auto Care,FALSE
SRV-005980,VEH-01625,21/05/2023,AC Repair,9790,46182,1,Shannonshire Auto Care,FALSE
SRV-005981,VEH-00447,18/03/2025,AC Repair,8144,9964,3,South Kelli Auto Care,FALSE
SRV-005982,VEH-02183,26/07/2023,Wheel Alignment,2536,56410,1,Johnsonton Auto Care,FALSE
SRV-005983,VEH-00666,13/04/2025,Battery Replacement,15735,10464,1,Davidborough Auto Care,FALSE
SRV-005984,VEH-02244,02/04/2026,Wheel Alignment,3679,10219,1,Lake Lindseyberg Auto Care,FALSE
SRV-005985,VEH-01873,26/05/2023,Full Service,15908,12825,0,Cortezchester Auto Care,FALSE
SRV-005986,VEH-01490,26/02/2023,Brake Inspection,3600,13381,3,Angelaberg Auto Care,FALSE
SRV-005987,VEH-01402,18/03/2024,Suspension Repair,40125,18903,1,North Reneeside Auto Care,FALSE
SRV-005988,VEH-00901,05/12/2025,Recall Fix,0,6628,1,Steeleburgh Auto Care,FALSE
SRV-005989,VEH-00999,28/05/2023,Recall Fix,0,15865,3,North Ann Auto Care,FALSE
SRV-005990,VEH-00372,22/11/2024,Oil Change,3459,2527,0,North Sonya Auto Care,FALSE
SRV-005991,VEH-00044,14/12/2025,Tire Rotation,1876,42353,1,East Cindy Auto Care,FALSE
SRV-005992,VEH-02951,23/03/2024,Bodywork/Panel Repair,78233,231914,1,Johnsonport Auto Care,FALSE
SRV-005993,VEH-00437,26/08/2026,Recall Fix,0,6428,1,New Scottville Auto Care,FALSE
SRV-005994,VEH-02952,01/11/2025,AC Repair,23048,11691,0,West Margaretstad Auto Care,FALSE
SRV-005995,VEH-02361,18/01/2024,Tire Rotation,2910,12653,1,South Dustin Auto Care,FALSE
SRV-005996,VEH-00769,11/01/2026,Brake Inspection,7788,752,1,Sosaview Auto Care,TRUE
SRV-005997,VEH-01648,12/12/2024,Tire Rotation,1531,182,1,New Stevenville Auto Care,FALSE
SRV-005998,VEH-00020,08/10/2024,AC Repair,16174,20344,0,Dennisfort Auto Care,FALSE
SRV-005999,VEH-00809,28/07/2024,Wheel Alignment,3908,9512,0,Francishaven Auto Care,TRUE
SRV-006000,VEH-02305,24/10/2023,Bodywork/Panel Repair,29719,24193,1,Pierceville Auto Care,FALSE
