vehicle_id,vin,plate_number,make,model,year,condition,fuel_type,transmission,color,mileage_km,list_price_kes,engine_cc
VEH-00001,P52XRSRXDYZAUWDA0,,Nissan,Navara,2020,New,Diesel,Manual,Silver,0,7508000,1800
VEH-00002,GEBEWTYMWUESWK9UY,KC158H,Mazda,Mazda6,2023,Used,Petrol,CVT,White,21117,4042000,2400
VEH-00003,2MZZ9WLW8XPFR3BHA,KD809H,Mazda,CX-5,2014,Used,Petrol,Manual,Grey,135455,1155000,3000
VEH-00004,4AAMVERX7M9GKHJF4,,Mitsubishi,Pajero,2020,New,Petrol,Manual,White,0,2746000,1300
VEH-00005,N2D7LH3Y89965CE73,KD645M,Nissan,Altima,2008,Used,Diesel,Automatic,Green,59253,941000,1500
VEH-00006,KEJXKETWT123XFN61,,Toyota,Yaris,2026,New,Petrol,CVT,Beige,0,5692000,1300
VEH-00007,8SWY3YG6RHHRNF4JC,KB402O,Mazda,CX-3,2024,Used,Petrol,Manual,White,41082,6339000,3000
VEH-00008,P3LNFHYMC4TY27DCB,KD441G,Mercedes-Benz,GLC,2021,Used,Diesel,Automatic,Blue,7633,3380000,1800
VEH-00009,0UJ2KM9842AY985H0,KD585H,Volkswagen,Jetta,2012,Used,Petrol,CVT,Beige,7631,3005000,3000
VEH-00010,20GRVNWE8A34MPZP2,KJ406K,Mazda,Mazda3,2018,Used,Diesel,CVT,White,2692,2494000,1300
VEH-00011,7VNN8CNSL8YLFZF4W,KA291G,Ford,Explorer,2026,Used,Petrol,Automatic,Blue,90505,6258000,1500
VEH-00012,NAL7N9EP1N6G5L3YF,,Volkswagen,Tiguan,2024,New,Diesel,Automatic,Grey,0,1682000,3000
VEH-00013,CP3U76SW1K6S00KX3,KC525H,Nissan,X-Trail,2008,Used,Petrol,CVT,Green,41358,1976000,3000
VEH-00014,8H5KXK700HT9V9CD2,,Hyundai,Tucson,2026,New,Petrol,Automatic,Silver,0,7061000,1800
VEH-00015,YZSMPGBJ0EZSSCY0R,KH940I,Volkswagen,Jetta,2009,Used,Diesel,Manual,White,55406,726000,1200
VEH-00016,FZAKRF06URBXUYYDZ,KH153T,Ford,Explorer,2011,Used,Petrol,Automatic,Grey,935,1791000,1500
VEH-00017,AA4ZC8D4Y0BT3LXX7,,Mazda,CX-5,2014,New,Petrol,Automatic,Black,0,4737000,1500
VEH-00018,PLNSC3YNCHKW9DU95,,Volkswagen,Golf,2019,New,Petrol,Manual,Red,0,1326000,2400
VEH-00019,6L5SMXWNYHW9HX6L1,,Isuzu,D-Max,2018,New,Diesel,CVT,Black,0,7590000,1000
VEH-00020,NYH09R5EL2B3P31H1,,Ford,Explorer,2023,New,Petrol,Manual,White,0,2472000,1500
VEH-00021,RA5CGXEGDW47HC0L0,KD534F,Isuzu,D-Max,2020,Used,Diesel,Automatic,Blue,157660,1753000,3000
VEH-00022,C9PFRT1243AN527WF,KC363M,Isuzu,D-Max,2016,Used,Petrol,Automatic,Blue,80389,2095000,2400
VEH-00023,SFGAT0T789NTYWPB7,,Mercedes-Benz,GLE,2010,New,Petrol,CVT,Silver,0,7197000,1500
VEH-00024,XNBNPJS7M0AYEW8EJ,KC112D,Hyundai,Santa Fe,2019,Used,Diesel,CVT,Green,10740,3073000,2400
VEH-00025,5FRZTU6W1175DV33J,KD866M,Mitsubishi,L200,2010,Used,Diesel,Manual,Silver,9030,1114000,3000
VEH-00026,UY1FN0GG8R3GBG2J6,KG551U,Toyota,Corolla,2010,Used,Hybrid,Manual,Silver,9117,1882000,1200
VEH-00027,MWSZDC1AW9DUAW927,,Nissan,Altima,2020,New,Petrol,Automatic,Green,0,1739000,2000
VEH-00028,MPX953A5P47AEU81J,KH733V,Mazda,CX-3,2018,Used,Diesel,Automatic,Green,16323,4729000,1500
VEH-00029,581ZHS13M78SY0DNX,,Toyota,Prado,2018,New,Diesel,CVT,White,0,4222000,1300
VEH-00030,9S68SUJF80D9A7LNK,KE781P,BMW,3 Series,2017,Used,Electric,CVT,Black,33476,2669000,1300
VEH-00031,572WYN01NYV53HDCC,KD862D,Mercedes-Benz,GLE,2010,Used,Diesel,Manual,Red,25449,1597000,2400
VEH-00032,U49LNZ3UWHPUSE84T,,Subaru,Outback,2008,New,Petrol,CVT,Blue,0,6150000,1300
VEH-00033,TZK4VXHK8B3F047H1,KC977P,Mitsubishi,L200,2009,Used,Diesel,Automatic,Silver,15490,1516000,1000
VEH-00034,92NUKZG5NE1W350SF,KC552W,Mercedes-Benz,GLE,2018,Used,Petrol,Manual,Grey,42586,2689000,1500
VEH-00035,VZ9E8R47D9FB9YW9X,KG350B,Mitsubishi,Outlander,2008,Used,Petrol,Automatic,Beige,6760,3353000,1800
VEH-00036,29ZCS4NXRADEY6HW9,KH380W,Mitsubishi,L200,2013,Used,Diesel,CVT,Silver,15548,1740000,2400
VEH-00037,L05UP0N32UC4U4Y1G,KB285T,BMW,X5,2017,Used,Diesel,Manual,Beige,20532,936000,2000
VEH-00038,FV5B9TMUP8AK8U2YR,KH811K,Honda,Civic,2012,Used,Petrol,Automatic,Grey,27402,2670000,1200
VEH-00039,K48WHMEXCJN6PCJRZ,,Isuzu,D-Max,2015,New,Petrol,Manual,Blue,0,2388000,1500
VEH-00040,TF4L2N8JJUZPLC72E,KD380A,Mitsubishi,Pajero,2026,Used,Petrol,Manual,Green,69207,8083000,1200
VEH-00041,W3DMVKJDBL1F3Z3V6,KG588S,Honda,Accord,2024,Used,Petrol,Manual,Silver,10023,3319000,1300
VEH-00042,7YN2ZPSRMSK8U07HX,KB412N,Ford,Ranger,2026,Used,Diesel,Manual,Black,32491,1643000,1200
VEH-00043,CK73A8Z7ETZZUEAG4,,Mitsubishi,Outlander,2010,New,Petrol,Automatic,Red,0,1682000,1500
VEH-00044,X8Z6UHC4T8PNND7JU,KB397J,Mitsubishi,L200,2024,Used,Petrol,Automatic,Grey,40387,1369000,1000
VEH-00045,L7Y4BSXTMXLMA6GMD,KH302C,Mitsubishi,L200,2026,Used,Petrol,Manual,Green,2140,8943000,1200
VEH-00046,HPKRG3DR4FMRM5GGB,KG531X,BMW,3 Series,2012,Used,Petrol,Manual,Silver,42089,1319000,1500
VEH-00047,TZE12P014E83EMAZB,KF539T,BMW,X3,2011,Used,Diesel,Automatic,Beige,8413,2326000,1800
VEH-00048,X1GKDJ0YRS2D1XG5X,KC334D,Nissan,Navara,2010,Used,Petrol,Manual,Blue,3026,1311000,1500
VEH-00049,5NU09HRCRBDM80J6F,KA153V,Ford,Ranger,2008,Used,Diesel,Manual,Blue,133815,785000,3000
VEH-00050,8MLDAV5L1M2UNYGN6,KC744X,Nissan,Sentra,2011,Used,Diesel,Manual,Grey,151678,1326000,1500
VEH-00051,XKS2UFEP0624VMNXD,,Mitsubishi,Pajero,2011,New,Petrol,Automatic,Green,0,5785000,1000
VEH-00052,K8C9G3TUTCRTVNXGA,KD706W,Ford,F-150,2016,Used,Petrol,CVT,Beige,74354,913000,1800
VEH-00053,DHUKY8KE5B99GDYX9,KF185W,Nissan,X-Trail,2017,Used,Hybrid,Automatic,Silver,16347,2683000,2400
VEH-00054,34H8F9U922D1NY5XV,KH325K,Subaru,Forester,2018,Used,Petrol,CVT,Green,4624,3354000,1300
VEH-00055,STS3FV8FKL63ZGERS,KG202X,BMW,5 Series,2021,Used,Petrol,CVT,White,51873,6138000,1200
VEH-00056,2YBJCEXA88D1M0GSV,,Hyundai,i10,2008,New,Petrol,Manual,Blue,0,1314000,2000
VEH-00057,JUABUD6PAHHNMK7ZZ,,BMW,5 Series,2015,New,Diesel,Manual,Beige,0,7005000,1300
VEH-00058,MXD776WFUWZEZK3MD,KH777L,Honda,Accord,2011,Used,Hybrid,CVT,Black,26104,1426000,1000
VEH-00059,02SCW8KC9GNLPZP3M,,Ford,Fusion,2018,New,Diesel,CVT,Grey,0,4947000,2400
VEH-00060,UHC0U23HCMG5MSED7,KF969Y,Hyundai,i10,2025,Used,Diesel,Automatic,Beige,5856,5327000,1300
VEH-00061,BE80NA8N0YC45ANCC,,Mercedes-Benz,GLE,2015,New,Diesel,Automatic,Silver,0,3084000,1300
VEH-00062,S0RYADBYWFFPP8R0J,KJ413W,BMW,5 Series,2024,Used,Petrol,Manual,Blue,30759,3267000,1200
VEH-00063,XHG1V43SLY4F3YGDC,KF128H,Mercedes-Benz,GLE,2012,Used,Petrol,CVT,Black,1574,1824000,1200
VEH-00064,GG7HCVB9SBDL918TL,KG843L,Volkswagen,Jetta,2008,Used,Electric,CVT,Black,108019,1517000,2000
VEH-00065,A3S5BFZCX8HHZE09T,KJ887K,Hyundai,Elantra,2024,Used,Petrol,Manual,Red,13475,2165000,1800
VEH-00066,ZH9X8V9DA2L536TSF,KE265C,Mazda,Mazda6,2009,Used,Petrol,Automatic,Red,48881,3078000,1200
VEH-00067,92R789TMKPXZRTXLC,,Honda,Accord,2022,New,Petrol,Automatic,Blue,0,5170000,1000
VEH-00068,0VFDNV5H5ZMSU4DFD,KG886N,Subaru,Outback,2009,Used,Petrol,Automatic,Black,16809,1301000,2000
VEH-00069,DSU8EHV92C339HGA2,KG376I,Mazda,Mazda6,2014,Used,Diesel,Manual,Silver,33034,2078000,1200
VEH-00070,RPH6GB6R8KG8SU28R,,Nissan,Navara,2010,New,Hybrid,CVT,Green,0,7174000,1000
VEH-00071,XL9711LESE5D9PUAR,KC749O,Mercedes-Benz,E-Class,2010,Used,Diesel,CVT,Black,35605,2421000,1000
VEH-00072,FNM89WA3A6T50YSPM,KJ536Q,Volkswagen,Passat,2021,Used,Electric,Automatic,Black,9197,5387000,1300
VEH-00073,FRKYZX076DC4CA7D1,,BMW,X5,2019,New,Diesel,CVT,Black,0,6190000,3000
VEH-00074,HSNGSE87P401ANHK6,KE414Z,Mercedes-Benz,C-Class,2017,Used,Hybrid,CVT,Grey,157176,1370000,1000
VEH-00075,N34WM89H9GY43WEX9,,Hyundai,Elantra,2008,New,Petrol,Automatic,Silver,0,7831000,2400
VEH-00076,WN274FLDAA2FXU9VA,KC564U,Volkswagen,Golf,2012,Used,Diesel,Automatic,Silver,67151,2599000,1500
VEH-00077,J222YK7XYWDSWDK6D,,Isuzu,D-Max,2017,New,Petrol,Automatic,Grey,0,8250000,2400
VEH-00078,8CZNL63FAFVXB99SX,KJ105F,Honda,Fit,2008,Used,Petrol,Automatic,Black,126229,2112000,1500
VEH-00079,2HN6AECZEKGD0YS3R,,Subaru,Impreza,2025,New,Hybrid,Manual,Blue,0,5493000,1300
VEH-00080,2L38T6P13XXRVNXCF,,Volkswagen,Tiguan,2020,New,Petrol,CVT,Blue,0,7853000,2400
VEH-00081,D3RGJHNELAZ0HVLHC,KE716G,Nissan,Sentra,2024,Used,Petrol,Manual,Blue,101346,1277000,1200
VEH-00082,LLG3T9PEFLNWKY597,KE234M,Subaru,Outback,2021,Used,Petrol,CVT,White,40997,3396000,2000
VEH-00083,30K1PVLXNZS58ENXA,KA945A,Isuzu,D-Max,2010,Used,Petrol,Automatic,Green,114724,3265000,1500
VEH-00084,N6975J2D8CLX3JFES,KC426E,Ford,Focus,2014,Used,Diesel,Automatic,Beige,4169,3206000,1200
VEH-00085,9L1HJKCV5Y1GC9BAH,KG292P,Mercedes-Benz,E-Class,2026,Used,Petrol,Manual,Red,9816,5311000,1800
VEH-00086,7HN95T2GKFL5YE51H,KH291I,Mitsubishi,Pajero,2012,Used,Petrol,CVT,Beige,2082,835000,2000
VEH-00087,GPRMRNBN7GGFKXUDB,,Nissan,Altima,2025,New,Petrol,Manual,Grey,0,4819000,1200
VEH-00088,UK60PNH4ZTFGY0KAG,,Toyota,Corolla,2026,New,Hybrid,CVT,Beige,0,1752000,1800
VEH-00089,FLS8YRA96F2AMSA5S,,Mitsubishi,Outlander,2013,New,Petrol,Manual,Blue,0,1783000,1500
VEH-00090,L1R19JTNAM06256WD,KJ845U,Mercedes-Benz,E-Class,2012,Used,Petrol,Automatic,Grey,17708,816000,1300
VEH-00091,ZRGC7NDKXU795F7ML,,Mazda,Mazda6,2008,New,Diesel,Automatic,Blue,0,7416000,1500
VEH-00092,XRS83K8TZSE8XYLK3,KA564B,Toyota,Land Cruiser,2024,Used,Petrol,CVT,Black,22145,7214000,1000
VEH-00093,4BE52T8V80E1R7KB7,KD931V,BMW,X3,2008,Used,Diesel,Automatic,Green,14245,2695000,1200
VEH-00094,ZLWZGEVKCVXVN5RER,,Nissan,Note,2017,New,Petrol,CVT,Red,0,4856000,3000
VEH-00095,S7A2CE62WNX65B4EZ,KH926Y,Mazda,Mazda6,2022,Used,Hybrid,Automatic,White,79405,3528000,1200
VEH-00096,4VZ5EWT00UV8E6YFX,,Toyota,RAV4,2011,New,Diesel,Manual,Beige,0,2017000,1500
VEH-00097,DDGS4RBEP944V4Z5X,,Honda,Civic,2008,New,Petrol,CVT,White,0,8581000,1300
VEH-00098,VSKZ8TZN0DPRASVAK,KH143L,Ford,Fusion,2013,Used,Electric,Automatic,Beige,19855,2828000,1800
VEH-00099,TM0NCYM0M02K2KN7Y,KG583T,Toyota,Camry,2019,Used,Diesel,CVT,Blue,14841,4885000,1300
VEH-00100,W4CA1HYTZLH273D61,KG873N,Mitsubishi,Pajero,2026,Used,Hybrid,Manual,Blue,35208,4120000,1200
VEH-00101,X47L0N9VGJRKGF33G,KA744V,Toyota,Yaris,2010,Used,Petrol,Manual,Silver,6835,1736000,1000
VEH-00102,MZ81UGG4TM653RX5V,KC901Q,Mazda,Mazda6,2026,Used,Petrol,Manual,Beige,72921,1804000,1500
VEH-00103,4K4NM5FKUHUXLXV6W,,Toyota,Land Cruiser,2025,New,Hybrid,Automatic,White,0,3079000,1000
VEH-00104,2EV17Y5HC8602B98W,,Mazda,Mazda6,2016,New,Diesel,Manual,Beige,0,8649000,1300
VEH-00105,HMS25H7A2GXNZASNN,,Nissan,Altima,2011,New,Petrol,CVT,Green,0,5458000,1300
VEH-00106,6MM7HDAP13UB35JBB,KH284J,Honda,Fit,2011,Used,Petrol,Automatic,Grey,3486,3777000,1800
VEH-00107,YC7G0365RKNV5J6LU,KB155L,Ford,F-150,2020,Used,Hybrid,CVT,Beige,195036,1425000,1800
VEH-00108,H1GN3E90YRDTBKN4C,KE975T,Honda,Accord,2012,Used,Petrol,Manual,Green,66576,2228000,2400
VEH-00109,YUYB2771M4J1HA0X5,,BMW,3 Series,2015,New,Diesel,CVT,White,0,2747000,1200
VEH-00110,UP02J8S9H6KZK92KV,KA730I,Mercedes-Benz,GLE,2017,Used,Petrol,CVT,Blue,9969,4171000,1000
VEH-00111,JFSRS8S4HB7KXLCF2,KE365P,Honda,CR-V,2026,Used,Petrol,CVT,Silver,249,8213000,1300
VEH-00112,BZ5WB0C0JJZ5M0WMC,,Subaru,Outback,2009,New,Petrol,CVT,Black,0,6691000,1500
VEH-00113,ZCRKAXM96N8KBNKEW,KB723G,Volkswagen,Tiguan,2026,Used,Diesel,CVT,Red,76045,8101000,1500
VEH-00114,CC7HTVVP14UBSURJ4,KE349K,Hyundai,Elantra,2012,Used,Petrol,Automatic,Grey,55219,2658000,3000
VEH-00115,6MMT7YWRPV4EU2PWE,KE914J,Mazda,Mazda3,2015,Used,Petrol,Manual,Black,58754,3693000,2400
VEH-00116,265ADJV71EBRZ9E57,KG462E,Hyundai,Tucson,2026,Used,Petrol,CVT,Grey,66384,8594000,1800
VEH-00117,D0C787X1R2010W4TF,KA707S,Honda,CR-V,2018,Used,Petrol,CVT,Beige,3461,3314000,2400
VEH-00118,K2HTBUUT7KN18B861,KG631I,Mazda,Mazda6,2013,Used,Diesel,CVT,Red,19975,2453000,1200
VEH-00119,THF7JXDHKDVTFWB6U,,Mazda,CX-3,2013,New,Petrol,Automatic,White,0,3497000,2000
VEH-00120,U4KD04RRJ591DMC31,KF260Q,Volkswagen,Tiguan,2026,Used,Petrol,Automatic,Black,5541,4931000,2000
VEH-00121,UGV4X8XJW5HGSSGTE,KB628X,Toyota,Hilux,2011,Used,Diesel,Manual,Green,89483,3145000,1200
VEH-00122,JNWYSYFKHKT3NMSDD,,BMW,5 Series,2013,New,Hybrid,Automatic,Green,0,6971000,3000
VEH-00123,8YMPE645WZAJH5PVL,,Mazda,CX-5,2021,New,Diesel,Automatic,Green,0,5098000,3000
VEH-00124,THXBRH5U2D8XEU8AN,KF461Y,Hyundai,i10,2016,Used,Diesel,Manual,White,43933,1380000,1500
VEH-00125,5H37LH18BA8DPTFKH,KD134I,Mazda,CX-5,2013,Used,Diesel,Automatic,Green,18081,1807000,1300
VEH-00126,02PA4WF13GWLLTAKG,,Mitsubishi,Pajero,2010,New,Petrol,CVT,Beige,0,5432000,2400
VEH-00127,VS6UJATNNVDH9PHNV,,Nissan,Navara,2010,New,Diesel,Automatic,Silver,0,4609000,1200
VEH-00128,TJEXS0VH2JLMELVPA,,Honda,HR-V,2013,New,Diesel,CVT,Beige,0,9103000,3000
VEH-00129,T59CD0N1F1FR9BPF3,KH243X,Mazda,CX-5,2018,Used,Hybrid,Automatic,Green,2955,2731000,1000
VEH-00130,7ZUXNYEUGX0UJS770,KC268Q,Nissan,Altima,2021,Used,Diesel,Automatic,White,16761,5068000,2000
VEH-00131,A0GDSDXWCX6MAGK7R,KE476T,Hyundai,Tucson,2012,Used,Diesel,Automatic,Grey,17699,3758000,1200
VEH-00132,FVEUYNV5W81X7GAHH,KC246F,Subaru,Impreza,2011,Used,Petrol,Manual,Red,58854,1419000,1200
VEH-00133,YLTDVNNSLUU648840,KG673O,Toyota,Camry,2024,Used,Petrol,Automatic,Black,45670,4196000,2400
VEH-00134,52MPX57GN79GMGWL7,,Isuzu,MU-X,2013,New,Hybrid,CVT,White,0,4268000,1800
VEH-00135,BZJX94579XTS513BA,KC822X,Toyota,Prado,2016,Used,Petrol,Manual,Black,98201,1816000,2400
VEH-00136,L5K5Y1LZ66F90NAYP,KA166G,Honda,Civic,2022,Used,Diesel,CVT,Silver,28757,1309000,1800
VEH-00137,GTF14AKMMVZVSDC1G,,Honda,Accord,2022,New,Diesel,Manual,Silver,0,6305000,1000
VEH-00138,8LZ8511LNKKVP4KG9,,Volkswagen,Tiguan,2022,New,Petrol,Automatic,Blue,0,7276000,1200
VEH-00139,YRX4B4NUG0M33G0T4,KE192Q,BMW,X3,2026,Used,Diesel,Automatic,Grey,5731,7679000,3000
VEH-00140,GEWNNWB0X5APMYD7L,KH659F,Nissan,Altima,2011,Used,Diesel,Automatic,Beige,56210,2598000,2400
VEH-00141,0WSPB7H77DRJWWFFK,KJ303S,Mitsubishi,Pajero,2023,Used,Diesel,Manual,Red,64367,2721000,1000
VEH-00142,PSYGFLG5R0FV2AFDV,KG815G,Honda,CR-V,2012,Used,Hybrid,CVT,Green,37074,2019000,3000
VEH-00143,2E2641RNCT1WHX2NM,KA725T,Mitsubishi,Outlander,2011,Used,Diesel,Manual,Grey,66325,1548000,1300
VEH-00144,DNFELZSJ8FPUD3M1Y,,BMW,5 Series,2009,New,Petrol,Manual,Silver,0,4852000,2000
VEH-00145,AYZPBR1D36T2049DF,KG644Y,Ford,F-150,2024,Used,Petrol,CVT,Black,30636,4413000,1300
VEH-00146,31SBKETN6ZJMK4UFM,,Toyota,RAV4,2026,New,Petrol,Automatic,Blue,0,5519000,1000
VEH-00147,1JCD0XRK9ZJ441USC,KF139E,Subaru,Impreza,2019,Used,Diesel,CVT,Black,33285,3281000,2400
VEH-00148,KPG101C783V9XU3ZB,KH320Y,Mercedes-Benz,C-Class,2018,Used,Hybrid,Automatic,Silver,25101,3892000,1800
VEH-00149,KAG2YKS3XDH0HX1XS,KG750T,Mercedes-Benz,C-Class,2020,Used,Petrol,Automatic,Beige,1158,4409000,1000
VEH-00150,F5TUFNPYVCT9C1UL1,,Mazda,CX-3,2018,New,Petrol,Automatic,White,0,4928000,1300
VEH-00151,R9A9VTH7EX5DH9VFF,KG663N,Subaru,Outback,2013,Used,Petrol,Manual,Green,5137,2375000,1800
VEH-00152,82LUN5TS4R7FKUMSF,KB492S,Mazda,CX-3,2011,Used,Diesel,Automatic,Green,1437,2785000,1500
VEH-00153,TCVPAXFXZ8AW3NTG7,,Isuzu,D-Max,2015,New,Petrol,CVT,Grey,0,6400000,1300
VEH-00154,6GSJW939TDWL7FS8A,,BMW,5 Series,2018,New,Petrol,CVT,Green,0,1744000,3000
VEH-00155,0D2YUAS0KP42M0TYR,KB206E,Hyundai,Elantra,2021,Used,Diesel,CVT,Black,45527,6027000,1300
VEH-00156,3GDYC6TJJKR20VW2E,,Mazda,Mazda6,2018,New,Petrol,Manual,Red,0,3239000,2000
VEH-00157,VL0ZF3EX5JH5WEANT,KJ515P,Mitsubishi,Pajero,2017,Used,Diesel,Manual,Red,16982,1163000,1300
VEH-00158,5TFUF6A8MLHK23YMS,KA960X,Subaru,Outback,2018,Used,Diesel,CVT,Grey,31969,2273000,1500
VEH-00159,LCVU159BVJJ1ZYJZS,KA723I,Mazda,Mazda3,2020,Used,Diesel,Manual,Grey,107156,5879000,1200
VEH-00160,J2SD6B3CSRSDWWKAR,,Ford,F-150,2017,New,Hybrid,CVT,Beige,0,3109000,1500
VEH-00161,1WTFTT8K5JKVLR98T,KF621P,Subaru,Outback,2022,Used,Petrol,Manual,Black,12903,2517000,2400
VEH-00162,MZ4GDHLL2SZ7GZLGP,KC972F,Isuzu,MU-X,2011,Used,Diesel,Manual,Red,23772,1967000,3000
VEH-00163,S5LEMM1RRNP2P8M39,,Isuzu,MU-X,2016,New,Diesel,Manual,Grey,0,3405000,1500
VEH-00164,L3LVGHT5DJLS0S9BY,KH355I,Isuzu,MU-X,2017,Used,Electric,CVT,Green,63393,643000,1000
VEH-00165,RKS6C9145WVVRLVYV,,Honda,Civic,2018,New,Diesel,CVT,White,0,4299000,1300
VEH-00166,1HLHMG9JW7EYR334B,KJ482A,Honda,CR-V,2019,Used,Diesel,Manual,Red,11691,2865000,3000
VEH-00167,CDVDFT5VSYGCZ3S69,KC766K,Nissan,Sentra,2018,Used,Petrol,CVT,Red,3604,3828000,3000
VEH-00168,A4AHRJHZLSY2VM65F,KC311J,Mercedes-Benz,GLE,2008,Used,Petrol,Manual,White,15396,1466000,1300
VEH-00169,7YGF9H72A58E8A55G,,Mercedes-Benz,GLC,2010,New,Petrol,Automatic,Green,0,3845000,1500
VEH-00170,8TWUFG81M9PGCTST8,KA107M,Volkswagen,Polo,2026,Used,Diesel,Automatic,Black,7911,1979000,2000
VEH-00171,YH0Y35A816B4FAUES,KA162T,Mazda,CX-3,2010,Used,Diesel,CVT,Blue,119472,3325000,2000
VEH-00172,7813F6DFTLX6JL2L6,KA852E,Subaru,Forester,2013,Used,Hybrid,Manual,Green,74289,1066000,1300
VEH-00173,D9DS95UEWYLS6EYNX,,Ford,Focus,2008,New,Diesel,Automatic,Beige,0,3068000,1500
VEH-00174,EY10KXJJ1K0SWU9J6,,Ford,Fusion,2024,New,Petrol,Automatic,Silver,0,9104000,1000
VEH-00175,GEB3FLVSMX3WRHXVD,KE771Y,Mitsubishi,Pajero,2009,Used,Petrol,Automatic,Red,45157,3767000,1300
VEH-00176,YZMUCNY8EHSDVK5LR,KB987Q,Nissan,Note,2023,Used,Petrol,CVT,Grey,92318,4123000,1300
VEH-00177,MWF5U3MH8UNDFXX41,,Isuzu,D-Max,2008,New,Petrol,CVT,Green,0,7446000,1500
VEH-00178,UPSL0KC0ZG1WC1ESF,,Nissan,Altima,2020,New,Electric,Manual,Green,0,8758000,1300
VEH-00179,4C8K6E18FRZ2ADLDX,KH337V,Isuzu,MU-X,2020,Used,Petrol,Manual,Beige,73258,2103000,1300
VEH-00180,N6DSW5Z32HD9WWM5Y,KG531B,Honda,CR-V,2016,Used,Diesel,Automatic,Blue,9292,617000,1800
VEH-00181,9CD3JTWYD20V4NU7N,KB704Z,Isuzu,MU-X,2021,Used,Diesel,Manual,Black,100386,2315000,1200
VEH-00182,W30BYRS5BP31R6HFX,KF201J,Volkswagen,Tiguan,2026,Used,Hybrid,Manual,Beige,34879,8782000,1800
VEH-00183,K2L0X2FV5Y112FTCM,KJ857Z,Mazda,CX-3,2019,Used,Diesel,Manual,Red,74130,1906000,1800
VEH-00184,Y1G5TMRMFFAGLTYKV,,Honda,Civic,2020,New,Petrol,CVT,Black,0,5371000,1500
VEH-00185,0UP7D836KVC9RBVZK,KH329W,Honda,Civic,2020,Used,Electric,Manual,Grey,101890,1551000,3000
VEH-00186,85SRV9GGUPV6NJ3N3,,Isuzu,D-Max,2012,New,Petrol,Automatic,Grey,0,3244000,2000
VEH-00187,L403WD790UD4HM094,KD576I,Mercedes-Benz,GLC,2010,Used,Diesel,Manual,Beige,17222,931000,3000
VEH-00188,ARY6S0CM8KJ6AWR2E,KG320V,BMW,X5,2010,Used,Petrol,CVT,Blue,5246,1055000,2000
VEH-00189,29W59B1W2CCPFG929,KC130U,Volkswagen,Jetta,2024,Used,Hybrid,CVT,Black,11640,2121000,2000
VEH-00190,Z3NS4GLFRJCJGMYCR,KB636I,Honda,Civic,2020,Used,Petrol,CVT,White,25067,5863000,1000
VEH-00191,9ALL3VNCFYTU9DZFN,,Isuzu,MU-X,2011,New,Petrol,Automatic,Silver,0,9283000,1300
VEH-00192,883LKMFU6TW9777VN,KH219V,BMW,3 Series,2009,Used,Diesel,Automatic,Grey,76672,3460000,2000
VEH-00193,BB9S4Y1W4DY7V0U1Y,,Ford,Fusion,2023,New,Petrol,Manual,Beige,0,4591000,1500
VEH-00194,TTLSNT2KZB4GC61VF,KF856B,Nissan,Navara,2020,Used,Petrol,Manual,Blue,88710,1210000,2400
VEH-00195,ZRT5TZBHSGHL0TVXB,,Volkswagen,Tiguan,2025,New,Petrol,CVT,Black,0,8124000,1800
VEH-00196,NH7PFWXJ7Z06L8Y7P,KA525N,Toyota,Camry,2018,Used,Petrol,Manual,Beige,313,4930000,1800
VEH-00197,RYHYD6TGL8JZ7PUKV,,Subaru,Impreza,2020,New,Petrol,Manual,Green,0,7635000,1500
VEH-00198,9SDH4G23HXREWB72G,,Honda,HR-V,2023,New,Petrol,Automatic,White,0,5547000,1000
VEH-00199,S6BN8THXM0AR4WKFV,KF158D,Ford,Explorer,2016,Used,Diesel,Automatic,White,32169,1655000,1300
VEH-00200,DHNV32DHXVCY77YKX,,Mitsubishi,Pajero,2019,New,Petrol,CVT,Grey,0,8762000,3000
VEH-00201,S7FUMEYF896NA3ES0,KJ972H,Subaru,Forester,2019,Used,Electric,Manual,Red,24312,3794000,1500
VEH-00202,RNMLP0GHGG5YX6V2P,KE318M,Hyundai,i10,2021,Used,Petrol,Manual,Beige,11302,3496000,1800
VEH-00203,VFNUFRZNZK1VFP2GP,,Subaru,Forester,2009,New,Petrol,CVT,Silver,0,4033000,3000
VEH-00204,A75LC7M18LCXL6RMF,KE203Z,Mazda,Mazda3,2011,Used,Diesel,Manual,Silver,5745,768000,2400
VEH-00205,X0K4JD87DB6SS2W9M,,Honda,HR-V,2021,New,Petrol,CVT,Silver,0,5833000,3000
VEH-00206,96CEKNE93Z8L08CW3,,Toyota,Hilux,2026,New,Petrol,CVT,Green,0,4050000,1300
VEH-00207,U7T6BHLRRB12SCVE9,KA852S,Mazda,CX-3,2014,Used,Petrol,Automatic,Grey,18535,3775000,3000
VEH-00208,ZM352PM80VTJ77CYL,KJ216A,Hyundai,i10,2009,Used,Diesel,Manual,Grey,128840,1387000,1200
VEH-00209,HCC01M6CW88XLYXBE,,Ford,Explorer,2010,New,Hybrid,Manual,Silver,0,7923000,1200
VEH-00210,HBCLUSG9WGKZ5CGAF,KD369E,Mitsubishi,Outlander,2008,Used,Hybrid,CVT,Grey,17567,2780000,1200
VEH-00211,1HP4KPYHJMHA6ZKFC,,Mitsubishi,Outlander,2014,New,Petrol,CVT,White,0,3896000,2400
VEH-00212,CW7MZZCJ4R1ST2L9G,KC143W,Honda,Fit,2008,Used,Petrol,Automatic,Beige,32915,2743000,2000
VEH-00213,1N853N5ENR36E8HAS,KE445G,Hyundai,i10,2022,Used,Petrol,Automatic,Silver,54633,1818000,1800
VEH-00214,0R8F8B8CLSKH83PAL,,Mercedes-Benz,GLC,2015,New,Petrol,CVT,Blue,0,6290000,2400
VEH-00215,035N9CRPGLH5L792V,KF815G,Subaru,Impreza,2012,Used,Hybrid,Automatic,Grey,20338,1625000,1500
VEH-00216,L6NELUS681CNG20N2,KH352H,Volkswagen,Polo,2026,Used,Diesel,Automatic,Red,160550,1363000,3000
VEH-00217,9WU4Y8WD11G3K3P4A,KE309E,Mercedes-Benz,E-Class,2016,Used,Petrol,Manual,Green,147690,2106000,1200
VEH-00218,VW2DKK0RFE8E5VNL0,KJ126U,Mazda,Mazda6,2012,Used,Petrol,Automatic,Green,13052,1762000,1300
VEH-00219,V6B0ECCFU8H19MP1T,,Mazda,Mazda3,2017,New,Petrol,CVT,Green,0,7546000,2400
VEH-00220,GF25HBZAY0SB288EL,KG874U,Mitsubishi,Outlander,2025,Used,Diesel,Manual,Blue,30944,7549000,3000
VEH-00221,GBHTMC6T4PFAXXJNN,KD872T,Toyota,Prado,2021,Used,Petrol,Manual,Red,16106,1076000,1800
VEH-00222,WYTPGB315GV14Z63M,KA763U,Hyundai,Elantra,2017,Used,Petrol,Automatic,Grey,15086,2271000,1000
VEH-00223,MT00SN17SW3Z7CDAB,KA977A,Nissan,Altima,2014,Used,Hybrid,Manual,Blue,1691,3367000,3000
VEH-00224,Y91NKYKBDES797DY8,,Hyundai,Tucson,2011,New,Diesel,Automatic,Silver,0,3006000,1000
VEH-00225,WVJ0S1FCZAT4P9WBC,KE826J,Honda,Civic,2015,Used,Diesel,Manual,Blue,42322,3454000,1000
VEH-00226,39BV5V0301KCN4UN6,,Isuzu,MU-X,2014,New,Diesel,CVT,Silver,0,4958000,2000
VEH-00227,PSMK31TUMRW6LMS15,KC143K,Mitsubishi,L200,2019,Used,Petrol,CVT,Silver,31433,3519000,2000
VEH-00228,34P469UUVJV81Z2TL,,Mercedes-Benz,E-Class,2026,New,Diesel,Automatic,Green,0,8047000,2400
VEH-00229,1DYR46GA3TDEC8HP4,KJ753D,Volkswagen,Jetta,2019,Used,Electric,Manual,White,2378,4042000,1000
VEH-00230,2CJ8PMP0KNGRWSXBT,,Toyota,RAV4,2011,New,Petrol,Automatic,Red,0,8143000,1000
VEH-00231,DZXM9TABT6SUC007S,KF347T,Nissan,Navara,2020,Used,Electric,Manual,Red,14698,4901000,1800
VEH-00232,AE527RTS0N7YBW0T6,KE974F,Mercedes-Benz,GLE,2014,Used,Petrol,CVT,Red,107498,799000,2400
VEH-00233,JN1YFNKH5WT038DFE,,Honda,Accord,2010,New,Electric,CVT,White,0,5279000,3000
VEH-00234,6NUPBR0CC5YSTJ7EA,,BMW,X3,2021,New,Petrol,Manual,Grey,0,5605000,3000
VEH-00235,9YWDBGK1NNTAUJUL3,,Isuzu,MU-X,2025,New,Petrol,Manual,Beige,0,1761000,1500
VEH-00236,FVX5CZ5E2S9CFXPX7,KE516B,Volkswagen,Polo,2023,Used,Diesel,Manual,Red,12323,1665000,2400
VEH-00237,4H6S8TP5XHUTCWPV0,KC891U,Toyota,Camry,2019,Used,Petrol,Automatic,Green,7043,3647000,1800
VEH-00238,LL8TN5ZZ7WYVSDTMU,KB357U,BMW,X3,2017,Used,Petrol,Automatic,Blue,30252,2888000,1500
VEH-00239,9GMZKWZGX23ZGZ0VG,KH695Q,Mazda,CX-3,2015,Used,Petrol,CVT,Blue,190981,1649000,1500
VEH-00240,3NN07SMJCENVNC3JT,,Volkswagen,Jetta,2018,New,Hybrid,CVT,Blue,0,6631000,2400
VEH-00241,9WSNDFM3B4KVJ27ZG,KA110D,Volkswagen,Tiguan,2009,Used,Petrol,CVT,Blue,12471,2588000,1800
VEH-00242,VJV4FVLH34GX8D19J,,Hyundai,Tucson,2015,New,Petrol,Manual,Grey,0,6264000,2400
VEH-00243,FHDHLWWNHDC0R1NXN,KJ883I,Volkswagen,Passat,2022,Used,Petrol,CVT,Beige,50181,6598000,2400
VEH-00244,X4XN0W0N3GLPJKHWS,,Mercedes-Benz,GLC,2018,New,Petrol,CVT,Grey,0,5458000,1200
VEH-00245,NT07CJHN9SF5YW349,KF149Y,BMW,3 Series,2020,Used,Petrol,CVT,Silver,64524,2698000,1200
VEH-00246,UJEER5GPFC5XV2551,,Subaru,Outback,2025,New,Petrol,Automatic,Green,0,1865000,1300
VEH-00247,CD3FES20F7JA52TAT,KA503E,Volkswagen,Golf,2014,Used,Petrol,Automatic,Silver,12209,739000,1300
VEH-00248,SS00FWB9EKUT1V06S,KJ462Z,Volkswagen,Jetta,2019,Used,Diesel,CVT,Green,58623,2055000,1800
VEH-00249,EBC94D6NKAT1H21RW,KC764Z,Mercedes-Benz,GLE,2013,Used,Petrol,Manual,Silver,20633,2157000,1000
VEH-00250,0NGE8JEYDNM765CK4,KJ588B,Volkswagen,Polo,2016,Used,Hybrid,Automatic,Black,45022,2045000,2000
VEH-00251,AD1VBTXNRMXMLN3W6,KH543Y,Mazda,CX-5,2017,Used,Petrol,CVT,Black,45172,1192000,1300
VEH-00252,JE7DNPBK8GVP4FVJ7,KA167F,Hyundai,Santa Fe,2022,Used,Hybrid,Automatic,Beige,34532,4962000,1200
VEH-00253,DZ3M1NS8WV61XLFZ0,KJ798I,Volkswagen,Polo,2013,Used,Diesel,Manual,Grey,4258,2136000,1000
VEH-00254,K99BW3J4V4H8SFDUM,,Hyundai,i10,2016,New,Diesel,Automatic,Red,0,5468000,1800
VEH-00255,7CL6R3FSB7DH6T8WP,KD393H,Honda,Accord,2013,Used,Diesel,Manual,Red,81164,3663000,1300
VEH-00256,DC1ER6730FBSBK4Z7,KF782S,Subaru,Forester,2026,Used,Petrol,Manual,Blue,17406,1895000,2000
VEH-00257,X4GFN9DWXU4KCXJY0,,Honda,Civic,2026,New,Petrol,CVT,Grey,0,1531000,1800
VEH-00258,SR8LY3P734YGS0BB5,KC210O,Toyota,Hilux,2018,Used,Petrol,CVT,Black,9289,3655000,1800
VEH-00259,REY8VW7GSBFGCB5JG,,Mazda,CX-3,2026,New,Petrol,CVT,Green,0,5240000,2000
VEH-00260,PL7V0A28PT9E6HW86,KC527B,BMW,5 Series,2018,Used,Diesel,CVT,Red,1873,3710000,2000
VEH-00261,28GEZ51KNUW7G21B8,,Subaru,Forester,2018,New,Diesel,Automatic,Beige,0,5250000,1000
VEH-00262,8C4PS6V74HJ653ZWP,KA643H,Nissan,Note,2008,Used,Petrol,Automatic,Grey,40220,2584000,2400
VEH-00263,3U68A51232YTWUV25,KG674X,Toyota,Hilux,2009,Used,Petrol,CVT,Grey,50933,3172000,1000
VEH-00264,8AE1JYZP6GFD7LUVC,,Isuzu,MU-X,2010,New,Electric,Manual,White,0,3260000,1500
VEH-00265,MT4UTSX2MDF3UJA73,,Honda,CR-V,2013,New,Diesel,Manual,Black,0,4986000,1300
VEH-00266,US7XA53R32PFXSW09,KD954V,Ford,Explorer,2013,Used,Hybrid,Automatic,Beige,752,2794000,2400
VEH-00267,RAM97YP485C4WVDET,KJ843Y,Mazda,CX-3,2014,Used,Petrol,CVT,White,32293,602000,2000
VEH-00268,BD7Y9Z39K599NT1PA,KE435F,Volkswagen,Tiguan,2025,Used,Diesel,Manual,Black,11557,3442000,2000
VEH-00269,6GH3HK4VU53VWZKVK,KG870B,Honda,Civic,2016,Used,Petrol,Automatic,Black,46625,1548000,2000
VEH-00270,8A6B3PDF86JMG70D3,,Nissan,Altima,2012,New,Petrol,CVT,Silver,0,9161000,1300
VEH-00271,AUK32GVBGZGUMPW7K,,Mitsubishi,L200,2024,New,Petrol,Manual,Green,0,4622000,1800
VEH-00272,W1ZW3W8J0HJBCP8KD,KA767G,Isuzu,MU-X,2008,Used,Diesel,CVT,White,8622,1841000,2400
VEH-00273,025LPYZRGXGM55YT8,KG150I,Honda,CR-V,2014,Used,Petrol,Automatic,Silver,52839,973000,1000
VEH-00274,P6EKRA2UWMYRZKSNF,KD548E,Toyota,Prado,2022,Used,Petrol,Manual,Beige,22003,2212000,2400
VEH-00275,D0UZJY31AV6HK32ZV,KJ287U,Volkswagen,Jetta,2024,Used,Petrol,CVT,White,124215,2124000,1300
VEH-00276,AGDL2J3WXZ8VMNX6L,KF465P,Toyota,RAV4,2025,Used,Diesel,CVT,Red,6657,3819000,3000
VEH-00277,D6H5GP9CZ9RE1HDJ7,,Volkswagen,Polo,2025,New,Petrol,Automatic,Beige,0,1840000,1500
VEH-00278,33UX2BZUYZA43HPLC,KD689I,Honda,CR-V,2015,Used,Petrol,CVT,Red,18770,794000,2000
VEH-00279,XAKFF11GGESYHED7G,KE954V,BMW,5 Series,2008,Used,Petrol,CVT,Black,5419,3771000,1300
VEH-00280,UZ6D2GFDH3JUVZ876,,BMW,X5,2008,New,Hybrid,Automatic,Beige,0,1495000,1300
VEH-00281,RX3KJH12APNU75DZ6,,Subaru,Outback,2026,New,Petrol,CVT,Black,0,4967000,3000
VEH-00282,53HB5UCUCUDJV4BT4,KC922Z,Hyundai,Tucson,2009,Used,Petrol,CVT,Black,116378,2289000,1300
VEH-00283,V1LFK4A222Z50CF1Y,KB184W,Subaru,Forester,2010,Used,Petrol,Manual,Beige,94425,2607000,2000
VEH-00284,MND7Y1JC3WWST7CF2,KJ736Z,Toyota,Yaris,2008,Used,Petrol,Automatic,Beige,13424,3797000,1000
VEH-00285,BY6NYC0KENEP3T9NB,,Mercedes-Benz,GLE,2022,New,Petrol,Manual,Green,0,6227000,1000
VEH-00286,HWXSM92285UEC375J,,Mercedes-Benz,C-Class,2023,New,Petrol,CVT,White,0,2944000,1800
VEH-00287,T7UN2UCJFCZXKFVZ1,KG404F,Isuzu,MU-X,2013,Used,Petrol,Automatic,Silver,48544,2069000,2000
VEH-00288,L2C54K9NM125BPHZM,KC400G,Mitsubishi,L200,2024,Used,Electric,CVT,White,76476,1824000,1200
VEH-00289,5T8U7AHDH0U4K0EX0,KF138J,BMW,X5,2017,Used,Diesel,Manual,Blue,36455,1632000,1500
VEH-00290,M4JL0PHEDDWU02UXG,KB746V,Volkswagen,Passat,2014,Used,Petrol,Manual,Silver,33942,3245000,2400
VEH-00291,5087XT2LNSTPV56AG,,Isuzu,MU-X,2015,New,Diesel,Manual,Black,0,4611000,2000
VEH-00292,UAZMYT14W8676ZNXM,,Hyundai,Elantra,2025,New,Hybrid,Manual,Blue,0,6210000,1200
VEH-00293,KHUMAE9G3FHWEHKMC,,Honda,HR-V,2026,New,Petrol,Manual,Blue,0,5723000,1300
VEH-00294,A3H7R81UD1R4785B6,KF499M,Mercedes-Benz,GLE,2009,Used,Hybrid,Manual,White,12459,2596000,2400
VEH-00295,H82JMBRVRDXT2YEGU,,Ford,Ranger,2010,New,Petrol,CVT,White,0,7451000,1200
VEH-00296,92MH571UPGYXEDNZA,,Volkswagen,Tiguan,2025,New,Diesel,CVT,Red,0,5628000,1200
VEH-00297,0RJ3PWV8PX35Y4Y21,,Nissan,Note,2026,New,Diesel,Automatic,Black,0,1332000,1800
VEH-00298,8JLDATLX9GFGG24KE,KG513S,Ford,F-150,2019,Used,Diesel,Manual,Green,4397,3794000,1000
VEH-00299,SP6YFHV9HXLY6Y6UY,KJ875A,Mercedes-Benz,GLE,2012,Used,Diesel,Automatic,White,102380,875000,2000
VEH-00300,XMV5EWMZRJ2NNPC4A,KH928N,Hyundai,Elantra,2012,Used,Petrol,CVT,Silver,103804,2380000,1500
VEH-00301,1JGJUH3LTXBA8SHA5,,Mercedes-Benz,GLC,2026,New,Petrol,Automatic,Green,0,8950000,1200
VEH-00302,CGX44A8NBYCXC1BPF,KJ300S,Toyota,Corolla,2020,Used,Hybrid,CVT,Green,45120,1171000,1300
VEH-00303,J6RWNB8602PEEA31T,,Toyota,Prado,2019,New,Diesel,Automatic,Green,0,3547000,1000
VEH-00304,A7ZJ9GRCE7M7G7PS7,KH110G,Ford,F-150,2010,Used,Diesel,Manual,Black,18632,1364000,1200
VEH-00305,1HTZETVMEHCZKJB85,KF148E,Subaru,Impreza,2008,Used,Hybrid,Automatic,White,19330,1214000,1200
VEH-00306,RZ4PU761TT7C4Y56W,KC204U,Hyundai,Santa Fe,2017,Used,Petrol,CVT,Green,58250,1465000,1300
VEH-00307,2ZR25H4JDUU9PMVR1,KH904W,Subaru,Outback,2018,Used,Diesel,CVT,Green,102334,2767000,2400
VEH-00308,P7HP2E3NAUC4FXLF9,KF115Y,Isuzu,D-Max,2022,Used,Petrol,Automatic,Black,98150,1301000,1800
VEH-00309,7CVLPSWBW2JRXKVAF,KA971K,Hyundai,Tucson,2010,Used,Diesel,CVT,Grey,68110,3064000,2400
VEH-00310,YKW4XVCCMXT81BYD7,KD657M,Mitsubishi,L200,2016,Used,Petrol,Automatic,Grey,46228,1459000,1300
VEH-00311,CX0YSXTU5VRT44EUG,,Toyota,Land Cruiser,2022,New,Electric,Manual,Red,0,7745000,1000
VEH-00312,JA6M9NXZVBEKU2MNJ,KJ502O,Hyundai,Tucson,2015,Used,Diesel,Manual,Silver,3955,2814000,2000
VEH-00313,8Z1434H8V6VDPJZ7G,KF839P,Subaru,Forester,2013,Used,Petrol,Automatic,Green,7933,2607000,1300
VEH-00314,5HU2NH9TVNN8TJN5L,KF874P,Subaru,Impreza,2020,Used,Diesel,Automatic,Blue,102970,1958000,1500
VEH-00315,564C47WFG4MH3CNPC,KE564D,Toyota,Camry,2017,Used,Petrol,Automatic,Grey,41962,1015000,1200
VEH-00316,3S4UHR5B8J40YD83B,KF281O,Volkswagen,Passat,2019,Used,Petrol,CVT,Black,415,1739000,3000
VEH-00317,JE4U5MFEL33RBL2T3,KH651O,Mercedes-Benz,C-Class,2012,Used,Petrol,Manual,Silver,4814,503000,3000
VEH-00318,6KX1PN524KTLXDCZ9,,Mitsubishi,Pajero,2024,New,Petrol,Manual,White,0,7414000,1000
VEH-00319,YH8E56435CAMBGXVG,KB390J,Ford,Explorer,2019,Used,Petrol,CVT,Green,49012,3549000,2400
VEH-00320,59HRYR8YEANU1FNG8,,Subaru,Outback,2023,New,Petrol,Manual,Black,0,9279000,1300
VEH-00321,5YXXB16UPTGVMU2P0,,Volkswagen,Golf,2012,New,Diesel,Manual,Silver,0,2401000,2000
VEH-00322,MXSN58LXT2ZR6V1NV,,BMW,X5,2018,New,Petrol,Automatic,Black,0,9365000,3000
VEH-00323,R0HVWG4AFF87HPFDR,KF773S,Ford,Focus,2022,Used,Petrol,Automatic,Grey,228,2176000,1300
VEH-00324,835UL8JE0S1TFNJAL,KE691Z,Volkswagen,Passat,2018,Used,Electric,Automatic,Black,7889,3688000,1300
VEH-00325,RFLZW270H03E88UEA,,BMW,X5,2008,New,Diesel,Manual,Silver,0,2662000,2000
VEH-00326,6JVX86UTVMG10NTGY,,Hyundai,Elantra,2025,New,Petrol,Manual,White,0,1516000,1500
VEH-00327,Y35VDC4FG165AEW21,,Toyota,RAV4,2017,New,Diesel,Automatic,White,0,4454000,1200
VEH-00328,1GXGAPSGWD8EBEFGD,,Nissan,X-Trail,2023,New,Diesel,CVT,Beige,0,8480000,2400
VEH-00329,1CDPEFD0R0Y727GX1,,BMW,5 Series,2009,New,Petrol,CVT,Grey,0,7671000,2400
VEH-00330,FYYKUE2FCAVPU75WL,KC253T,Hyundai,Santa Fe,2014,Used,Petrol,Manual,White,35806,2696000,1500
VEH-00331,331A70VM2W42HREG7,KJ434R,Mitsubishi,Pajero,2019,Used,Petrol,Automatic,Silver,52979,4781000,1500
VEH-00332,FESBEXSVKFXR0CRWP,KC229J,Toyota,RAV4,2010,Used,Petrol,Manual,Red,47494,3092000,2000
VEH-00333,5BBAM68V2RP2XNW2M,,Nissan,X-Trail,2008,New,Petrol,Manual,Grey,0,7159000,1800
VEH-00334,SABBD2EG31PHRK8TP,KA657A,BMW,3 Series,2012,Used,Petrol,CVT,Red,11427,1323000,3000
VEH-00335,DMCCTPDB0L83K98TG,,Honda,Accord,2026,New,Petrol,Manual,Grey,0,7238000,1000
VEH-00336,5ZR0WTGVM932XF377,,Toyota,Land Cruiser,2021,New,Diesel,Automatic,Green,0,5660000,1300
VEH-00337,40SB9PRLLW13BWYEJ,,Honda,CR-V,2026,New,Petrol,CVT,Blue,0,3218000,1500
VEH-00338,0ZVLZ0LFJXBWYWT72,KJ604U,Mercedes-Benz,C-Class,2026,Used,Petrol,Manual,Grey,56043,8397000,3000
VEH-00339,W1D68ET8TVJ42RGZU,KE696S,Subaru,Forester,2011,Used,Hybrid,CVT,Beige,12187,1763000,1000
VEH-00340,9YASU4UFCBFYA3XD7,KJ918C,Honda,CR-V,2013,Used,Petrol,CVT,Beige,17713,3326000,1300
VEH-00341,4TWKYB4CVPJUFD86U,KD684O,Honda,Civic,2022,Used,Electric,Automatic,Beige,61756,5572000,1000
VEH-00342,UPLY4FGVKP2Z7TT3J,KC714V,Mercedes-Benz,E-Class,2009,Used,Petrol,CVT,Silver,47194,1351000,3000
VEH-00343,7SXJWHD6CWDRTVJTZ,KJ671H,Mitsubishi,Pajero,2026,Used,Petrol,Automatic,Red,85138,6823000,1200
VEH-00344,670KXNJJXARLCAVDE,,BMW,X5,2013,New,Electric,Automatic,Grey,0,1579000,2400
VEH-00345,882JPZHBR9PE9UWCA,,Nissan,Sentra,2025,New,Diesel,Manual,Blue,0,5416000,1200
VEH-00346,JY9YF4GPHSPAGJ7LT,KG440Y,Volkswagen,Golf,2026,Used,Diesel,Manual,Silver,48231,7280000,2000
VEH-00347,XRY50K2P4S167CU0W,,Nissan,Note,2023,New,Diesel,CVT,White,0,2245000,1000
VEH-00348,CJU924X7X8VXU3J9P,,Hyundai,i10,2025,New,Diesel,Automatic,Blue,0,3477000,2400
VEH-00349,JLYDX0ZBZSM0NZMCC,,Subaru,Forester,2010,New,Diesel,Manual,Grey,0,6135000,2400
VEH-00350,0ETJNBTBWYKEUWFKN,,Volkswagen,Polo,2018,New,Petrol,Automatic,Green,0,9386000,2400
VEH-00351,JA3LPN1M6V2LLH23A,,BMW,X5,2009,New,Petrol,Automatic,Blue,0,4856000,2400
VEH-00352,0BPMXHBZZFGFK83R6,KH418M,Hyundai,Tucson,2013,Used,Petrol,Automatic,Black,37801,1609000,2400
VEH-00353,9D753J3Y9A6UDW9ST,,Toyota,Corolla,2010,New,Diesel,Manual,Black,0,7149000,1300
VEH-00354,67KE035YREDFGJ16M,KG454W,Subaru,Outback,2019,Used,Diesel,Automatic,White,4426,4518000,3000
VEH-00355,8FEZZHLJ39JB8JYKS,KC990G,Mercedes-Benz,GLC,2013,Used,Diesel,Manual,Black,20628,1368000,1300
VEH-00356,X19ZX3CR22JKY1TB5,,Volkswagen,Passat,2022,New,Diesel,Automatic,Silver,0,5707000,1200
VEH-00357,3C284J0GN99LU4J6L,KD412A,BMW,X3,2008,Used,Petrol,CVT,Black,13867,684000,1200
VEH-00358,TCR9KJZMJBU46ZSXR,KJ209A,Mitsubishi,Pajero,2022,Used,Diesel,CVT,Red,12586,2739000,1500
VEH-00359,TY513VRWTF6ZC9LWE,KH207I,Isuzu,D-Max,2012,Used,Diesel,CVT,Silver,162553,3702000,1800
VEH-00360,1W1NJJ64YWFHVD99Y,KH130M,Hyundai,Tucson,2009,Used,Hybrid,Manual,Grey,22472,3372000,1300
VEH-00361,FD3AH6AZNRD7TXZV3,KH832M,Mercedes-Benz,C-Class,2026,Used,Petrol,CVT,Black,100172,2979000,1800
VEH-00362,C06KLJ8W12K22VELP,KF952V,Volkswagen,Tiguan,2020,Used,Diesel,Manual,White,44880,2318000,1500
VEH-00363,7A3KL1N4L6BR6NJC6,KG479J,Mitsubishi,Outlander,2022,Used,Hybrid,CVT,Black,71272,3489000,1500
VEH-00364,P37JXBXNVGPGVN0VP,KG721O,Nissan,Altima,2022,Used,Diesel,CVT,Grey,31429,1553000,2400
VEH-00365,YTXNNWFRCRNZHACR0,KF565U,Mercedes-Benz,C-Class,2023,Used,Petrol,CVT,Silver,38707,5676000,2400
VEH-00366,29V782MT9DTKC1TNG,KB198R,Toyota,RAV4,2010,Used,Diesel,CVT,Silver,30523,500000,1800
VEH-00367,RFE8MWR367J1JE4MK,KH953B,Honda,HR-V,2026,Used,Petrol,CVT,Silver,9774,2356000,1000
VEH-00368,TAV7BXH0MKBF4K59T,KJ725K,Subaru,Impreza,2012,Used,Hybrid,Automatic,White,57679,1712000,1000
VEH-00369,3GZ0HEPN773NSBMV0,KA193D,Honda,Fit,2024,Used,Diesel,Manual,Silver,14830,7791000,3000
VEH-00370,1BM85R4EBS3WZAS64,,Honda,Civic,2018,New,Diesel,CVT,Blue,0,1878000,2000
VEH-00371,3UPVH5MWKSD4CX079,KD924J,Mitsubishi,Pajero,2015,Used,Diesel,Manual,Grey,1107,953000,1200
VEH-00372,2YPZC6H63MJ24M7PB,,Toyota,RAV4,2018,New,Hybrid,CVT,Green,0,4151000,1000
VEH-00373,H0JKUGLF3N968K7UL,,Mitsubishi,Pajero,2022,New,Petrol,Automatic,Blue,0,5797000,1000
VEH-00374,C8FV1AB76LBXLA9DH,KB202O,Hyundai,Santa Fe,2022,Used,Diesel,Automatic,Black,46663,3159000,1000
VEH-00375,ZB0FA0NH370CFACER,KF903Z,Ford,Explorer,2017,Used,Hybrid,Automatic,White,8772,2270000,1000
VEH-00376,M576M3ZWR6MRB4DRG,,Ford,Ranger,2009,New,Petrol,CVT,White,0,2131000,2000
VEH-00377,AH1CAN8X92AZWAM75,KG146Q,Mitsubishi,L200,2026,Used,Diesel,Automatic,Black,126948,6602000,1200
VEH-00378,MX68M2JNVEMCB8VWY,KG684N,Mercedes-Benz,GLC,2011,Used,Hybrid,CVT,White,138490,2674000,1200
VEH-00379,269TZE6HG4L095ANS,KC442K,Mercedes-Benz,GLE,2022,Used,Petrol,Manual,Red,110857,1193000,1000
VEH-00380,J6GDUGCG80E3L5C1B,KA758N,Honda,Fit,2014,Used,Diesel,Manual,Red,20802,1531000,1500
VEH-00381,TJE6CNHE7KZ87S19V,KJ561K,Toyota,Prado,2025,Used,Hybrid,Manual,Black,700,4393000,1300
VEH-00382,FB8HZ636ENUCSSAWA,KH217C,Subaru,Outback,2026,Used,Diesel,Manual,Grey,118598,3815000,1000
VEH-00383,D30FM72U70ZVR2TGN,KJ663C,Ford,Fusion,2021,Used,Diesel,Automatic,Beige,25152,1828000,3000
VEH-00384,0127S205C9XF6SFTL,KE987B,Ford,Focus,2020,Used,Diesel,CVT,Silver,153037,1007000,1300
VEH-00385,VXUX4HYFJKTKGE1UD,,Mitsubishi,Pajero,2013,New,Petrol,Automatic,Grey,0,2690000,1000
VEH-00386,GB7ZHE0T5E5J0B2ED,,Isuzu,D-Max,2008,New,Petrol,Manual,Green,0,6519000,1800
VEH-00387,B0W7RSPWXH2ZY9CZ3,KB580J,Hyundai,Tucson,2008,Used,Petrol,CVT,White,149118,3248000,1300
VEH-00388,2J414CNFV3GDTTNVN,,Subaru,Outback,2024,New,Diesel,Automatic,Beige,0,9120000,1000
VEH-00389,V3MBW22KB8NGL20VM,KE762T,Hyundai,Tucson,2020,Used,Petrol,Automatic,Grey,86282,1220000,1300
VEH-00390,DKEHPE4MYZJEZ5X8U,KH708V,Ford,Ranger,2012,Used,Diesel,CVT,Green,15694,3279000,1300
VEH-00391,CWZJGMHE8989GNBUH,KE307B,Isuzu,D-Max,2017,Used,Diesel,Manual,Black,21883,3296000,1200
VEH-00392,N0NS17VJLRW63J26X,KD469H,Mitsubishi,Pajero,2024,Used,Petrol,CVT,Beige,85712,1263000,1800
VEH-00393,CGKCMNU6V777LCM2W,KF905L,Hyundai,i10,2024,Used,Diesel,Automatic,Blue,17151,7012000,3000
VEH-00394,9EN09JN7K98YWJ683,,Ford,Focus,2015,New,Petrol,Automatic,Blue,0,8499000,1500
VEH-00395,YSD66AY1TUMF7C1R7,KJ387K,Mitsubishi,Outlander,2022,Used,Petrol,Automatic,Blue,8357,2315000,1300
VEH-00396,YZBTYFY3AU354HRRW,,Hyundai,i10,2016,New,Petrol,Automatic,Green,0,6907000,1500
VEH-00397,C47XMFRUA7LU9B7SZ,,Volkswagen,Polo,2008,New,Diesel,Manual,Blue,0,8842000,1300
VEH-00398,WHV32HP3ZTFBENM0U,,Mazda,Mazda6,2014,New,Petrol,CVT,White,0,1422000,1300
VEH-00399,ENX45Z7EEZ3HX6WFK,KH807W,Subaru,Outback,2023,Used,Diesel,Manual,Red,36618,3350000,1500
VEH-00400,MBP6VSTNT8234GBAE,KG202L,Ford,Fusion,2021,Used,Diesel,CVT,Grey,123808,3819000,1300
VEH-00401,X72UJPGRJE9899EF0,KA749D,Mitsubishi,Outlander,2023,Used,Diesel,Automatic,Blue,53587,6775000,1300
VEH-00402,MBG69MNBN4X05J5DB,,Mazda,CX-5,2013,New,Petrol,Automatic,Blue,0,9239000,1200
VEH-00403,582YLAYHNPB2YH4SN,KB421X,Volkswagen,Golf,2023,Used,Petrol,Automatic,White,37985,2560000,2000
VEH-00404,7YNR0CV7MRA7D0WGL,,Mazda,CX-3,2026,New,Petrol,Automatic,Silver,0,2662000,1000
VEH-00405,RFAXYD1CL8V1R8PUY,,BMW,3 Series,2012,New,Petrol,CVT,Beige,0,2615000,1500
VEH-00406,H39GRN2SMWUXYPHYG,KE307D,Honda,Accord,2021,Used,Diesel,CVT,Green,4600,3681000,2000
VEH-00407,0WMHEFWMAM3JKY3KA,KA101E,Nissan,X-Trail,2008,Used,Petrol,CVT,Beige,42953,2735000,2400
VEH-00408,TKRRL8PG6R9JLAJLH,KD138S,Nissan,Note,2025,Used,Diesel,Automatic,Green,207475,4560000,1300
VEH-00409,VMVNLBNSANDUSZRHC,,BMW,X5,2010,New,Petrol,Automatic,Red,0,6527000,2400
VEH-00410,KLJ671LJC6XP7W1J0,KE382S,Mazda,CX-3,2021,Used,Petrol,Manual,Blue,6791,2296000,2400
VEH-00411,YVEBLPWS79ZU2U5JJ,KB108Y,Nissan,Altima,2024,Used,Diesel,Manual,White,32872,7233000,1300
VEH-00412,6UGX2NSW5EJBKRL7E,KD680B,Honda,Fit,2009,Used,Diesel,Manual,Red,94437,1491000,1200
VEH-00413,LNM0NLMZSA89CVHC0,KJ405G,Ford,Focus,2014,Used,Petrol,Automatic,Green,60751,2028000,2400
VEH-00414,VBG6GP71BJLKJGDKY,,Volkswagen,Golf,2010,New,Diesel,Automatic,Green,0,5747000,1000
VEH-00415,E5NWB6YY9RKSGBGLF,KJ912Z,Toyota,Land Cruiser,2018,Used,Diesel,Manual,Silver,53733,4538000,1300
VEH-00416,RM57FGUF3AALVDGAA,KD359N,Mercedes-Benz,GLC,2021,Used,Petrol,Manual,Black,54552,1904000,2400
VEH-00417,ESX1L6BKNB8FHW23F,KA321I,BMW,X3,2008,Used,Diesel,Manual,White,20047,1912000,1300
VEH-00418,3337ARFF3K6B307J6,,Mercedes-Benz,GLC,2022,New,Petrol,Manual,Beige,0,9355000,3000
VEH-00419,47GJNYH5R3SET7FLB,,Mazda,CX-3,2021,New,Electric,CVT,Red,0,7799000,2400
VEH-00420,18TXR2CGECBU8BZ9V,KA785C,Hyundai,Santa Fe,2016,Used,Petrol,Manual,Beige,15640,2912000,1800
VEH-00421,D9XZFL62TFETNJHRF,KF977J,Mitsubishi,Outlander,2015,Used,Petrol,Manual,Green,74581,1663000,1300
VEH-00422,N861AUG9KR6ATUTWL,KE575A,Hyundai,Santa Fe,2016,Used,Diesel,Manual,Red,74759,2648000,2400
VEH-00423,L3RJ0FRYF51PJRTLF,KF680E,Mercedes-Benz,GLC,2010,Used,Petrol,Manual,Green,90807,3416000,2000
VEH-00424,AN0FWDL57PBWLYWHJ,KC761N,Mercedes-Benz,C-Class,2012,Used,Petrol,CVT,Blue,110007,929000,1300
VEH-00425,JTYVDGDY2BJU50F4C,,Toyota,Hilux,2020,New,Hybrid,Manual,Silver,0,6764000,1200
VEH-00426,DNFRPTP6DWUJUN914,KA143Z,Mazda,CX-3,2024,Used,Petrol,CVT,Beige,32224,7578000,3000
VEH-00427,L1NP8PL1W0HYDE73F,KD287A,Isuzu,MU-X,2015,Used,Petrol,Manual,White,31328,2227000,1800
VEH-00428,9KTT620DSXF2WWXVU,KC626W,Ford,F-150,2016,Used,Petrol,CVT,White,72042,3150000,1000
VEH-00429,ZFAA71UGP5AXLFJUH,KA463R,Volkswagen,Polo,2021,Used,Diesel,Automatic,Silver,47237,5171000,1000
VEH-00430,FSRJH49G5XN38HS6C,KF750D,Toyota,Hilux,2020,Used,Hybrid,CVT,Green,54474,3088000,1300
VEH-00431,L2ACFTF60FZ51H6SW,,Hyundai,i10,2011,New,Hybrid,CVT,Beige,0,5832000,2000
VEH-00432,SNYPXNWA6UDYJ2XSR,KG219O,Mitsubishi,L200,2008,Used,Hybrid,CVT,Black,71487,3485000,2000
VEH-00433,JZMT1A010NZ4U2XM4,KC431O,Subaru,Forester,2026,Used,Petrol,CVT,Silver,99329,6596000,2000
VEH-00434,Y216WXRXEXP9L2VPA,KA666Z,Mazda,CX-5,2016,Used,Diesel,Automatic,Beige,18561,2588000,1800
VEH-00435,CT334DSKS8MPW3DN2,,Mercedes-Benz,GLC,2026,New,Petrol,Automatic,Blue,0,3514000,2000
VEH-00436,35LF49FESPKWC4FUJ,KJ206Y,Toyota,Yaris,2013,Used,Petrol,CVT,Grey,21192,2207000,1000
VEH-00437,VX1J59VP5A7RNAABM,KG878V,Mazda,Mazda6,2017,Used,Petrol,CVT,Red,4441,2639000,1500
VEH-00438,JV49Y6KRB277YUF53,,Toyota,RAV4,2020,New,Petrol,CVT,Grey,0,5880000,2400
VEH-00439,K8JW7NKMP6P7F8N2E,,Mazda,Mazda3,2009,New,Petrol,Automatic,Green,0,8909000,3000
VEH-00440,7FXLHXYRATSNUZLWW,KF274D,Ford,Explorer,2021,Used,Diesel,Manual,Grey,38853,1922000,2000
VEH-00441,LMD05WAJEGD572H2E,KH606F,Toyota,Hilux,2010,Used,Petrol,Automatic,Grey,1647,1445000,2000
VEH-00442,FZF4E5DDTTXRB7UYM,KB364O,Mercedes-Benz,GLC,2018,Used,Petrol,Automatic,Beige,28197,1370000,1500
VEH-00443,RU11D3SMK3VGK6GMT,KJ131H,Mazda,CX-5,2019,Used,Petrol,CVT,Grey,35203,2144000,2400
VEH-00444,UWG7TT63VMFUGKVGZ,,Honda,Civic,2014,New,Petrol,Manual,Beige,0,6605000,1800
VEH-00445,H32BT5MZGKNCS17WP,KB417H,Hyundai,Santa Fe,2014,Used,Petrol,Automatic,Silver,15193,2926000,1800
VEH-00446,BWWABBWMHA64ZMDCW,KJ397J,Hyundai,i10,2016,Used,Petrol,Automatic,Green,40213,1626000,1800
VEH-00447,74XSNF7N2TXV1EUDW,,Mitsubishi,L200,2024,New,Petrol,Manual,Beige,0,7501000,3000
VEH-00448,UGX56S71U7JLDJ7R2,KC635M,Mitsubishi,L200,2010,Used,Electric,Manual,Black,1393,1484000,1300
VEH-00449,MRU2WX94C8MA41X78,,Mitsubishi,Outlander,2008,New,Diesel,CVT,Silver,0,5418000,1200
VEH-00450,E57WH3C4LT11S12ZG,,BMW,X5,2026,New,Diesel,Manual,Black,0,3848000,1200
VEH-00451,8U59LYLE0BBU4350B,,Subaru,Impreza,2026,New,Petrol,Manual,Blue,0,3286000,1500
VEH-00452,M02TNP7CZTWVGHX0X,KJ429Y,Mitsubishi,Pajero,2014,Used,Diesel,Automatic,Black,1712,3519000,2000
VEH-00453,Y54HTGM5DKNZBETHT,KH128F,Isuzu,MU-X,2022,Used,Petrol,Automatic,Green,77820,1460000,2400
VEH-00454,C3J3ZC6XZ8L6M5XK4,,Toyota,RAV4,2015,New,Petrol,Automatic,Black,0,5572000,1000
VEH-00455,9AEPP7TDXZRUWW37V,,Volkswagen,Jetta,2025,New,Diesel,Manual,Green,0,5314000,3000
VEH-00456,T2KXRJL8D042U6ETR,KD121U,Hyundai,Santa Fe,2008,Used,Electric,CVT,Black,20096,1061000,1200
VEH-00457,GTUCTVR18HHP2R4D0,,Hyundai,Santa Fe,2009,New,Diesel,CVT,Black,0,9145000,2000
VEH-00458,UPM297C45HCBYREJK,KA157W,Volkswagen,Jetta,2021,Used,Diesel,CVT,Blue,6115,1934000,1200
VEH-00459,HVCX0L87EK8A1VENJ,,Subaru,Impreza,2013,New,Hybrid,Automatic,Grey,0,7750000,1300
VEH-00460,KEKJ6YHPD4BGNRZHS,KC659M,Ford,Explorer,2010,Used,Petrol,CVT,Silver,33239,3305000,1000
VEH-00461,3N30CMPUBMSLBTE8V,KA126Z,Ford,Focus,2009,Used,Petrol,CVT,Beige,66134,3095000,1200
VEH-00462,DUNBT6YTGA4L72139,,Volkswagen,Golf,2022,New,Petrol,Manual,Black,0,1985000,3000
VEH-00463,B942K26GEYAMHW1E1,,Toyota,Hilux,2016,New,Hybrid,CVT,White,0,4615000,1800
VEH-00464,XGGYMD7SCS40A9E84,KF698R,Nissan,Navara,2023,Used,Petrol,Automatic,White,10940,3569000,1300
VEH-00465,8U7D3UP1KXUPSR69Z,KC319O,Honda,Civic,2026,Used,Petrol,Manual,White,43884,3882000,1800
VEH-00466,H4VCVVTXVCKBV0U46,,Nissan,Navara,2016,New,Electric,Automatic,Silver,0,7485000,1500
VEH-00467,RR8TDVULRE5F9G0Z1,KA467K,Mazda,CX-5,2016,Used,Petrol,Manual,Grey,4014,2191000,1000
VEH-00468,JK0PHDAUV29ED3A85,KG681Y,Toyota,Corolla,2008,Used,Diesel,Manual,Grey,2387,1745000,1300
VEH-00469,4Z8WS0BA3MU4C57R9,KG350B,Isuzu,MU-X,2014,Used,Petrol,CVT,Blue,34105,2970000,1500
VEH-00470,48CD6LYVNJT28L9GJ,KA170L,Volkswagen,Polo,2011,Used,Petrol,Manual,Blue,35005,2906000,2400
VEH-00471,VWK6KPR0DVJYAE27Z,,Hyundai,Elantra,2022,New,Petrol,Manual,Grey,0,9114000,3000
VEH-00472,NBM6TZ6S3M9PF7MRA,,Subaru,Forester,2008,New,Petrol,CVT,Black,0,8672000,1300
VEH-00473,PCFXLVK5P6CWHJPBE,KD634E,Mercedes-Benz,GLC,2011,Used,Petrol,Manual,Black,45654,2784000,1300
VEH-00474,XCCA680A1RL8219JN,KA996J,Volkswagen,Passat,2026,Used,Diesel,Manual,Beige,58273,8961000,2400
VEH-00475,DCHN0398L4JM8C9UF,KF875D,Volkswagen,Tiguan,2020,Used,Diesel,Manual,Beige,167560,903000,1300
VEH-00476,P377285KC766PVT43,KE584O,Hyundai,i10,2008,Used,Diesel,CVT,Silver,32683,3323000,1000
VEH-00477,9DTTSKEH53LLP1NFD,,Isuzu,D-Max,2019,New,Petrol,CVT,Green,0,4663000,1800
VEH-00478,VF9YKK42D0TGVUSAZ,,Subaru,Outback,2019,New,Petrol,Manual,Red,0,3354000,1800
VEH-00479,WPAPJ2MDDBD3NG1C0,KD983A,Mercedes-Benz,E-Class,2010,Used,Petrol,Automatic,White,17550,1410000,1800
VEH-00480,8TD15N9GC0DR4X7BC,KE133A,Subaru,Outback,2024,Used,Petrol,Automatic,Black,71354,7137000,1500
VEH-00481,2VB1626F9M0990JWK,KH941Q,Honda,Fit,2011,Used,Petrol,Automatic,White,14213,2046000,1200
VEH-00482,U0A7VZ4UAES20S8DA,,Honda,Accord,2022,New,Diesel,Manual,Beige,0,4033000,1300
VEH-00483,JTDGMHRP56A3VZ0NM,KJ132A,Ford,Fusion,2026,Used,Petrol,Automatic,Blue,26009,4423000,1500
VEH-00484,9EW3NZNMSPSNRZCXD,KF813X,Ford,Fusion,2020,Used,Hybrid,Manual,Black,3676,1639000,2000
VEH-00485,KECSAGB83UJ2KG1DU,KD691E,Toyota,Prado,2011,Used,Petrol,Automatic,Black,1155,3482000,1500
VEH-00486,R3CA5BD7N02090P3H,KF338J,Toyota,Corolla,2017,Used,Petrol,Manual,White,147932,3402000,2000
VEH-00487,7P2FT325ESVL25E26,KH437Z,Toyota,Yaris,2011,Used,Petrol,Manual,Red,81349,1407000,3000
VEH-00488,N7BZWF1AKK24NK2SB,KB552D,Mercedes-Benz,C-Class,2018,Used,Petrol,Manual,White,53578,1299000,3000
VEH-00489,YUYHYCDL9U26KCK40,KC492B,Honda,CR-V,2020,Used,Petrol,Manual,Red,23663,4820000,1800
VEH-00490,V49RRER6ZE8508GV7,KH527W,Hyundai,i10,2012,Used,Petrol,CVT,Silver,8563,1104000,1500
VEH-00491,B6Z3U79WHBMNHA3Z8,KC585G,Mercedes-Benz,GLE,2024,Used,Diesel,CVT,Black,7655,5540000,2000
VEH-00492,AGYLR1T6TMJRC0A4U,KC965F,Subaru,Forester,2021,Used,Petrol,Automatic,Silver,12960,5400000,3000
VEH-00493,FYSDCSN6RDTPBKXUD,,Mitsubishi,Outlander,2013,New,Petrol,CVT,Green,0,2677000,1500
VEH-00494,RWG5FAFP8VVD9JZJ4,KA532R,Toyota,RAV4,2013,Used,Petrol,Manual,Beige,35855,3284000,3000
VEH-00495,R26Z8KGG4G7NHD3FK,KH543H,Toyota,Camry,2010,Used,Hybrid,Manual,Grey,56423,1131000,1000
VEH-00496,6XX9L0HWE09TUC6DN,,Mitsubishi,Pajero,2018,New,Petrol,Manual,Blue,0,2511000,2400
VEH-00497,PLF5VL9WJ1WA0TVKA,KH472Y,Toyota,Camry,2021,Used,Petrol,Manual,Silver,48572,3497000,1000
VEH-00498,4WF26286HBJVBH6MG,KD277A,Mercedes-Benz,C-Class,2011,Used,Electric,Manual,Red,14778,3307000,1200
VEH-00499,L5BX19K3ZB5W33K2X,KD297F,Toyota,Camry,2019,Used,Petrol,Manual,Green,139414,4614000,1300
VEH-00500,AV19HE8JJFWRMWL5W,,Subaru,Forester,2012,New,Petrol,Manual,Black,0,5708000,1300
VEH-00501,SWKCAG2JDGRX3WFR0,,Volkswagen,Polo,2020,New,Petrol,Automatic,Grey,0,5236000,2400
VEH-00502,ZT7JD606RR2AVF1UJ,KC376B,Ford,Ranger,2016,Used,Petrol,CVT,Black,60255,987000,1200
VEH-00503,DG2DYKYB5TWYJWEZJ,KC257C,Mazda,CX-5,2018,Used,Petrol,Manual,Blue,36370,2010000,2000
VEH-00504,7A2SBTNV861W9RD58,KC448O,Mitsubishi,L200,2011,Used,Diesel,CVT,Blue,42571,2949000,2400
VEH-00505,2MUG1F200SPF1JSY2,,Nissan,Altima,2024,New,Petrol,Manual,Red,0,5423000,2000
VEH-00506,F5ADG1YXF6KFPWJFA,,Honda,HR-V,2020,New,Hybrid,Manual,Silver,0,2534000,1500
VEH-00507,W3WYP4REPJ4M48MGC,KE762B,Nissan,Altima,2017,Used,Petrol,Manual,Black,24481,1227000,1000
VEH-00508,2UFF4D8H5ZPAUSYLK,,Mitsubishi,Outlander,2026,New,Petrol,CVT,Green,0,4310000,1000
VEH-00509,00MALSGPRREHD962D,KE389W,BMW,X5,2012,Used,Petrol,Automatic,Blue,12809,1213000,1300
VEH-00510,3D1SSYNM861PZ3WF9,,Volkswagen,Golf,2020,New,Diesel,Automatic,Black,0,8749000,3000
VEH-00511,AC4XVF0BFVRJJ2FJR,KF915G,Mazda,CX-3,2011,Used,Petrol,Automatic,Blue,19800,1961000,3000
VEH-00512,2NH4EVBZFU1JY9AMT,KF740K,Subaru,Impreza,2013,Used,Petrol,Automatic,Silver,63818,1465000,1200
VEH-00513,W4B2SCZBTYPDHT6JH,,Hyundai,Santa Fe,2015,New,Petrol,CVT,Green,0,6149000,1200
VEH-00514,65E51P762NKZU31V7,KC563P,Mercedes-Benz,GLE,2019,Used,Hybrid,Manual,Black,652,1944000,1000
VEH-00515,Y4NKHP6B6HJJRTGPY,,Mercedes-Benz,GLC,2018,New,Diesel,Manual,Green,0,5012000,3000
VEH-00516,1P6SVKCATTTLTLW4N,KD686N,Mitsubishi,Outlander,2025,Used,Petrol,CVT,Silver,5552,2571000,3000
VEH-00517,LAZKE4ZBYV22UP0AN,KC959B,Hyundai,Elantra,2018,Used,Diesel,Automatic,Silver,2119,3406000,1000
VEH-00518,44C937TVPL6G3SS7A,KG942J,BMW,5 Series,2026,Used,Diesel,Manual,Green,1871,7632000,1800
VEH-00519,U8H6ZHLZYZDMV9R9W,KB731K,Ford,Focus,2014,Used,Diesel,Automatic,Grey,87039,2464000,1000
VEH-00520,H71K2302Z4C0DS5AX,,Mazda,CX-3,2024,New,Electric,Automatic,Grey,0,3478000,1200
VEH-00521,J27Y6YDA82DBWFXB6,KD131Q,Mazda,Mazda3,2011,Used,Diesel,Manual,Black,54730,3335000,3000
VEH-00522,8VY244L8YAETWMVYS,KE190C,Ford,Ranger,2012,Used,Petrol,Manual,Green,28925,2495000,1200
VEH-00523,3PEVU4HDB1F7G6JJL,KG745U,Mitsubishi,L200,2020,Used,Petrol,Automatic,Red,4633,1689000,3000
VEH-00524,KYYKYNPAC78SJG7VP,,Toyota,Corolla,2013,New,Diesel,CVT,White,0,7461000,1500
VEH-00525,1HL46LMH2J10332KA,,Subaru,Forester,2022,New,Petrol,Automatic,Blue,0,8903000,1300
VEH-00526,JN7PFGERN3WXUKCNL,KH975V,Honda,CR-V,2026,Used,Hybrid,Manual,White,30443,5381000,1800
VEH-00527,8VENP88VPGMXW6W4W,KJ353G,Ford,F-150,2024,Used,Petrol,CVT,Beige,28865,2280000,2400
VEH-00528,N2AEJFU5JXJLW19WF,KC512A,Mercedes-Benz,GLE,2023,Used,Petrol,Manual,Blue,8558,2272000,1800
VEH-00529,4088LYHBK7CKAUVL6,KJ581E,Toyota,Prado,2022,Used,Petrol,CVT,Green,25600,1848000,2000
VEH-00530,Z0KAX0EUH4B79R8D8,,Isuzu,MU-X,2017,New,Diesel,CVT,Green,0,7793000,1300
VEH-00531,NU6CYJ7RPDUV9F27Y,KE969A,Subaru,Outback,2009,Used,Petrol,Automatic,Beige,22875,3357000,1800
VEH-00532,YSX5DBTGFT9CP12FB,,Honda,Accord,2018,New,Diesel,CVT,Black,0,1809000,1500
VEH-00533,G135L4KX2TA1U52LC,,Mercedes-Benz,GLE,2014,New,Electric,Manual,Beige,0,1538000,2400
VEH-00534,B7V2MSHY5WCMGJWC3,KJ101L,Mazda,Mazda3,2010,Used,Petrol,CVT,Black,43052,2594000,1200
VEH-00535,XZJY7BTSBAJ4AL6DK,,Mazda,Mazda6,2016,New,Petrol,Manual,Silver,0,7917000,1300
VEH-00536,N221BT7UP8XZARUFL,KF192M,Honda,HR-V,2008,Used,Petrol,Automatic,Grey,45365,2455000,1500
VEH-00537,G7WSJA6624TT8V9BF,KB713W,Mitsubishi,Outlander,2018,Used,Diesel,CVT,Blue,2086,1200000,1500
VEH-00538,ENDMKMBFPGDWPKSZ9,KC118K,Honda,Civic,2014,Used,Petrol,Automatic,White,21122,3535000,3000
VEH-00539,S035ZZEYGRCNCXMJJ,KH923M,BMW,X3,2019,Used,Electric,Manual,Green,44240,2137000,1300
VEH-00540,M9EN1KETVRHNPL3NB,KG344N,Volkswagen,Tiguan,2026,Used,Diesel,Automatic,White,31474,1223000,1300
VEH-00541,JAUD5WW9B1YEEXMZ2,KH875L,Mitsubishi,L200,2010,Used,Diesel,CVT,Red,87360,1919000,1500
VEH-00542,B0RE8M3TKL39WEL18,KE810J,Honda,HR-V,2013,Used,Hybrid,Manual,Black,48373,620000,1200
VEH-00543,WMMG642PP5WZETTLP,,Mercedes-Benz,C-Class,2025,New,Petrol,Automatic,Black,0,5797000,2400
VEH-00544,ARY26PEM9NNC8ZCH0,KB533P,Ford,Explorer,2025,Used,Diesel,Automatic,Green,8003,4658000,1000
VEH-00545,FKGWLVBNJ1HZL77WL,,Mazda,Mazda6,2026,New,Petrol,CVT,Black,0,2282000,2400
VEH-00546,L6VGLXJZSVAZBGJ1S,KH920X,Hyundai,Santa Fe,2020,Used,Petrol,Automatic,Grey,3293,3075000,1000
VEH-00547,WRHG3ZWS2EV5KB57L,,Isuzu,D-Max,2026,New,Diesel,Automatic,Beige,0,1414000,2400
VEH-00548,SH7F05YBHGVJ9CXH3,,Subaru,Outback,2013,New,Petrol,Automatic,Silver,0,4885000,1500
VEH-00549,EX3S45LJM6B7LVXCV,KD227A,Nissan,Navara,2010,Used,Petrol,Automatic,Blue,46277,2243000,1500
VEH-00550,90EERSGC6T88PKS7R,KD671L,Volkswagen,Passat,2013,Used,Petrol,Automatic,White,1209,1931000,2000
VEH-00551,LXC4Y3KB6JZ5S2TRP,KF682A,Subaru,Forester,2013,Used,Diesel,Automatic,Silver,39660,3151000,1000
VEH-00552,YM43P8JPCVJWYGUHW,,Toyota,Camry,2020,New,Diesel,CVT,Beige,0,5464000,1800
VEH-00553,TB163AK0YEP5KE19J,KG203E,Subaru,Impreza,2016,Used,Petrol,CVT,Black,126776,2849000,1200
VEH-00554,JACZR07F7390LTF6Y,KF507W,Mazda,CX-3,2025,Used,Petrol,CVT,Beige,38555,2926000,1200
VEH-00555,YYBY9KNB09G0VNL1V,,Mercedes-Benz,E-Class,2012,New,Petrol,Automatic,Green,0,5611000,1000
VEH-00556,XV3GZHAX7FPD4B6PN,KC107D,Isuzu,MU-X,2024,Used,Petrol,Automatic,Red,22108,4332000,3000
VEH-00557,78L1MTD8JRABUM2PU,,Isuzu,MU-X,2016,New,Petrol,CVT,White,0,6783000,2000
VEH-00558,DFJKCTX7A34GPURTH,KF940P,Honda,Fit,2020,Used,Hybrid,CVT,Black,46387,2513000,3000
VEH-00559,X3J7TPF3LBXUBX51H,,Toyota,Camry,2021,New,Diesel,Manual,Green,0,8598000,1200
VEH-00560,4WT4MFJGNJALBG1NZ,KE621A,Subaru,Forester,2023,Used,Diesel,Automatic,Grey,27583,7308000,1800
VEH-00561,2BYRFXJY3BHC7W2LK,KA579G,Isuzu,D-Max,2018,Used,Diesel,Manual,White,35496,3363000,1500
VEH-00562,KRMN8YC619Z0GT1EX,KJ994M,Honda,HR-V,2022,Used,Diesel,Automatic,Black,127715,3916000,2400
VEH-00563,R1MV01FPS7G5R0NFW,,Ford,Fusion,2015,New,Diesel,CVT,Black,0,8678000,2000
VEH-00564,E2644VPV477HSEYDX,KA255F,Honda,HR-V,2010,Used,Petrol,CVT,White,21956,2160000,1000
VEH-00565,3UYB6KSRLJXRTLWC4,KJ653T,Mitsubishi,Pajero,2018,Used,Diesel,Automatic,Grey,146209,4432000,3000
VEH-00566,TBWN92XF4GJTPU58Z,KG181E,Mercedes-Benz,C-Class,2019,Used,Petrol,Automatic,Black,106090,2255000,1300
VEH-00567,1V3D7YUY42D23A4AP,KA994D,Honda,HR-V,2008,Used,Petrol,CVT,Silver,9805,1600000,1500
VEH-00568,V6H6T7RL67JLPLTPU,KD295K,BMW,5 Series,2026,Used,Petrol,Automatic,White,3234,4452000,3000
VEH-00569,36HLMB4LZBEDSW5HK,KE369B,BMW,5 Series,2011,Used,Petrol,CVT,Grey,4780,3298000,1200
VEH-00570,8Y017935GURL142W1,,Honda,CR-V,2010,New,Diesel,Automatic,Beige,0,5255000,3000
VEH-00571,K2JRKPS3A2H20RKAR,,Mercedes-Benz,C-Class,2012,New,Hybrid,CVT,Red,0,9366000,3000
VEH-00572,DWTR7W0ERDNV10E4L,KF822V,Volkswagen,Polo,2024,Used,Petrol,Manual,Grey,827,7468000,1500
VEH-00573,NVXJJRN87K340N0MX,KF657J,Ford,Explorer,2010,Used,Diesel,CVT,Beige,4464,2951000,1800
VEH-00574,AAFFTDVC4K9H24ZN6,KE936R,Mitsubishi,L200,2011,Used,Petrol,Automatic,Beige,51699,1963000,1800
VEH-00575,5UKYHG73R5M7A0W0G,KJ293N,Toyota,Prado,2012,Used,Petrol,Automatic,Black,3323,2892000,2400
VEH-00576,ELPHF8B34E0HXUC90,KG667H,Hyundai,i10,2021,Used,Hybrid,Automatic,Red,17287,849000,1000
VEH-00577,EL3DKXG2MS56RL5NB,KJ492H,Honda,Fit,2022,Used,Petrol,Manual,Green,83858,2999000,1500
VEH-00578,1Y6XM2YTR5JDXA787,KJ431A,Honda,HR-V,2026,Used,Electric,CVT,Red,1059,4192000,2000
VEH-00579,Z5PEUUVK18C7K1ZNS,KD252L,Honda,Accord,2016,Used,Petrol,Automatic,Beige,75803,3585000,3000
VEH-00580,ZKWKRYRTBUNBDZSJL,,Subaru,Forester,2014,New,Diesel,Automatic,Black,0,8539000,1200
VEH-00581,FD3TVVDXPUPE24PV4,KC984N,Nissan,X-Trail,2021,Used,Diesel,CVT,Grey,14898,3263000,1500
VEH-00582,0GPBGGT59ZMZZ7EKD,KE907E,Mitsubishi,Outlander,2019,Used,Petrol,Automatic,Beige,5658,1568000,1000
VEH-00583,WED5RJ5UE5KBL5WGF,,Honda,CR-V,2010,New,Petrol,Manual,White,0,7395000,1200
VEH-00584,JLHDHFFN93F1J4PKE,,Isuzu,D-Max,2010,New,Petrol,CVT,Green,0,2943000,1800
VEH-00585,FWRGFB38J1YS64KVY,KF281T,Nissan,Sentra,2022,Used,Petrol,Manual,Red,53691,944000,2400
VEH-00586,8NL4J2NF25TXPKJ2N,KD514S,Honda,CR-V,2013,Used,Diesel,Manual,Blue,44612,3774000,3000
VEH-00587,HGWZ7EX2VMJK509TW,KE205K,Nissan,Navara,2021,Used,Petrol,Manual,Beige,94473,4756000,2400
VEH-00588,8KVTRZA2NUKSYX122,,Volkswagen,Jetta,2015,New,Petrol,Manual,Red,0,2983000,1500
VEH-00589,UGSAA3SNSF4ADUPSV,KA669E,Isuzu,D-Max,2011,Used,Petrol,Automatic,Grey,59773,3103000,1200
VEH-00590,WK2PLKEW4F4K1G3WS,KE111G,Ford,Focus,2017,Used,Petrol,CVT,Blue,73214,1310000,1200
VEH-00591,70VCP9AZVHHDDNF2V,KB510Y,Isuzu,D-Max,2013,Used,Diesel,CVT,Blue,14910,2837000,1000
VEH-00592,JSY4YGZUDBV3J185T,,Honda,Accord,2015,New,Petrol,Manual,Blue,0,9354000,1200
VEH-00593,YWY2BL6F7EV657PUB,KB997T,Honda,Fit,2008,Used,Diesel,Manual,Blue,8789,2421000,1300
VEH-00594,7KJFBLCCS9D47D7NC,KH201W,Honda,Accord,2016,Used,Hybrid,Automatic,Black,62494,2972000,1500
VEH-00595,4AE6ZA9U3CDEU5KES,KB891T,Ford,Focus,2026,Used,Petrol,Automatic,Beige,73989,8970000,2000
VEH-00596,WH3C7TXD9EWKJFM5C,KD184K,BMW,X5,2017,Used,Petrol,Manual,Green,209565,1276000,2400
VEH-00597,JMFL2TLCEMT37SU0K,,Isuzu,D-Max,2020,New,Petrol,Automatic,Green,0,5796000,2400
VEH-00598,W9BD90MR77GNT65GY,KB566E,Subaru,Forester,2024,Used,Petrol,Manual,Red,23943,8066000,2400
VEH-00599,SYC5YK4A4T8PFB0R3,KA103U,Mazda,Mazda3,2016,Used,Electric,Automatic,Green,20935,507000,1000
VEH-00600,ESFTDM3FHVFVKUS5U,KF720S,Isuzu,MU-X,2011,Used,Diesel,Manual,White,67407,2280000,1800
VEH-00601,3H6DDJZ48LL2RE2UE,,Honda,Civic,2025,New,Diesel,Automatic,Blue,0,6278000,1200
VEH-00602,WSHEU5AKX70LKX5E2,KB771I,Isuzu,MU-X,2023,Used,Petrol,CVT,Green,18753,1266000,3000
VEH-00603,YZ7HN1T7Y8ZHV2ZD4,,Nissan,X-Trail,2025,New,Diesel,CVT,Beige,0,1913000,1800
VEH-00604,LLMTNV0A2G6AP8VBK,,Volkswagen,Polo,2026,New,Hybrid,CVT,Green,0,8031000,1000
VEH-00605,SH1N6CLRDHYCWVEHA,KE299P,Hyundai,Elantra,2009,Used,Diesel,CVT,Silver,120156,1891000,2400
VEH-00606,T7L5AKG16FKABC0L0,KF352M,Nissan,Note,2017,Used,Diesel,Automatic,Red,87967,3783000,2000
VEH-00607,FT3AKNC9HYXMWM74L,KJ929E,BMW,X3,2026,Used,Petrol,Manual,White,25216,4423000,1800
VEH-00608,G6XCFT8W4ACS7FDZW,KG491T,Toyota,Yaris,2012,Used,Petrol,Manual,Green,62540,1796000,1500
VEH-00609,4WTK24AEPZBWYGXTT,KA102B,Ford,Explorer,2009,Used,Diesel,Manual,Red,63208,886000,2400
VEH-00610,N0KTTN9L0WX6HK209,,Honda,Fit,2012,New,Petrol,Manual,Black,0,4056000,2400
VEH-00611,2KNRKJA1X8MZ0DCRT,KG828N,Isuzu,MU-X,2022,Used,Petrol,Automatic,Silver,4897,4319000,3000
VEH-00612,VV4YSBY3XFJZNXZRN,,Isuzu,MU-X,2010,New,Diesel,CVT,Green,0,7775000,1500
VEH-00613,TUWCE4UKTP7CKFLAA,,Mazda,CX-5,2012,New,Diesel,Automatic,Red,0,6937000,1500
VEH-00614,50CERWX5NG91UJTV3,KH522K,Subaru,Outback,2026,Used,Diesel,Automatic,Grey,104780,2446000,1300
VEH-00615,533FRKR555N3T9LM8,KD600L,Toyota,Corolla,2011,Used,Diesel,Automatic,Green,31666,2719000,3000
VEH-00616,WFK3KNDLXL8W9PN75,KC938V,Hyundai,Santa Fe,2024,Used,Petrol,Automatic,Silver,78809,3223000,3000
VEH-00617,10XWHZJEEDR2NAEG6,KH663W,Hyundai,i10,2013,Used,Hybrid,CVT,White,17358,1256000,1800
VEH-00618,EDU0BAHXEKV4882GY,KC810B,Mazda,Mazda6,2026,Used,Hybrid,CVT,Blue,101645,8559000,2000
VEH-00619,RPPHE59UGD964A8B6,KJ399Q,Honda,Fit,2023,Used,Hybrid,Manual,Green,22184,6004000,1800
VEH-00620,PRWA3F9UP0Y0N5YJ7,KG997T,Mercedes-Benz,E-Class,2014,Used,Petrol,CVT,Red,490,1193000,2400
VEH-00621,EX2DVHBY6ADLNS2UZ,,Nissan,Sentra,2009,New,Diesel,Manual,White,0,2775000,1500
VEH-00622,CCHMNTCHLUYKYSSMB,,Mercedes-Benz,C-Class,2017,New,Petrol,CVT,White,0,1772000,1200
VEH-00623,T3VB8XFS7D6UV0SDD,,Hyundai,Santa Fe,2020,New,Petrol,Automatic,Green,0,2123000,2400
VEH-00624,4RW0GGPSBLA8UNJYC,KF532K,Honda,Civic,2026,Used,Petrol,Manual,Red,106105,8134000,1500
VEH-00625,2TKNYD60MBZUJRVWG,KD106E,Mazda,CX-5,2015,Used,Diesel,Automatic,Grey,4307,2471000,1300
VEH-00626,W3HLY30FEU8R8AU48,KA648S,BMW,5 Series,2023,Used,Hybrid,Manual,White,17309,3942000,3000
VEH-00627,SS11D2KLZSTNAWA6E,KA947E,Volkswagen,Jetta,2013,Used,Diesel,Automatic,Silver,134863,3142000,1500
VEH-00628,8MY5ZRS14267ZWSN0,,Nissan,Note,2023,New,Petrol,Automatic,Green,0,6886000,3000
VEH-00629,ZUHKJA0F7489N0GSG,KC230C,Hyundai,Santa Fe,2009,Used,Diesel,Automatic,Grey,135357,2907000,1000
VEH-00630,ZP2M3WC8B0BP4EATE,KF673S,BMW,3 Series,2019,Used,Diesel,CVT,Blue,38339,3023000,3000
VEH-00631,HKTGTCGKPV4N9079N,KE795H,Mazda,Mazda6,2025,Used,Diesel,Manual,Grey,44965,2731000,1200
VEH-00632,2ENL5WF0ZKBB6ZEVY,KB411V,BMW,5 Series,2021,Used,Diesel,Manual,Red,26775,1699000,1200
VEH-00633,GE5PY16ZGH647N04G,KA191B,Subaru,Impreza,2025,Used,Petrol,Manual,White,15616,3334000,1500
VEH-00634,A85UBU9H0KM6WFZXH,KE823H,Honda,HR-V,2022,Used,Diesel,Automatic,Green,17931,5548000,1200
VEH-00635,YT3EEXUM92LS0JSAM,,Volkswagen,Polo,2020,New,Diesel,Manual,Black,0,8886000,1000
VEH-00636,R7WXKEV91EPH91MA1,,Mazda,CX-5,2015,New,Petrol,Automatic,Green,0,6341000,3000
VEH-00637,5EU3H7RUYMCY62F7F,KC288N,Mitsubishi,Outlander,2024,Used,Petrol,Automatic,White,50234,3995000,1500
VEH-00638,LG7W6UXSWHLUEMSSR,KH489J,BMW,X5,2010,Used,Petrol,Manual,Red,62812,3221000,1000
VEH-00639,7ER62LVGC4W8MP3UR,KB961J,Mazda,Mazda3,2010,Used,Petrol,Manual,White,70568,3638000,2000
VEH-00640,0F8V6MSBHAEGE1EXC,,Toyota,Corolla,2013,New,Petrol,CVT,White,0,6186000,3000
VEH-00641,PYM9F5PGDVN6A8YAE,KE904F,Nissan,X-Trail,2026,Used,Hybrid,CVT,Green,70147,1393000,1300
VEH-00642,81KA3T2DYKNYW6Z6J,KG655P,Nissan,Sentra,2022,Used,Diesel,Automatic,Blue,4303,3906000,1800
VEH-00643,KY69YP7TY5T2V5Y7Y,,Mazda,CX-5,2016,New,Hybrid,CVT,Silver,0,1750000,2400
VEH-00644,KLF53SUATXJ2Y2XH4,KE407H,BMW,5 Series,2021,Used,Hybrid,CVT,Green,30692,5713000,2000
VEH-00645,3LB9BFJS1ASK722VZ,,Mercedes-Benz,C-Class,2019,New,Petrol,CVT,Beige,0,7274000,1300
VEH-00646,MXZH7CEVMMZZXKMY8,KB419G,Subaru,Forester,2016,Used,Petrol,Manual,Silver,2667,3574000,3000
VEH-00647,T52G30DEYWK5PGSJV,KG287Z,Subaru,Forester,2015,Used,Diesel,Manual,White,35885,2999000,2000
VEH-00648,ZMMCXRBW6CHDS6L4L,,BMW,5 Series,2024,New,Diesel,CVT,Beige,0,7197000,1000
VEH-00649,DSJJD44Z4NP05FR6F,,Hyundai,Tucson,2023,New,Petrol,CVT,Blue,0,8290000,1200
VEH-00650,XBVC4H3HXMC18LBLX,,Mercedes-Benz,GLE,2020,New,Diesel,Manual,Silver,0,6142000,2400
VEH-00651,2KH27UBT5CKFEXHKB,KC666F,BMW,5 Series,2011,Used,Diesel,Manual,Black,26214,3675000,1500
VEH-00652,RSXC0KAKJ6U0YJ6N7,KB139V,Nissan,X-Trail,2023,Used,Diesel,Manual,Beige,98397,3537000,3000
VEH-00653,ZDZSE6837HFDRZCBT,,Honda,Civic,2018,New,Petrol,CVT,Silver,0,2434000,1300
VEH-00654,62RZRS2MVZTRK514C,,Honda,HR-V,2025,New,Hybrid,Manual,Blue,0,5958000,1800
VEH-00655,A2N3JTX61LMBWTRPH,KA378A,Mazda,Mazda3,2008,Used,Diesel,CVT,Grey,19448,1076000,1800
VEH-00656,U0HPTB64YRC5LJKBV,,Hyundai,i10,2019,New,Petrol,Manual,Black,0,1777000,1500
VEH-00657,BVG16ZU0YH4HVZC7S,KD855M,Mercedes-Benz,E-Class,2019,Used,Diesel,Automatic,Blue,5602,1542000,3000
VEH-00658,MC0DBSADHV5AYUXDH,,Hyundai,i10,2013,New,Petrol,Automatic,Black,0,1394000,1200
VEH-00659,M7PSXMNDGRCR13ZZT,KC966N,Subaru,Impreza,2016,Used,Petrol,Automatic,Green,6943,1500000,1200
VEH-00660,U8NTSG4U14B1HY08Z,KB409J,Ford,Ranger,2020,Used,Diesel,Automatic,Silver,64504,3134000,3000
VEH-00661,ZCS2ZFZNKHW91G7JA,,Hyundai,Tucson,2014,New,Petrol,Automatic,Green,0,9181000,2400
VEH-00662,NV8AKHZ7H1ZCM91E8,KB777U,Subaru,Outback,2023,Used,Petrol,Manual,Green,43330,2473000,2000
VEH-00663,JN7EDUFTKEGCDZ28Y,,Subaru,Impreza,2016,New,Diesel,Automatic,Red,0,8816000,3000
VEH-00664,WRWL7ETDVPMPUDXY9,KA543C,Mercedes-Benz,GLC,2026,Used,Petrol,CVT,Red,4797,3590000,2400
VEH-00665,FS84RF5PPLPTVCV6U,,Volkswagen,Golf,2021,New,Diesel,CVT,White,0,1990000,2400
VEH-00666,YAC9M3ZDH9G73HS5L,,Mercedes-Benz,E-Class,2009,New,Diesel,Manual,Blue,0,2938000,1000
VEH-00667,KULHZ64HWW2ESK1WF,KF895K,Volkswagen,Polo,2013,Used,Petrol,Automatic,Black,3953,2996000,1300
VEH-00668,PF7490PBZPVJJ40VL,KB421M,Mazda,Mazda3,2016,Used,Petrol,Manual,Grey,54324,3391000,1000
VEH-00669,2XYRYM3UEK1V1WFDS,KD436U,BMW,X5,2024,Used,Hybrid,Manual,Green,3399,3549000,2400
VEH-00670,8S7RSESHKA7LYY18D,KJ910X,Mercedes-Benz,C-Class,2010,Used,Petrol,Manual,Green,77633,1204000,1500
VEH-00671,A6D3KF2V5F9BZJ4N0,,Ford,Fusion,2021,New,Petrol,Automatic,Red,0,8765000,1200
VEH-00672,M9A3KLMXXCGBLXKLD,KA620F,Honda,HR-V,2021,Used,Petrol,Manual,Black,55124,6594000,1000
VEH-00673,J1WFXFS0RY9W2VHUD,KE195C,Isuzu,D-Max,2018,Used,Diesel,CVT,Grey,3818,3313000,1000
VEH-00674,XEARF1JG3ZUHHGN71,,Subaru,Impreza,2017,New,Petrol,CVT,Blue,0,6684000,1000
VEH-00675,K1F88VMRG4A5F2V6U,KF723I,Mercedes-Benz,GLE,2019,Used,Hybrid,Automatic,White,3989,1551000,1500
VEH-00676,LD5PBS3UA23METS79,,Subaru,Forester,2021,New,Diesel,CVT,Green,0,2958000,2400
VEH-00677,XJA0S5Y55RB4X6C8H,KJ366Z,Mercedes-Benz,GLE,2021,Used,Electric,CVT,Beige,194195,4004000,1200
VEH-00678,RLYC1PADTKV0FKG8X,KG689Q,Mazda,Mazda6,2023,Used,Petrol,Automatic,Red,21097,3865000,1000
VEH-00679,W8SLE0663RS0W63E8,KC438B,Isuzu,MU-X,2021,Used,Electric,CVT,Grey,20837,4994000,2000
VEH-00680,N4T3X2JYV2PVBNLMA,KB122Y,Mitsubishi,Pajero,2021,Used,Petrol,Manual,Beige,75400,5277000,2400
VEH-00681,YAK75E50SU2BHLE81,KD359J,Subaru,Forester,2010,Used,Diesel,Manual,Blue,132397,2528000,2400
VEH-00682,C8GNZC01B646K5S6F,,Mercedes-Benz,GLE,2015,New,Petrol,Manual,Green,0,5707000,1500
VEH-00683,T6V6TT285XZY840EM,,Hyundai,i10,2025,New,Petrol,CVT,Beige,0,1545000,1800
VEH-00684,PSA5A5PMLRGCLSG2B,KA907B,Toyota,Yaris,2015,Used,Diesel,Manual,Blue,192094,2043000,1000
VEH-00685,E10MU8MYNMFGZ8RBZ,KA982B,Hyundai,Santa Fe,2020,Used,Petrol,Manual,Black,62995,3486000,1200
VEH-00686,9Y4CW2TWPLCVZLH82,KE511N,Toyota,Prado,2015,Used,Petrol,CVT,Blue,21240,2443000,3000
VEH-00687,YTZKSWPY2N60ANEP9,KF117Q,BMW,X5,2010,Used,Diesel,Manual,Blue,3923,3044000,1300
VEH-00688,VGPKAKSHUFFJMHCNB,,Mitsubishi,Outlander,2015,New,Petrol,Automatic,Grey,0,2714000,1500
VEH-00689,TFS54ALJD71Z7HTY4,KB650X,Mercedes-Benz,C-Class,2016,Used,Diesel,Automatic,Green,67555,2965000,1800
VEH-00690,87CZAMNJ8PL3M872N,,BMW,X5,2017,New,Petrol,Manual,Beige,0,1956000,2000
VEH-00691,63CF99L349DS2FU8D,KD418R,Mazda,Mazda3,2026,Used,Diesel,CVT,Black,36781,7121000,1000
VEH-00692,45GEX3LFZ5V1H2BW7,KC164Q,Mitsubishi,Outlander,2014,Used,Petrol,Automatic,Grey,24841,698000,1800
VEH-00693,GC6MGBCHG3KRUZDB9,KG469T,Honda,Civic,2017,Used,Petrol,CVT,Red,106570,892000,2000
VEH-00694,L9L21GWE75WMBLCX1,,BMW,X5,2021,New,Petrol,Automatic,Black,0,7913000,2400
VEH-00695,140UEYE1PE47FC3MY,,Isuzu,MU-X,2010,New,Petrol,Automatic,Green,0,8709000,1300
VEH-00696,V7CAMHYX78MEEXBGE,KA760V,Toyota,Land Cruiser,2014,Used,Petrol,Automatic,Red,5304,2146000,3000
VEH-00697,SEXCM63L963A778P3,KA394R,Mitsubishi,Outlander,2016,Used,Petrol,Manual,Blue,30532,2347000,1000
VEH-00698,R3ZXM0A5X9WLNZGDN,KF541Z,Hyundai,Santa Fe,2017,Used,Petrol,CVT,Beige,513,1569000,3000
VEH-00699,7X4CN8PE74ACD0GN7,KH950S,Mitsubishi,Pajero,2019,Used,Petrol,Automatic,Black,28455,5476000,1000
VEH-00700,215U321V8VLW1J318,,Volkswagen,Jetta,2008,New,Petrol,Automatic,Silver,0,2217000,1500
VEH-00701,SY4LHYNAV52PX1P3N,KC707F,Subaru,Forester,2010,Used,Petrol,CVT,Silver,2607,1852000,1300
VEH-00702,2UFNB6TR1Z4TPTA8K,KJ324P,Mercedes-Benz,E-Class,2025,Used,Electric,CVT,Blue,5692,7122000,2000
VEH-00703,MG7LM2LX70TUSK8CX,,Subaru,Forester,2018,New,Electric,Automatic,Silver,0,3138000,2400
VEH-00704,DXTJHXML22R6XRWH0,KA679G,BMW,X3,2011,Used,Petrol,CVT,Silver,5626,2667000,1000
VEH-00705,2LSYFKEKU1LYFNVVU,KE546U,Honda,Fit,2014,Used,Diesel,Manual,White,47140,768000,1800
VEH-00706,VC55RH3UP1DMJPAJF,,Toyota,Yaris,2014,New,Petrol,CVT,Green,0,3717000,3000
VEH-00707,X1PZ3XCWFU9P17FT1,KC187L,Nissan,Navara,2012,Used,Electric,CVT,Grey,61676,641000,1500
VEH-00708,LE7NPHXPYJ1AV2ASM,KB721Q,Toyota,Prado,2023,Used,Petrol,Automatic,Red,39399,7001000,2000
VEH-00709,K3WFGD7XF22UYYSRR,KG898K,Honda,Accord,2026,Used,Diesel,Manual,Beige,147362,3526000,1000
VEH-00710,Y0YL9RSTMPV804JX6,KH514W,Mazda,CX-3,2017,Used,Petrol,Manual,Red,21140,1568000,1500
VEH-00711,YD8YS52XJY4YZSF8S,,Mazda,Mazda6,2022,New,Petrol,Automatic,Blue,0,1627000,1200
VEH-00712,XLNLYSXLHENNV4ZW8,KF597X,Volkswagen,Tiguan,2016,Used,Diesel,Automatic,Red,15141,2934000,1200
VEH-00713,6U6XDGFH12YRKSJ39,,Isuzu,MU-X,2020,New,Petrol,CVT,Black,0,7805000,1800
VEH-00714,3Z9EMLMB0TK0PEAXN,KA179O,Mitsubishi,Pajero,2026,Used,Petrol,CVT,White,91327,7989000,1000
VEH-00715,VYVTRW8LZP0D3W2Y2,KG555M,Honda,Fit,2009,Used,Diesel,Automatic,Grey,11388,2024000,2400
VEH-00716,MUPTREUJCH341XCGW,KE268P,BMW,5 Series,2019,Used,Diesel,CVT,Grey,148629,4567000,2400
VEH-00717,0P268J8G29ZY7ZHNX,KF674E,Hyundai,Tucson,2018,Used,Petrol,Manual,Silver,550,3991000,2000
VEH-00718,3803ET2N7D3Z83FJY,KF987F,Ford,Ranger,2015,Used,Diesel,Manual,Black,157613,2060000,3000
VEH-00719,L92RJXNNHN4K7DD2U,KF187G,Isuzu,D-Max,2018,Used,Petrol,Automatic,Grey,1985,4398000,1000
VEH-00720,4YDWR8RKD2KTCNEAC,,Isuzu,MU-X,2012,New,Diesel,Manual,Grey,0,5836000,1500
VEH-00721,GFGNGT5PK6BV9YSDU,KH486E,Mazda,CX-3,2009,Used,Diesel,Automatic,White,99797,853000,3000
VEH-00722,8TBV4PBKT3HH4F4Y3,KE729N,Hyundai,i10,2010,Used,Petrol,Manual,Black,33756,1103000,2400
VEH-00723,N73V801YHE390WZEC,KF672S,Toyota,RAV4,2015,Used,Petrol,Automatic,Silver,223057,549000,2400
VEH-00724,87CJ612MF3EDV7A0S,,BMW,3 Series,2022,New,Diesel,CVT,White,0,2189000,1300
VEH-00725,U14G4YAMH35SMJV20,KB126F,Subaru,Impreza,2014,Used,Diesel,Automatic,White,3449,1715000,1200
VEH-00726,LTX0VAH35RTT50GMT,,Ford,F-150,2015,New,Hybrid,CVT,Blue,0,5993000,1200
VEH-00727,8J32XWGRVDV2PSZ5A,,Ford,Explorer,2020,New,Petrol,Automatic,Red,0,1982000,3000
VEH-00728,2BHJ310R796J5DAU6,KA700J,Isuzu,D-Max,2010,Used,Diesel,Automatic,Grey,36319,2065000,1200
VEH-00729,MKSS2W730KS4DB8WN,KH470J,Mercedes-Benz,C-Class,2019,Used,Diesel,Automatic,Green,156760,4863000,2000
VEH-00730,FNWKM8Z2WXJZUMP4N,KC986U,BMW,5 Series,2024,Used,Diesel,Automatic,Black,33319,4422000,1500
VEH-00731,B2RRSWS1GV4EHSG12,KH171V,Mercedes-Benz,E-Class,2021,Used,Diesel,Manual,Beige,44668,3637000,1500
VEH-00732,FYBU67KFG8H2HWHKA,KG933W,Mazda,Mazda3,2012,Used,Hybrid,Automatic,Blue,53545,1887000,1500
VEH-00733,EMUN2WCTJ0B25JU4M,KJ590Y,Isuzu,D-Max,2020,Used,Hybrid,Manual,Black,27275,4281000,1200
VEH-00734,FMLE3L9P99N3S58VY,KH657M,Subaru,Outback,2024,Used,Petrol,Manual,White,44445,2945000,1500
VEH-00735,67B6X0LPPGWWE3V2F,,Mitsubishi,L200,2012,New,Hybrid,Automatic,Grey,0,3290000,1200
VEH-00736,PWD7WLDAGGVAAL0FT,KF801C,Nissan,X-Trail,2017,Used,Petrol,Manual,Silver,39502,3628000,1300
VEH-00737,TK8CKTE5C5JP5L12M,,Mitsubishi,L200,2008,New,Petrol,CVT,Beige,0,8644000,1800
VEH-00738,PS6M173GVN8EHVP0A,,Nissan,X-Trail,2009,New,Petrol,Manual,Blue,0,7251000,2000
VEH-00739,C1UTDXAN0VT99ZAEC,,BMW,5 Series,2015,New,Petrol,Manual,Silver,0,5272000,2000
VEH-00740,V44V51WTWDU7673C4,KH185J,Ford,Fusion,2015,Used,Diesel,Manual,Beige,104140,3733000,2000
VEH-00741,LGVSHPNMC7HCKV93S,KH341Y,BMW,X3,2011,Used,Hybrid,Automatic,Beige,2093,3712000,3000
VEH-00742,G65XSTW5MD615HUZB,,Ford,Explorer,2017,New,Petrol,CVT,White,0,3765000,1500
VEH-00743,KWPBBBKWPMHPKFN2Z,KC228L,Nissan,Sentra,2008,Used,Petrol,Manual,White,14842,901000,1500
VEH-00744,0J497ZEH8DS4P7J8L,KA999A,Hyundai,Tucson,2009,Used,Diesel,CVT,Blue,135179,764000,1300
VEH-00745,U1RLFUH322XZ7SS79,KD983T,Subaru,Impreza,2014,Used,Petrol,Manual,Silver,99435,2530000,2400
VEH-00746,PA0EVV0XR4P5YKRT4,KF425I,Ford,Explorer,2022,Used,Diesel,Manual,Blue,27367,2418000,1300
VEH-00747,W011RN58HG8ZPALG2,KC910W,Isuzu,D-Max,2011,Used,Petrol,CVT,Beige,43556,2133000,1500
VEH-00748,4DHASKJ6ZB9PDFKSJ,,Mazda,Mazda6,2014,New,Diesel,CVT,Red,0,7895000,1500
VEH-00749,MLCBJEDA0NMUT38J9,,Mitsubishi,Pajero,2013,New,Petrol,Manual,Silver,0,3131000,1800
VEH-00750,XNNCLT382CDJ99MA0,,Mazda,Mazda6,2017,New,Petrol,CVT,Blue,0,6181000,1800
VEH-00751,T1M86N3FTY9PA2DP4,,Honda,HR-V,2023,New,Petrol,CVT,Red,0,7005000,2400
VEH-00752,ARCBFLVN3ZPR5LZZP,,Volkswagen,Tiguan,2012,New,Hybrid,CVT,White,0,7736000,1000
VEH-00753,1151WTTTDWB36YNJU,KG620P,Honda,Civic,2010,Used,Diesel,CVT,Red,14619,3048000,1200
VEH-00754,9XYN92UFSUA80FAYV,KE558E,Mercedes-Benz,GLC,2021,Used,Diesel,Automatic,Grey,9378,1109000,2000
VEH-00755,00AUBPR62W9NYMKVP,KB366M,Hyundai,Santa Fe,2008,Used,Petrol,CVT,White,28037,1229000,2400
VEH-00756,V26CLRMXNP9J1T7YG,KC116X,Hyundai,i10,2022,Used,Petrol,Automatic,Red,19617,6448000,2400
VEH-00757,S3AGNZSWFPNVZADJB,KF937J,Mazda,CX-5,2015,Used,Petrol,Manual,White,39430,2841000,2000
VEH-00758,0YWVG4PSUSLDHG3KU,KA128A,Nissan,Sentra,2009,Used,Diesel,Automatic,Grey,3641,2978000,2000
VEH-00759,9T9KRV8P9PNTTGDWN,KC444E,Ford,F-150,2017,Used,Petrol,Automatic,Green,164923,1424000,1000
VEH-00760,H8BNS59DMYU14DUX2,,Toyota,Camry,2012,New,Petrol,Manual,Red,0,2287000,1200
VEH-00761,35HEUKKXBV3PLSX43,,Hyundai,i10,2021,New,Hybrid,Automatic,Blue,0,5749000,1800
VEH-00762,JVJUN0JSSKB8457BF,,Ford,Focus,2012,New,Diesel,CVT,Black,0,9396000,1800
VEH-00763,ACJ735V1433X14NYW,KE843P,Honda,HR-V,2015,Used,Petrol,CVT,Grey,192773,1852000,1800
VEH-00764,D1UD55XL8MC0FXRWA,,Honda,Civic,2015,New,Petrol,Manual,Red,0,3556000,2400
VEH-00765,9NDYTUCGJ32NLE2SY,KH714I,Toyota,Land Cruiser,2016,Used,Diesel,Automatic,Blue,53903,3187000,1000
VEH-00766,XX8RWHX0N8XC3PKAN,,Volkswagen,Passat,2022,New,Petrol,Automatic,Beige,0,6386000,2000
VEH-00767,7PC4C9WYK2FHB7AKK,,Volkswagen,Golf,2025,New,Petrol,Automatic,Blue,0,5301000,2400
VEH-00768,S6J3AB63ACT85YL6W,,Isuzu,MU-X,2024,New,Diesel,Manual,Beige,0,1782000,1200
VEH-00769,249KA7JK83MWRHHYL,,Honda,Civic,2022,New,Diesel,Automatic,Red,0,7101000,2000
VEH-00770,2AGHJA7BX3WNPM008,KH763O,Ford,Fusion,2026,Used,Petrol,Automatic,Grey,34563,5227000,1800
VEH-00771,07G1VMU59JX5YNRD0,KD380S,Hyundai,Tucson,2016,Used,Petrol,Manual,Beige,16667,2888000,2400
VEH-00772,VD54SE6EEA0WX7NJK,,BMW,3 Series,2021,New,Petrol,CVT,Beige,0,4252000,1000
VEH-00773,4H0JEZ909P18ME4YL,KC498B,Honda,CR-V,2018,Used,Petrol,CVT,Black,75640,645000,1200
VEH-00774,CCWGJJ2XTECHB1TYG,KE781M,Isuzu,D-Max,2010,Used,Diesel,CVT,White,51944,1903000,2400
VEH-00775,CJJEZ8SXXP6MLPWEC,KJ660E,BMW,5 Series,2014,Used,Hybrid,Manual,Green,7986,1212000,1500
VEH-00776,SCX9HAGJDXXPG7XC4,KG380A,Honda,HR-V,2020,Used,Diesel,Manual,Grey,108823,1421000,1200
VEH-00777,M3U6XPRDNWSJ4V4FG,KC729N,Mitsubishi,L200,2015,Used,Diesel,Automatic,Blue,77804,3760000,1800
VEH-00778,56C2HBJWULTCM0WYZ,KG815F,Volkswagen,Polo,2025,Used,Diesel,CVT,Beige,134628,2019000,1000
VEH-00779,A188SDF0P0HGTC3FL,,Ford,Explorer,2026,New,Diesel,CVT,Beige,0,2475000,3000
VEH-00780,MTW2C83JRZCSHN7A0,,Volkswagen,Polo,2026,New,Petrol,Automatic,Green,0,8167000,3000
VEH-00781,V1FG3UM8B80WFJYES,,Hyundai,Elantra,2011,New,Electric,Manual,Black,0,9153000,1000
VEH-00782,HRM7UEAECRAKUJZR0,,BMW,5 Series,2010,New,Petrol,CVT,Green,0,4903000,1500
VEH-00783,1LLZA86BDLUJERFZA,,Isuzu,MU-X,2018,New,Petrol,Automatic,Silver,0,6440000,1300
VEH-00784,UA6ZZ5YGS3V92E8AX,,Volkswagen,Tiguan,2009,New,Hybrid,CVT,Green,0,6688000,1500
VEH-00785,V0LJ5JKJ8NRJSBVK1,KJ128D,Honda,Fit,2021,Used,Petrol,CVT,Black,58212,5750000,3000
VEH-00786,4FAEDMLAX3X9P12E4,KF481F,Hyundai,Santa Fe,2012,Used,Diesel,CVT,Silver,42768,1865000,1300
VEH-00787,GSRLMJB00TP71ZWBD,KB437Y,Isuzu,D-Max,2018,Used,Petrol,Automatic,Red,24376,3015000,2400
VEH-00788,UPH9KW8A6M66T0WDU,KB918J,Ford,Ranger,2022,Used,Diesel,Manual,Silver,121455,4432000,1500
VEH-00789,WFL3VRRW9CZ293H02,KH521E,Mazda,CX-3,2017,Used,Petrol,Automatic,Red,90467,1958000,1200
VEH-00790,6MUS83DM7FDGNU2C7,KD378O,Honda,Fit,2008,Used,Petrol,CVT,Black,2082,3765000,1300
VEH-00791,TNDDJ4WYW5WSX7Z77,KD316Q,Isuzu,D-Max,2008,Used,Diesel,CVT,Red,1202,3569000,1300
VEH-00792,PYV228SZB7VYSTKWX,KE900I,Mercedes-Benz,GLC,2025,Used,Petrol,CVT,Blue,21255,5166000,1800
VEH-00793,6FRN2MYKRMVZB3JMY,KJ314T,Nissan,Altima,2009,Used,Petrol,CVT,White,74864,2431000,3000
VEH-00794,TLTHZLY3CSL49ZT8G,KH767V,Subaru,Outback,2026,Used,Petrol,CVT,Beige,196392,4252000,3000
VEH-00795,YATHWEG0LA6PWM8L2,,Hyundai,Elantra,2014,New,Diesel,Manual,Black,0,1414000,1300
VEH-00796,HZ03KRJZG8JSCPX6W,,Isuzu,MU-X,2018,New,Diesel,Automatic,Red,0,5047000,2000
VEH-00797,BPSCPL73V33DFVJYD,KC589V,Mitsubishi,Pajero,2009,Used,Diesel,Manual,Green,7335,979000,2000
VEH-00798,FE9YYXNKPZJAJN3ML,,Toyota,Hilux,2020,New,Petrol,Automatic,Grey,0,2490000,2000
VEH-00799,U3L3HEP9WWJ4BUZ4P,KG838V,Hyundai,Elantra,2023,Used,Electric,Manual,Green,40577,6268000,1000
VEH-00800,NMAD2BY7A08ZFBWGL,,Ford,Fusion,2012,New,Petrol,Automatic,Beige,0,4926000,1300
VEH-00801,YZ13WX41F72XD5HSF,KG143B,Honda,Fit,2013,Used,Hybrid,Manual,Silver,21576,2330000,1500
VEH-00802,RBKVTU6367CGFY41A,KB271N,Isuzu,MU-X,2022,Used,Electric,CVT,White,157666,2071000,1800
VEH-00803,L1JP4PZAR4JFX79FS,KH663O,Nissan,Navara,2021,Used,Diesel,Automatic,Beige,83066,4243000,1800
VEH-00804,WPSS59C6TX8FLPCWT,KC510V,Toyota,Hilux,2008,Used,Diesel,CVT,Green,81998,2826000,1800
VEH-00805,5CURM1PU3C4YN98WN,,Honda,Fit,2008,New,Petrol,Automatic,Grey,0,2843000,1200
VEH-00806,HNZCPAWCXZVUA0SZ2,KG597D,Ford,Explorer,2012,Used,Petrol,Manual,Beige,28458,1691000,3000
VEH-00807,BHRVNRN0YKCB9D7VA,KH152D,Isuzu,D-Max,2009,Used,Petrol,CVT,Red,24112,1437000,1000
VEH-00808,MKSZ7HZFC9F6S63SY,KF755H,Mitsubishi,Outlander,2008,Used,Hybrid,Automatic,Red,14372,979000,3000
VEH-00809,MNZX1ZFKPD2GK825D,KD344O,Mitsubishi,Pajero,2016,Used,Hybrid,CVT,Grey,2611,1040000,3000
VEH-00810,XNDZN74LTC3KY3UXN,KJ180I,Hyundai,i10,2026,Used,Petrol,CVT,White,90019,6961000,1000
VEH-00811,1ZRJAXVGJ2L91D6C8,KJ480Z,Volkswagen,Tiguan,2024,Used,Diesel,Manual,Blue,75425,3147000,2400
VEH-00812,9LHFJ4PTG4RZYZ5A2,KC251V,Isuzu,MU-X,2024,Used,Hybrid,Automatic,Silver,367760,5989000,2000
VEH-00813,LVFV577VDX853SZXU,,Subaru,Forester,2012,New,Petrol,Automatic,White,0,8343000,1800
VEH-00814,D07Z96CRSTU3ME4FR,KG734Q,Ford,F-150,2015,Used,Petrol,CVT,Beige,256269,3696000,3000
VEH-00815,JRKCKDX90WZH97Z8R,,BMW,X3,2017,New,Diesel,Automatic,Black,0,5501000,1500
VEH-00816,D44U2SH0ZP7CMVP00,KD988B,Nissan,Navara,2015,Used,Electric,Automatic,White,36479,571000,2400
VEH-00817,8DB0R7HB48F6Y1TUX,,Mazda,CX-3,2024,New,Petrol,Automatic,Beige,0,3851000,2000
VEH-00818,ECUAUG6U36PL6M5LP,KD462N,Hyundai,Tucson,2010,Used,Petrol,Automatic,Black,65937,833000,1000
VEH-00819,CFY0NW7L8JW0ULU69,,Ford,F-150,2024,New,Diesel,Automatic,Beige,0,2370000,1000
VEH-00820,HZ3U5S31F17GRNRK2,,Mazda,CX-5,2009,New,Hybrid,CVT,Beige,0,6819000,2400
VEH-00821,MSU190ET7RHJ98AGU,KD372U,Ford,Ranger,2025,Used,Diesel,CVT,Red,130327,7261000,3000
VEH-00822,Y55RY2BLMMWH82HX4,,Volkswagen,Tiguan,2021,New,Petrol,Automatic,Beige,0,9203000,1000
VEH-00823,9LM6U00HWR7SBDP9U,,Nissan,X-Trail,2016,New,Electric,Automatic,Green,0,7297000,1800
VEH-00824,25NA8KZ61R1G0XCZK,KF460R,Hyundai,i10,2015,Used,Petrol,CVT,Beige,85264,3303000,1000
VEH-00825,ZJL4ZKFKTAVLBE0H8,KJ129W,Toyota,Prado,2021,Used,Petrol,CVT,Beige,12786,2244000,1200
VEH-00826,RXL62CUAD4GK3LSEY,,Hyundai,Tucson,2025,New,Petrol,CVT,Beige,0,4185000,1200
VEH-00827,XS7ZK8MMV9AM6HXE0,KB553D,Mazda,Mazda6,2019,Used,Petrol,Automatic,Blue,26947,3907000,1200
VEH-00828,L1YN3CRZU9F2PL5X0,KB406L,Mercedes-Benz,E-Class,2019,Used,Petrol,CVT,Blue,6223,4052000,2000
VEH-00829,YSNXJGT2E8G1ZH0DF,,Ford,Focus,2014,New,Electric,Automatic,White,0,7968000,1300
VEH-00830,42WC3CVB0YMVWCA7S,,Subaru,Impreza,2021,New,Hybrid,Manual,Silver,0,6602000,1500
VEH-00831,VW82GK89JTNCH2XZ6,KG659N,Ford,Explorer,2017,Used,Petrol,Automatic,Grey,138610,885000,1800
VEH-00832,FCZGCHDWLBX8BUUCN,,Ford,Focus,2011,New,Petrol,Automatic,Silver,0,7687000,1500
VEH-00833,WTCHL80ZD8HR5PBK7,KB595C,Honda,HR-V,2011,Used,Petrol,CVT,Grey,41933,3395000,1200
VEH-00834,KL5D02A6J8JNATJU2,KF159W,Subaru,Impreza,2024,Used,Petrol,Automatic,Silver,11682,4593000,2000
VEH-00835,41GP4Y8TCY512L619,,Mitsubishi,L200,2022,New,Electric,Manual,Green,0,1831000,1500
VEH-00836,AWK758PW5E2HSADZU,KA900A,Toyota,Hilux,2020,Used,Diesel,Manual,Blue,50122,890000,1000
VEH-00837,K43P62K6UUG5FSWAW,,Mercedes-Benz,GLE,2014,New,Petrol,CVT,Red,0,3014000,1300
VEH-00838,KL5G268287UF1RU6V,KH300M,Isuzu,MU-X,2025,Used,Hybrid,CVT,Grey,43320,6984000,1300
VEH-00839,HJNLP3U18JNTCBHSM,,Volkswagen,Jetta,2008,New,Petrol,Automatic,Beige,0,7029000,2400
VEH-00840,AD1J3NFDLHNCPNDNB,KD998M,Toyota,Corolla,2016,Used,Petrol,CVT,Silver,19953,1493000,2400
VEH-00841,MXNMJ1TJTJ524HR93,KD397Z,Mitsubishi,L200,2008,Used,Diesel,CVT,Red,5424,1627000,1800
VEH-00842,A95D8YETEHU3SJED5,KH861Z,Mazda,CX-3,2021,Used,Petrol,CVT,Grey,50104,1008000,2000
VEH-00843,XA3GA0VP7MUCPZJ62,,Isuzu,D-Max,2026,New,Petrol,Automatic,Blue,0,6897000,1800
VEH-00844,P37LYM0LF8JXNWK49,,Volkswagen,Polo,2022,New,Diesel,Automatic,Red,0,6997000,2400
VEH-00845,8D81975YRJSYK1WHZ,,Ford,Ranger,2018,New,Diesel,CVT,Grey,0,1265000,1500
VEH-00846,W0ZZBCAV8E0KYR81H,KE994Y,Ford,Ranger,2016,Used,Hybrid,CVT,Blue,33057,2206000,1800
VEH-00847,Y6J02266GHFUSMPT9,KB775G,Honda,CR-V,2013,Used,Petrol,Manual,Green,66591,3470000,2000
VEH-00848,DCUE194588ZUWC0A1,KB218N,Hyundai,Santa Fe,2022,Used,Petrol,Automatic,Green,33043,3923000,1800
VEH-00849,5H2S3F25T83Z7529G,KH838V,Nissan,Navara,2010,Used,Petrol,Automatic,Beige,86029,2435000,3000
VEH-00850,DEHMDCY24VFFS9BPP,KA251R,Toyota,Corolla,2023,Used,Petrol,CVT,Grey,36123,7088000,1500
VEH-00851,L2ZED04G9S414ABJU,KA640U,Subaru,Outback,2019,Used,Petrol,CVT,Green,37040,2690000,2400
VEH-00852,41B86HTWZZTLRPZXM,,Subaru,Impreza,2013,New,Hybrid,Automatic,Blue,0,7915000,2000
VEH-00853,PZCWFD9JSM53GMEEG,,Hyundai,Santa Fe,2022,New,Electric,Automatic,Grey,0,5150000,1000
VEH-00854,JF78HA729S2J21HCT,KC762E,Volkswagen,Passat,2020,Used,Petrol,Automatic,Beige,94174,5621000,2000
VEH-00855,SXWA0M4G02WGERHJE,KF813M,Honda,Accord,2018,Used,Petrol,CVT,Grey,23249,1497000,3000
VEH-00856,MWDHHS206AZLYJ6GR,KE302G,Ford,Fusion,2023,Used,Petrol,Manual,Black,6474,2265000,1500
VEH-00857,8EY6XASRW3YN7ZSPY,KJ116U,Mercedes-Benz,GLC,2019,Used,Diesel,Automatic,Red,1314,4423000,2000
VEH-00858,YUHXFKL0XRY9WUMG0,,Nissan,Note,2012,New,Petrol,CVT,Grey,0,5306000,1000
VEH-00859,S7Z5ZCNHDT14PMMCZ,KA230K,Volkswagen,Jetta,2022,Used,Petrol,Automatic,Green,63317,4783000,2400
VEH-00860,9TS54WUJVMX6AUGES,KC256D,Isuzu,D-Max,2020,Used,Petrol,CVT,Green,43577,1966000,1500
VEH-00861,9HWX7KGVL1PRYNCBT,,Isuzu,MU-X,2017,New,Petrol,Manual,Black,0,6876000,1000
VEH-00862,ZH1F1YS04F1KTJH9R,KG105Z,Isuzu,D-Max,2022,Used,Petrol,Manual,White,54794,3336000,1000
VEH-00863,9AR91PL12VVZYTXXK,KH541Z,Nissan,Sentra,2024,Used,Petrol,CVT,White,10776,6371000,1500
VEH-00864,2YN8DK130P84JTH8H,,BMW,3 Series,2021,New,Petrol,CVT,White,0,9066000,2000
VEH-00865,NM9VR3KRCU1T9K3MX,,Ford,F-150,2026,New,Petrol,Automatic,Grey,0,3983000,1000
VEH-00866,B5Y4NNXYJH2HJPL9G,,Hyundai,Tucson,2018,New,Petrol,Automatic,Green,0,3211000,1000
VEH-00867,VG5PKR6WBSJKR7E1C,,Volkswagen,Jetta,2022,New,Petrol,Manual,Black,0,5571000,2000
VEH-00868,Z09VPT7CVYB4EUHHE,KJ525W,Toyota,Yaris,2015,Used,Diesel,Automatic,White,6597,3219000,1200
VEH-00869,2AW2S3A96C535DU7V,,Volkswagen,Jetta,2018,New,Petrol,CVT,Black,0,1203000,1800
VEH-00870,P2N5MVZ1W4WUCRYCA,,Subaru,Outback,2026,New,Petrol,Automatic,Silver,0,8862000,1500
VEH-00871,27NT7DPFWGE2KM8B5,KE142V,Mitsubishi,Outlander,2025,Used,Petrol,Manual,Beige,659,8652000,1200
VEH-00872,N0JAPC78FP9EBHBN9,KF175N,BMW,X5,2019,Used,Petrol,CVT,Black,19425,2393000,1300
VEH-00873,YU6ZEZYHZ47GGM5TT,KC160N,Honda,Civic,2025,Used,Diesel,Manual,Black,40112,7684000,1800
VEH-00874,TW4DAWND25BKBFC14,KG106Q,Isuzu,MU-X,2021,Used,Petrol,Automatic,Black,22409,4877000,1000
VEH-00875,UCX6J3VHRLK5APW31,KJ135N,Nissan,Note,2021,Used,Diesel,CVT,Beige,25889,5986000,1800
VEH-00876,ZY7MYTE9CEXAXR5Y6,KC423G,Mazda,Mazda6,2021,Used,Diesel,CVT,Blue,105527,2134000,3000
VEH-00877,MBN5KE9PSK06L6E2Z,KC723Z,Hyundai,i10,2010,Used,Petrol,Automatic,Black,19264,3186000,1200
VEH-00878,PAGWE3PV79ZSBPN41,KE145F,Hyundai,i10,2012,Used,Petrol,Automatic,Beige,32468,2292000,1300
VEH-00879,FGE4NBU1UXW5RD8B2,,Volkswagen,Golf,2012,New,Petrol,Automatic,Grey,0,3494000,2000
VEH-00880,J7AX4HYHE0EW67W76,KD842D,Volkswagen,Golf,2014,Used,Diesel,Automatic,Black,68889,2208000,1800
VEH-00881,TJ65ZX5S2E5BE7RUH,KD603T,Toyota,Yaris,2025,Used,Hybrid,CVT,Black,22728,4956000,1200
VEH-00882,N5FP9UX33ZMS9255P,KE614Q,Isuzu,D-Max,2009,Used,Electric,Manual,Grey,43789,2382000,3000
VEH-00883,GYGD69Z1VL9JNVUTS,,Isuzu,D-Max,2018,New,Petrol,Automatic,Beige,0,7473000,2400
VEH-00884,BEVTLZTCYBSGZ40NM,KD205L,BMW,X5,2020,Used,Diesel,CVT,Silver,89241,4572000,2400
VEH-00885,08J8HXE3C7MW5NL0L,KD318C,Ford,Focus,2009,Used,Diesel,CVT,Beige,134378,1472000,1200
VEH-00886,627FRXAABGXHKWN00,,Honda,CR-V,2015,New,Diesel,CVT,Green,0,3239000,1200
VEH-00887,7TB076DVFXHR7TTK5,KD319D,Mitsubishi,L200,2024,Used,Petrol,Manual,Grey,7158,7241000,2000
VEH-00888,ARZ9155U3VLS5JSHN,KF511A,Nissan,Sentra,2009,Used,Petrol,Automatic,Green,117524,1953000,1300
VEH-00889,FZUD4H5P8FVJRR0HG,,Ford,F-150,2012,New,Hybrid,Automatic,Red,0,9312000,2400
VEH-00890,YP6U9DGYJ9U0W9D8Y,KG459D,Subaru,Impreza,2009,Used,Petrol,Automatic,Silver,30487,1825000,1200
VEH-00891,VC1AV0HNXUCPMMM9V,KF686I,Toyota,Yaris,2020,Used,Petrol,CVT,Grey,13443,3279000,3000
VEH-00892,P7NWFPRTTVMVC4LT9,,Subaru,Impreza,2011,New,Petrol,Automatic,Grey,0,8357000,1000
VEH-00893,5GXA35D5BCHDL8LGG,KE611T,Mercedes-Benz,GLC,2013,Used,Petrol,Manual,Blue,27656,2129000,1000
VEH-00894,3N4440A49YVC9SU7N,KG572V,Honda,Civic,2024,Used,Petrol,Automatic,Silver,176114,1774000,1000
VEH-00895,FGFLZBTNV967XSY1N,,Subaru,Outback,2020,New,Hybrid,Automatic,Grey,0,7919000,1300
VEH-00896,MZD8ZG315A8PMTZ5Z,,BMW,X5,2008,New,Petrol,Manual,White,0,6915000,2000
VEH-00897,N8534KHZG5K6BNEPT,KG921Y,Isuzu,MU-X,2014,Used,Hybrid,CVT,Green,30532,2161000,1800
VEH-00898,NX4X91M43H565Y0EA,KF347O,Mitsubishi,Pajero,2024,Used,Petrol,CVT,White,17937,6529000,1800
VEH-00899,XLAR3K5B8UNUGU7WG,KB353N,Isuzu,MU-X,2018,Used,Diesel,Automatic,White,45156,3423000,1800
VEH-00900,85CA6H304LB1EMHUX,KG310G,Toyota,Hilux,2015,Used,Hybrid,Automatic,Beige,12358,666000,1800
VEH-00901,8PRBH5ET4VSDW202K,KB154C,Isuzu,MU-X,2016,Used,Petrol,CVT,Beige,3550,3126000,2400
VEH-00902,WDKUWSVSU95ACJ6RY,,Toyota,Hilux,2025,New,Petrol,Automatic,Grey,0,8530000,2000
VEH-00903,YGB2APUM1BC40ZDFG,KG197G,Toyota,Yaris,2019,Used,Diesel,Manual,Grey,6208,4435000,3000
VEH-00904,UKZ087JPTA7T9TCB3,KG965U,BMW,X3,2019,Used,Petrol,Manual,Green,6165,3558000,1800
VEH-00905,GUYR1TGAJ4MH7LKZ5,KE735E,Toyota,Hilux,2009,Used,Petrol,CVT,White,7414,2251000,1000
VEH-00906,T323J1CTU1TJJJBVV,KF860S,Volkswagen,Golf,2022,Used,Petrol,Manual,Silver,6725,6134000,1000
VEH-00907,4FX2EMG7BE8YPGAW6,,BMW,X3,2021,New,Hybrid,Automatic,Green,0,7183000,2000
VEH-00908,YDM343ZGFD5XMD9LA,,Nissan,Altima,2015,New,Petrol,Manual,Silver,0,6210000,1000
VEH-00909,BUEZV7B8KKR7M1TRG,,Mitsubishi,Pajero,2024,New,Diesel,CVT,Silver,0,8822000,1800
VEH-00910,D5UT5GUE75W5DM5NS,,Mitsubishi,Pajero,2018,New,Petrol,CVT,Black,0,8161000,2000
VEH-00911,EP04LL1RD3A0KVWD0,,Mazda,Mazda3,2015,New,Petrol,Manual,Silver,0,5506000,1800
VEH-00912,LR5WM2W37NLT5T0YR,,Nissan,Navara,2017,New,Diesel,Automatic,Beige,0,8896000,3000
VEH-00913,5N6DHR513JWXACKLN,,Isuzu,MU-X,2023,New,Electric,CVT,Blue,0,6019000,2400
VEH-00914,GV3YTFNH672RJ1AK2,KC602E,BMW,X3,2011,Used,Diesel,Automatic,Red,46083,925000,1500
VEH-00915,XKT74BKNV3MXM4738,KG671V,Honda,CR-V,2019,Used,Petrol,Automatic,Beige,9033,4070000,2400
VEH-00916,MA91DT2BGSNLSLFXW,KD328M,Hyundai,Elantra,2025,Used,Diesel,Manual,Grey,19086,5960000,1200
VEH-00917,8UTMZ9BN2GCD4FFKB,KD802V,Isuzu,MU-X,2009,Used,Diesel,CVT,Grey,102193,3687000,2400
VEH-00918,AZHVRFY8VXUK7U1PR,,Volkswagen,Polo,2026,New,Petrol,CVT,Blue,0,8831000,1300
VEH-00919,0GG2RSE3L4JYGZFT4,,Mitsubishi,Outlander,2025,New,Petrol,Automatic,Red,0,5499000,1200
VEH-00920,JVLUYL8NX9V0J3LRL,KC300T,Isuzu,MU-X,2022,Used,Petrol,Manual,Green,28907,2840000,1000
VEH-00921,NP9U8E9GE2EYY9YJV,KC290B,Mercedes-Benz,GLE,2016,Used,Petrol,Manual,Grey,49558,2457000,3000
VEH-00922,ZCTTK6ULTBJLWZ7L2,,Mitsubishi,L200,2016,New,Diesel,CVT,Red,0,4445000,3000
VEH-00923,6M5EP1YJJWHPHSND8,KF297I,Mercedes-Benz,GLE,2025,Used,Diesel,Manual,White,8510,1555000,1000
VEH-00924,RJ05EJCVVUZY3PXHL,KJ427B,Nissan,X-Trail,2010,Used,Petrol,CVT,Blue,9609,2192000,1500
VEH-00925,SP0G5ZZBKGVAB93XC,KH144B,Ford,Fusion,2026,Used,Petrol,Manual,Black,1877,8994000,1800
VEH-00926,PXA4S0MXDDKL94B8A,KH590X,Mazda,Mazda6,2017,Used,Hybrid,CVT,Red,8327,3510000,1200
VEH-00927,169DVSM74D9H4BJXR,,Volkswagen,Golf,2021,New,Petrol,Manual,Silver,0,6194000,2400
VEH-00928,FGCPMTPERLESEBHXS,KA247O,Hyundai,i10,2019,Used,Diesel,Manual,White,14694,906000,1000
VEH-00929,WL829CU5RZGFH3G32,KD117U,Mazda,Mazda6,2025,Used,Hybrid,Automatic,Blue,8766,4489000,2000
VEH-00930,6WG50HEFZPUM7LDA0,KE170Y,Honda,Fit,2018,Used,Diesel,Manual,Red,4179,869000,1800
VEH-00931,HK20HP2AS20G0BWUK,,Mercedes-Benz,C-Class,2018,New,Petrol,Automatic,Grey,0,6290000,3000
VEH-00932,A8JC4M0XVZ357XVSR,,BMW,3 Series,2012,New,Diesel,CVT,Red,0,5079000,2400
VEH-00933,NMD8HZVB09Z06W2XV,KD834U,Mercedes-Benz,C-Class,2022,Used,Petrol,CVT,Grey,5785,3746000,2400
VEH-00934,30BM0X7549MG4SY59,KF106S,Nissan,Navara,2008,Used,Petrol,Manual,White,27793,2874000,3000
VEH-00935,0RW4P294Y24CVT51A,,Mercedes-Benz,GLC,2021,New,Diesel,Manual,Green,0,9100000,1000
VEH-00936,V3CSBGEZZUM4ZZS45,KA186I,Subaru,Outback,2010,Used,Diesel,Automatic,Silver,10399,3313000,2400
VEH-00937,RY16LATGLWN3Z93EM,,Mercedes-Benz,E-Class,2011,New,Diesel,Manual,Grey,0,4017000,2000
VEH-00938,SKUZFBTDSJ3UYGUV1,KH844P,Hyundai,Tucson,2026,Used,Petrol,Automatic,Blue,20384,6761000,3000
VEH-00939,7Z8YLUNWW1FEBCG06,KG755S,BMW,5 Series,2019,Used,Petrol,Automatic,Beige,31500,3684000,1200
VEH-00940,VGHBXJVVBYUU12NH4,KC533W,Subaru,Impreza,2026,Used,Petrol,Manual,Blue,52760,6110000,3000
VEH-00941,VP5WKNRVFEWCYTM73,,Nissan,Navara,2024,New,Diesel,Automatic,Beige,0,2763000,2000
VEH-00942,ZTS4CKCEKKLMTZCLM,,Isuzu,D-Max,2018,New,Hybrid,Manual,Beige,0,5246000,1300
VEH-00943,2N0NY9GXGWPN4SAUL,KA509S,Toyota,Land Cruiser,2016,Used,Diesel,Manual,Blue,1804,2940000,1800
VEH-00944,52WJGKWD8DUCVYP6X,,Honda,Civic,2010,New,Petrol,Manual,Grey,0,2424000,2000
VEH-00945,TXDLT5KNBD9P46FG4,KF431J,BMW,X3,2014,Used,Petrol,Manual,White,72292,3153000,1300
VEH-00946,N0FYVA4CRYHN77374,KE583V,Honda,Accord,2018,Used,Petrol,CVT,White,44486,4083000,2400
VEH-00947,5CR9MNMCX11AFKDMC,KJ142T,Toyota,Yaris,2015,Used,Petrol,Automatic,Black,3838,2243000,2000
VEH-00948,RM3EM83C6Z6VRXZ0V,,Nissan,Altima,2014,New,Diesel,CVT,Red,0,2853000,1300
VEH-00949,35YDKV7JDDAC38ZPW,,Mitsubishi,Pajero,2026,New,Petrol,Manual,Blue,0,1918000,1300
VEH-00950,44BR6FXTKLXT8NNKC,,Hyundai,Santa Fe,2012,New,Petrol,Automatic,Silver,0,2213000,1200
VEH-00951,887LKYE6L30VADGU6,KD204L,Volkswagen,Polo,2022,Used,Petrol,CVT,Silver,93066,2996000,1500
VEH-00952,90E01JFN4X9F9L786,,Nissan,X-Trail,2025,New,Petrol,CVT,Green,0,7200000,3000
VEH-00953,LE7G97Y1T0607K906,KH598E,Toyota,Yaris,2022,Used,Petrol,Automatic,Red,114151,1101000,1300
VEH-00954,06NCZ310T7KS9MGM6,,Nissan,Altima,2008,New,Petrol,CVT,Grey,0,3034000,1300
VEH-00955,0HY3F7W6Y9X2SYUS9,KA380F,BMW,X5,2015,Used,Diesel,Manual,Red,2836,1551000,3000
VEH-00956,NH40ZWZYLLSBAS5YT,KF106X,Isuzu,D-Max,2010,Used,Diesel,Automatic,Blue,14587,2500000,2400
VEH-00957,0P2H737MX4V1KF6WM,KD936G,Volkswagen,Tiguan,2022,Used,Diesel,CVT,Red,73842,3565000,1200
VEH-00958,YM707APLDH57H11A5,KA357C,Mazda,CX-3,2011,Used,Petrol,Automatic,Silver,62071,1178000,1300
VEH-00959,TT3589G8ZH4DUR653,KD461J,Volkswagen,Tiguan,2012,Used,Diesel,CVT,Red,9179,2836000,1300
VEH-00960,8P1T3CL4G9DAUP9BR,KF900S,Honda,Civic,2013,Used,Hybrid,CVT,White,10570,1544000,1000
VEH-00961,JPVNDBBCFCJUREJPR,KJ581R,Volkswagen,Jetta,2011,Used,Petrol,CVT,Grey,20825,543000,1300
VEH-00962,55GEAGLTHGLDPCBA4,KA167A,Honda,CR-V,2026,Used,Diesel,Manual,Grey,29819,5212000,1200
VEH-00963,SLBS9EZZWM19SYT3C,,Volkswagen,Tiguan,2019,New,Petrol,CVT,Beige,0,7451000,3000
VEH-00964,NCTSC3XC9HSXFKSBM,KE426K,BMW,X5,2023,Used,Diesel,Automatic,Black,43335,7297000,3000
VEH-00965,6B8WPLZJXD53TX6D9,,Mitsubishi,Outlander,2016,New,Diesel,Manual,Green,0,5860000,1300
VEH-00966,GHGCVJ8HLPSEBSX2G,KJ772I,Toyota,RAV4,2016,Used,Petrol,CVT,Red,20714,2496000,2000
VEH-00967,LK2B270ZS0TU9W5Y6,KC918D,Isuzu,MU-X,2018,Used,Diesel,Manual,White,27940,3563000,3000
VEH-00968,XT992KDRZUA8D689V,,Ford,Focus,2016,New,Petrol,Manual,Green,0,7543000,1800
VEH-00969,K8TZVPC39TSAHL2ZY,,Nissan,X-Trail,2021,New,Petrol,Manual,Beige,0,3652000,1500
VEH-00970,U95YJ3Z1YB3H93RW1,KC367M,Ford,Explorer,2020,Used,Diesel,Manual,Blue,61930,4916000,3000
VEH-00971,7GDR9JJ37Z3D2FNC3,,Toyota,RAV4,2024,New,Petrol,Manual,Blue,0,8994000,1500
VEH-00972,MNZK932LNL5ZGCMDC,KA755E,BMW,X3,2014,Used,Petrol,Manual,Beige,1681,999000,1200
VEH-00973,B5F9LF52R9J13VZLR,,Volkswagen,Polo,2026,New,Petrol,Automatic,Black,0,7777000,2000
VEH-00974,3CK4LR25UFU0XBD5W,KE132F,Isuzu,MU-X,2016,Used,Diesel,Manual,Grey,13092,1866000,2000
VEH-00975,TZ81X5FUM7TBTYCZ6,,Mercedes-Benz,GLC,2026,New,Diesel,Manual,Red,0,4118000,1800
VEH-00976,0TSK7VJWBR3BAV57N,,Nissan,X-Trail,2019,New,Petrol,Manual,Beige,0,7103000,2000
VEH-00977,23V65YNWEA4AFM3MG,KG144C,Mazda,CX-5,2023,Used,Diesel,Manual,Grey,56227,2551000,1300
VEH-00978,E8M730KEPBEB4192K,,Isuzu,MU-X,2022,New,Diesel,CVT,Blue,0,5928000,1800
VEH-00979,ZJC5WJPJ7L060MSTD,KH842G,Ford,Ranger,2025,Used,Diesel,Automatic,Blue,101509,2353000,1300
VEH-00980,EZ6FWG57SDP302KB1,,BMW,3 Series,2024,New,Petrol,CVT,Red,0,8330000,1200
VEH-00981,CEAAE5E0FSYZMM379,KC552Y,Honda,Accord,2025,Used,Hybrid,Automatic,Beige,32255,5107000,3000
VEH-00982,0H149S1ER8X2WC8DA,KG101P,Nissan,X-Trail,2014,Used,Petrol,Manual,Black,34178,1548000,1800
VEH-00983,V297M5C6SDAFVVCRB,KF152P,Volkswagen,Tiguan,2024,Used,Diesel,Manual,Beige,5101,7532000,3000
VEH-00984,G881UB9FZZ9X4ZUP0,KA722B,Volkswagen,Golf,2012,Used,Petrol,Manual,White,26691,3798000,3000
VEH-00985,1KFWYLPBHCLX2X08D,KF556Z,Honda,Accord,2011,Used,Diesel,Manual,Silver,34227,3316000,1500
VEH-00986,356KCMF3K87BTVTM0,KH432K,Toyota,Yaris,2025,Used,Diesel,Automatic,White,12496,1575000,2000
VEH-00987,X6FJPKNRT8D7KZB37,,Subaru,Impreza,2017,New,Diesel,Automatic,Red,0,3689000,1000
VEH-00988,5JGK556D2706R8R6V,,Isuzu,MU-X,2020,New,Hybrid,Automatic,Red,0,5285000,2000
VEH-00989,BY7SER8TXYRXLRB8K,KD999D,BMW,X3,2010,Used,Petrol,Automatic,Red,14115,769000,1300
VEH-00990,RKSWNCTRNW966EB92,KD784X,Nissan,X-Trail,2022,Used,Petrol,Manual,Red,21314,2636000,3000
VEH-00991,99FJA2STW2DH0F2NA,KJ903X,Honda,Accord,2019,Used,Hybrid,Automatic,Beige,912,3050000,1500
VEH-00992,7C7JYMGWL1UXZ9R0R,,Hyundai,Elantra,2014,New,Electric,CVT,Beige,0,8765000,1000
VEH-00993,N42JR921C5TL8GVC1,KG344Q,Hyundai,Elantra,2008,Used,Hybrid,Automatic,Green,17492,3630000,1300
VEH-00994,KAL94REE20LKTMHCD,KJ612P,Honda,CR-V,2023,Used,Petrol,Manual,Blue,10690,6487000,1300
VEH-00995,WW363FL2A0E5EZKKT,,Honda,Accord,2012,New,Hybrid,Automatic,Green,0,3035000,3000
VEH-00996,J1SZNKPWHCDZ1NYT2,KH869M,BMW,3 Series,2019,Used,Hybrid,Automatic,Green,17853,3940000,2400
VEH-00997,VET1MYWL67CNKXUUW,KJ599E,Hyundai,Santa Fe,2023,Used,Petrol,Automatic,Blue,5740,1306000,1300
VEH-00998,VZPXWU2HU2KC3EP8G,,Ford,Focus,2021,New,Petrol,Manual,Black,0,7071000,1800
VEH-00999,GV6HAC73TZPJUMTNZ,,Volkswagen,Golf,2014,New,Petrol,CVT,Green,0,7041000,1200
VEH-01000,SJS8GCRVVYS7YL887,,Mazda,Mazda3,2016,New,Petrol,Manual,Grey,0,6305000,2000
VEH-01001,CY7LZ6ZW1927RJRWX,KG820F,Mitsubishi,L200,2025,Used,Diesel,Automatic,Blue,99543,3102000,1300
VEH-01002,SRV46B3AY753XB2X5,KC956A,Hyundai,Santa Fe,2011,Used,Petrol,CVT,Beige,40517,2459000,1300
VEH-01003,NCBKM3FL9JZEDMPXH,KD794L,Honda,Accord,2011,Used,Petrol,Manual,Blue,51148,3170000,1500
VEH-01004,ZDKHYL8WUKZ6C6UG8,,Mitsubishi,Outlander,2020,New,Petrol,Automatic,Red,0,3218000,1000
VEH-01005,8U5Y6XSEJK2C6ASZF,KF819W,Mitsubishi,L200,2014,Used,Petrol,Manual,Beige,70051,1308000,3000
VEH-01006,JPRRSHLVDSD7PD6JH,KC721I,Isuzu,D-Max,2023,Used,Petrol,CVT,White,31051,3344000,1300
VEH-01007,GJ5YVRS5UX6T63SH6,KB951E,Honda,CR-V,2009,Used,Diesel,CVT,White,4091,810000,1500
VEH-01008,MHZMS783C1PZ9B7NY,,BMW,3 Series,2011,New,Diesel,CVT,Black,0,4904000,1000
VEH-01009,N5NKGF23PDEZ90XSE,KH507W,Toyota,Prado,2016,Used,Petrol,Automatic,Silver,34661,1116000,3000
VEH-01010,RUZDWHUNBBBBPXET5,KH556K,Mercedes-Benz,C-Class,2024,Used,Petrol,Automatic,Green,39776,7848000,1200
VEH-01011,SAK3YH04M32P5K4CK,KG852G,BMW,5 Series,2025,Used,Petrol,Automatic,Red,61569,8729000,3000
VEH-01012,N24TVN0V7P3A2Y270,KH861K,Volkswagen,Tiguan,2010,Used,Petrol,CVT,Green,25426,2207000,1800
VEH-01013,F9EDJM7X4GYHPBCER,,Mercedes-Benz,GLC,2012,New,Petrol,Manual,Beige,0,5931000,1000
VEH-01014,FVEXGYE6ZXFYB0Z8L,KG236R,Mercedes-Benz,C-Class,2015,Used,Petrol,Automatic,Green,6141,1001000,2000
VEH-01015,UH9KTSXB9TLP9NLVR,KA796S,Volkswagen,Jetta,2009,Used,Diesel,Manual,Green,15019,2050000,1300
VEH-01016,WMXFSGN1E32L1FJ80,KG653W,Isuzu,MU-X,2008,Used,Diesel,Manual,Beige,20300,1605000,1000
VEH-01017,2ZJJ5RPBD8W1CBNTF,KJ495Y,Mitsubishi,L200,2016,Used,Diesel,CVT,Beige,46720,1126000,1300
VEH-01018,J72ZXC8XL3HKBVUZH,KB657H,Nissan,Note,2016,Used,Petrol,Manual,Green,38060,3010000,1500
VEH-01019,E47TT8J9VA25F3CHT,KF284A,Nissan,Navara,2021,Used,Petrol,Manual,Grey,19809,5564000,1200
VEH-01020,H4YZZKAVCTGEWRG4G,,Mazda,CX-5,2014,New,Petrol,Manual,Grey,0,2834000,1200
VEH-01021,60A0ZYY1CS5464FKL,KD363G,Isuzu,MU-X,2023,Used,Diesel,CVT,Beige,193778,3728000,1200
VEH-01022,LXD9B0VASUGBJBH90,,Mazda,Mazda3,2018,New,Petrol,CVT,Grey,0,5334000,1800
VEH-01023,DYANW0F0VE1M0NMYB,KC190H,Isuzu,D-Max,2013,Used,Petrol,Automatic,Beige,41887,1043000,2000
VEH-01024,1FNZD1PTDR731PEWF,KB441G,Mitsubishi,Pajero,2013,Used,Petrol,Automatic,Silver,12185,3518000,2400
VEH-01025,XKS38G5KZMGXKCYAL,,BMW,5 Series,2008,New,Petrol,CVT,Blue,0,1542000,2000
VEH-01026,RHTJRT1V09YNY4MTL,KA186P,Ford,F-150,2017,Used,Hybrid,Automatic,Silver,4830,2440000,3000
VEH-01027,VVDZ6EMCF4JRGNB6W,KF130F,Isuzu,MU-X,2015,Used,Petrol,Automatic,Red,7464,942000,1200
VEH-01028,30SZJM3RRTPGYF834,KH855V,Honda,Fit,2016,Used,Diesel,Automatic,Blue,12703,2073000,1200
VEH-01029,7D144MP3PR6WMJPAS,,Volkswagen,Jetta,2024,New,Diesel,Manual,Beige,0,1724000,2400
VEH-01030,5S3EFGA0MHR5RYLGE,KF751S,Nissan,Note,2010,Used,Diesel,Manual,Blue,7882,2101000,3000
VEH-01031,SFX8H006XF6A3JTYG,KJ415Y,Volkswagen,Tiguan,2024,Used,Petrol,CVT,Blue,9292,8279000,1800
VEH-01032,L23M0WVVYP3FJ9545,KA499U,Ford,Ranger,2015,Used,Petrol,Manual,Green,15102,1260000,2400
VEH-01033,J5DPG69F5GF5VGHNB,KE372L,Volkswagen,Passat,2016,Used,Petrol,CVT,Black,8568,872000,1800
VEH-01034,CSJWKVSK2CV0FXKHD,KF176F,Volkswagen,Tiguan,2017,Used,Diesel,Manual,Green,102183,876000,1800
VEH-01035,FWTRJ1LYXUT2VDHAS,KB367L,BMW,5 Series,2016,Used,Electric,CVT,Black,3763,1447000,1500
VEH-01036,6B83VJ19ATEPK81UZ,,Nissan,Navara,2026,New,Electric,Manual,Blue,0,6966000,1500
VEH-01037,PR1WDA3WP17X6E5C7,KA495K,Mitsubishi,Outlander,2010,Used,Petrol,Manual,Blue,33453,2600000,3000
VEH-01038,6LE9CB72G9F7XP958,,Honda,CR-V,2026,New,Diesel,Manual,Silver,0,2102000,1000
VEH-01039,XKN5X2X31R5F7YKKJ,,Mercedes-Benz,GLE,2010,New,Petrol,Manual,Beige,0,7089000,1500
VEH-01040,7C9WF0410WSLSR660,KJ274S,BMW,5 Series,2015,Used,Petrol,Automatic,Red,23773,2269000,3000
VEH-01041,NRS0DNHJZDAK4V9M3,KA995E,BMW,X5,2025,Used,Petrol,CVT,Green,181738,2776000,2400
VEH-01042,Z6N6LCFBTEFELY7U5,,Hyundai,Elantra,2021,New,Petrol,Automatic,Red,0,3777000,1800
VEH-01043,XLNM3YSR1WBR6772L,KD597I,Toyota,Land Cruiser,2019,Used,Diesel,CVT,Red,5347,3647000,1300
VEH-01044,714P34BY3255WXFKZ,,Mazda,Mazda3,2013,New,Diesel,Automatic,Red,0,3976000,1300
VEH-01045,58VBBHUJRBJCVCEEV,KF581K,Volkswagen,Jetta,2020,Used,Petrol,CVT,Red,22826,4411000,1200
VEH-01046,MXPL01ABMA3G6CUTT,KH247Q,Mitsubishi,Outlander,2023,Used,Petrol,Automatic,Red,157007,2688000,1500
VEH-01047,0XS33BJ91ZC3KCYJY,,Isuzu,D-Max,2024,New,Hybrid,Manual,Silver,0,2059000,1000
VEH-01048,VBF6BHP00P82S5M8N,,Isuzu,D-Max,2010,New,Petrol,Automatic,Red,0,8839000,1000
VEH-01049,3ZG20DBNGLG4U1EZG,,Volkswagen,Tiguan,2024,New,Hybrid,Manual,Grey,0,3975000,2000
VEH-01050,L1AANAE3AR0L91K3S,KC209N,Isuzu,D-Max,2017,Used,Electric,CVT,Grey,90280,2559000,1800
VEH-01051,6RBWBV47MZF12MXR2,KC483R,Isuzu,D-Max,2022,Used,Petrol,Automatic,Black,76439,6237000,1800
VEH-01052,MW10K4N99R2E4AJ8F,KC997X,Subaru,Forester,2010,Used,Petrol,Automatic,Red,13422,2913000,2000
VEH-01053,W2WMB6KRB7ZHT2861,KJ814A,Nissan,Navara,2008,Used,Petrol,CVT,Blue,8432,2165000,1200
VEH-01054,H0PZDDYATX31NJS4T,KE763F,BMW,X5,2009,Used,Diesel,CVT,Grey,49705,2142000,1300
VEH-01055,MCMB6N7CMSZNPP5P9,KE144S,Mercedes-Benz,GLE,2023,Used,Petrol,CVT,Grey,119267,4438000,2400
VEH-01056,NDP5CGM9GJNCEPPWC,,Nissan,Navara,2008,New,Petrol,CVT,Green,0,8604000,3000
VEH-01057,5WVUV4X91CRHMTB0N,KC284Y,Mitsubishi,Pajero,2025,Used,Petrol,CVT,Black,36614,6645000,2400
VEH-01058,EKW0ATGDWVTRSZAUZ,,Nissan,X-Trail,2015,New,Petrol,Automatic,White,0,2211000,2400
VEH-01059,MSYMSN1FXLC3640H1,,Ford,Fusion,2014,New,Petrol,Manual,Grey,0,2782000,1300
VEH-01060,59G3E024CVZE84UZR,KF617V,Nissan,Sentra,2013,Used,Electric,Manual,Black,38147,1502000,2000
VEH-01061,F2S3A7YPNN0XSTYF8,,Volkswagen,Golf,2011,New,Petrol,CVT,Blue,0,9002000,2000
VEH-01062,X0ZW9BHMMZYDG01EZ,KF524O,Toyota,Camry,2014,Used,Diesel,CVT,Red,14781,2129000,1000
VEH-01063,SC3E5PF5X3WTF08HT,KC104W,Mitsubishi,Outlander,2009,Used,Petrol,Manual,Blue,66036,2162000,3000
VEH-01064,J0PMPMT9803N4YY0V,,BMW,X5,2021,New,Diesel,Manual,Blue,0,1949000,1800
VEH-01065,31LS3PP0HU4MM2870,KB814L,Subaru,Forester,2014,Used,Diesel,CVT,Green,9318,2979000,3000
VEH-01066,Z92N7WG37WKFSPD2Z,KG135W,Mercedes-Benz,E-Class,2012,Used,Petrol,CVT,White,17598,2374000,3000
VEH-01067,670VV8F2WR5RHFAYH,,Ford,Focus,2012,New,Diesel,CVT,Grey,0,8397000,2400
VEH-01068,DXAP5TK5GPSLNRWCJ,,Mazda,Mazda6,2023,New,Diesel,CVT,Red,0,6574000,1800
VEH-01069,1UTUBFHD83P6EJTTB,KA677K,Hyundai,i10,2015,Used,Petrol,Automatic,White,24936,648000,1200
VEH-01070,22AA7Z87RU7JR2HLT,KD964M,Nissan,Navara,2011,Used,Diesel,Manual,White,31881,2521000,1800
VEH-01071,8NCHD8MEYYY0MCC6Y,KD873L,Honda,Accord,2011,Used,Diesel,CVT,White,12492,1547000,1800
VEH-01072,LRX4BZ2EV0Z9NR9NF,,Ford,F-150,2017,New,Diesel,CVT,Red,0,2722000,1200
VEH-01073,X9VUKZYADGHZVGXZR,KA284M,Volkswagen,Tiguan,2008,Used,Diesel,Manual,Silver,5489,2373000,1000
VEH-01074,CLH4D3TBRR4TW923V,KC881B,BMW,3 Series,2019,Used,Hybrid,Manual,Silver,42443,3417000,3000
VEH-01075,X6H4GARUD5F2S7NM6,,Mazda,Mazda6,2016,New,Petrol,Automatic,Blue,0,5424000,2400
VEH-01076,LHMFRK3Z8UE5EP4W8,,BMW,X3,2019,New,Diesel,CVT,Red,0,7450000,1200
VEH-01077,62UMLR1TBNY14U9UT,KD169S,Honda,Civic,2018,Used,Petrol,Automatic,Red,15325,2702000,1000
VEH-01078,B7K1MGHGUEK9MKLBC,KF839P,Ford,Ranger,2018,Used,Hybrid,CVT,Silver,39170,2492000,2400
VEH-01079,GFJZ5ECDUZ20Z7N78,,Volkswagen,Jetta,2025,New,Petrol,Automatic,Silver,0,6567000,1500
VEH-01080,M9S11ZPD9GEXFVK20,,Isuzu,MU-X,2008,New,Petrol,CVT,Grey,0,5868000,1300
VEH-01081,ZJ17MMK4XL667C2BH,,Mercedes-Benz,C-Class,2020,New,Petrol,Manual,Grey,0,3219000,1300
VEH-01082,Z5A9W18MD4T0YDE1N,KJ527F,Mercedes-Benz,E-Class,2021,Used,Hybrid,Automatic,Red,7544,2757000,2400
VEH-01083,ZU5UGW5UFWYKS5HGP,KD116R,Nissan,X-Trail,2017,Used,Petrol,Manual,Black,29525,747000,3000
VEH-01084,HG6LB4K6TVXR9JYH9,KA334D,Ford,Ranger,2012,Used,Petrol,CVT,Black,34224,528000,2400
VEH-01085,1EK4LKAXR75NFVC4X,KJ419Q,Hyundai,Tucson,2020,Used,Petrol,Manual,Green,2394,6055000,2400
VEH-01086,6KWYRXMTXD4N46K8P,,Mitsubishi,Outlander,2009,New,Diesel,CVT,Blue,0,4467000,2000
VEH-01087,M57K62VM14ACC7Z1X,KF124F,BMW,5 Series,2012,Used,Petrol,CVT,White,18467,1925000,2000
VEH-01088,JM7Y2TCS2M1CV3VF1,KC260A,Isuzu,D-Max,2021,Used,Diesel,Manual,Black,6495,1394000,2000
VEH-01089,9MDRNA9FXF852SH0K,KB337T,Isuzu,D-Max,2009,Used,Petrol,Manual,Grey,2946,3364000,1300
VEH-01090,PF9VTKB7884SNJWWF,KJ875L,Mazda,Mazda3,2013,Used,Diesel,Manual,Grey,207054,2494000,1500
VEH-01091,DVY4WBLA91JZ5YMAL,KJ228G,Toyota,Land Cruiser,2021,Used,Petrol,Manual,Black,17510,5662000,1000
VEH-01092,SZVZSSJ0A0MU6Z7UL,,Subaru,Impreza,2023,New,Hybrid,Manual,Beige,0,3357000,1800
VEH-01093,AEN1253JEVUGUGYM5,KJ794S,Nissan,Sentra,2020,Used,Diesel,Manual,Blue,74703,5845000,1500
VEH-01094,EX0SRE7PKVBYDGSCL,,Subaru,Impreza,2019,New,Petrol,CVT,Black,0,1353000,1500
VEH-01095,F48HXA82MWE05BY9G,KJ956O,Mazda,CX-5,2023,Used,Hybrid,Automatic,White,13224,2825000,1200
VEH-01096,SL1G5RSKWXWPUWN39,KF688P,Honda,CR-V,2023,Used,Hybrid,Manual,Green,51486,3079000,1200
VEH-01097,AS6P61DB5A30T6RY6,KA585W,Toyota,Prado,2014,Used,Hybrid,Manual,Beige,64262,1322000,3000
VEH-01098,LSHJ2DJ5RV0R78N3Z,KJ951C,Honda,Fit,2026,Used,Diesel,Manual,Black,40745,4448000,1300
VEH-01099,ZC6AUDZZVMNSH0KSP,,BMW,X3,2013,New,Petrol,Automatic,Red,0,9213000,2400
VEH-01100,14J04JLA1J2NBH5E0,KE894B,BMW,3 Series,2023,Used,Petrol,CVT,Beige,28703,3978000,1300
VEH-01101,1T61LRGJ90V1E5D57,KH806G,Subaru,Forester,2024,Used,Diesel,Automatic,Red,23884,2359000,1800
VEH-01102,4088JZ774L91EYW3Z,KH570D,BMW,X3,2024,Used,Diesel,Manual,Green,19306,4462000,1000
VEH-01103,0J8FN3BD6PPTMS9R9,,Isuzu,D-Max,2023,New,Hybrid,CVT,Beige,0,3082000,1200
VEH-01104,A52FZF07ZGVD6PP7F,KH135E,BMW,X5,2014,Used,Diesel,Automatic,Grey,119365,1573000,1200
VEH-01105,LP6EP4NS6FYZRAZD0,,Hyundai,Tucson,2026,New,Diesel,Manual,Silver,0,5480000,2400
VEH-01106,5SDE3Z30NR9KAHXKX,,Honda,Accord,2016,New,Diesel,CVT,Green,0,6433000,1800
VEH-01107,817SYN6H8BLHDN351,KJ494J,Volkswagen,Tiguan,2015,Used,Petrol,Automatic,Silver,79902,3651000,2400
VEH-01108,9MNTN8XNVU6JD2MZW,,Honda,CR-V,2011,New,Hybrid,CVT,Green,0,1293000,1300
VEH-01109,LANGYCC385R8CWSUW,KD168F,Mazda,Mazda6,2012,Used,Petrol,Manual,Blue,150892,1307000,1800
VEH-01110,PFGJ2PZCE072J3EZJ,KH140X,Mazda,Mazda3,2010,Used,Diesel,Manual,White,5972,2133000,1200
VEH-01111,RXUB4W8JR3KY7Y463,,Nissan,Sentra,2011,New,Hybrid,CVT,Black,0,7244000,3000
VEH-01112,5LUW5LY9BDAH0A9V1,KA447M,Subaru,Impreza,2008,Used,Electric,CVT,Grey,59064,2229000,2000
VEH-01113,GDHCPPLAEYF8KRRPJ,KJ217E,Isuzu,MU-X,2026,Used,Diesel,CVT,Red,125375,6525000,1500
VEH-01114,JTV4WZLCFAWAH0JRP,KF607W,Hyundai,Tucson,2009,Used,Hybrid,Manual,Green,8998,3194000,2400
VEH-01115,A9X5L7V1KDJBN50VL,KC887E,Mazda,Mazda6,2024,Used,Diesel,Manual,Beige,3096,2614000,1300
VEH-01116,7P6ZV37MJUD1Z5GJ6,KA630H,Nissan,Sentra,2023,Used,Petrol,CVT,Blue,60812,1631000,1300
VEH-01117,VTWAXNXFYW38RFHUC,KC581K,Isuzu,MU-X,2024,Used,Petrol,Automatic,Black,38449,5224000,1500
VEH-01118,9442B62446A5TZAEK,KA236X,Subaru,Outback,2019,Used,Petrol,CVT,Blue,82983,3784000,1800
VEH-01119,D6YZXBH81EU4185Y6,KG755P,BMW,5 Series,2019,Used,Electric,Automatic,Beige,6775,2047000,3000
VEH-01120,C5KVTJSVP3YR021YG,KE245E,Isuzu,D-Max,2009,Used,Petrol,CVT,Grey,71372,807000,1300
VEH-01121,TRFSMZB9YU5GD7URB,KG294Q,Ford,Explorer,2012,Used,Petrol,Automatic,Beige,10133,3044000,1800
VEH-01122,ZZWVNTWRS6W84ZFME,KA253K,Ford,Focus,2017,Used,Petrol,Manual,Green,8042,4026000,3000
VEH-01123,YU3U2UR01CHVXKY9W,KB217W,Subaru,Forester,2021,Used,Diesel,CVT,Beige,8075,3454000,1300
VEH-01124,STVEZT2N4K885ZV0V,,Volkswagen,Tiguan,2009,New,Diesel,Manual,White,0,3555000,1000
VEH-01125,1F3ZWPLLLMJW1B0RX,KA779Q,Mercedes-Benz,C-Class,2008,Used,Petrol,CVT,Blue,75829,807000,2000
VEH-01126,F56K9Z8P0EKU58MSW,,Mercedes-Benz,GLE,2013,New,Petrol,Automatic,Black,0,6728000,1300
VEH-01127,HHRNRSRJ04N4M5LGC,,Isuzu,D-Max,2016,New,Petrol,CVT,Beige,0,9111000,1200
VEH-01128,XZGT8P89WSJP69WTZ,KH255Z,Nissan,Altima,2023,Used,Diesel,CVT,Black,49239,1500000,3000
VEH-01129,NT321HMG74V06LR1N,KD427X,Honda,Accord,2017,Used,Petrol,CVT,Black,33316,1973000,1000
VEH-01130,YKSN8PZ8GNJ03GP7D,KG280O,Isuzu,MU-X,2013,Used,Petrol,CVT,Blue,20000,1232000,1800
VEH-01131,X4N9HAYGE73BZNBT5,KA992J,Volkswagen,Jetta,2009,Used,Diesel,CVT,Black,94374,694000,1200
VEH-01132,119XWNF762WWURSCM,KJ706S,Volkswagen,Tiguan,2014,Used,Diesel,Manual,Beige,22424,2788000,1200
VEH-01133,7L0G4SBEJ24HETG3P,KC165H,Ford,F-150,2020,Used,Petrol,CVT,Blue,76323,3996000,1200
VEH-01134,19UFXN0MPCR9NVFHN,,Mazda,Mazda6,2023,New,Hybrid,CVT,Red,0,2336000,3000
VEH-01135,Z2V5F73ME5UTN6M6Y,,Isuzu,D-Max,2021,New,Petrol,Manual,Green,0,7775000,1800
VEH-01136,MBZ6J27EVMZUBUL14,KF868A,Mitsubishi,Pajero,2016,Used,Diesel,Automatic,Black,26022,2748000,1000
VEH-01137,Y64TT8JRWR318N42K,,Mazda,Mazda3,2011,New,Diesel,Manual,Grey,0,8787000,1500
VEH-01138,PH8W5F5Z7FD7MFTG6,,Nissan,Navara,2022,New,Petrol,Automatic,Red,0,6016000,1000
VEH-01139,LXJEPX5YRWJ8TH9NV,KF694D,Mazda,CX-5,2011,Used,Diesel,Manual,Beige,21290,509000,1800
VEH-01140,XYUU3TWZ65RJ3XJJ8,KG166N,BMW,5 Series,2020,Used,Petrol,CVT,Red,27952,1869000,1300
VEH-01141,KRFETURN327CVVULT,KJ968H,Mazda,Mazda6,2016,Used,Petrol,Manual,White,16139,2102000,1000
VEH-01142,MDHLNB1CHKGP51S9G,,Toyota,RAV4,2026,New,Petrol,Manual,Green,0,3605000,2000
VEH-01143,5N8L6WUV9FG0W7UV2,KF748P,Volkswagen,Passat,2019,Used,Petrol,CVT,Silver,61954,1644000,3000
VEH-01144,7SW3054PVY9TLMA6B,,Volkswagen,Polo,2021,New,Diesel,Automatic,Red,0,6132000,1000
VEH-01145,6191ZARHG8PEUMNAX,,BMW,5 Series,2020,New,Diesel,CVT,Red,0,6315000,2400
VEH-01146,GV203F3LC624SBTTA,KF828K,BMW,3 Series,2010,Used,Diesel,CVT,White,31437,1552000,2000
VEH-01147,EU58BR0ACGBWRCEDN,KD666O,Volkswagen,Polo,2018,Used,Diesel,Manual,Beige,11890,2706000,2000
VEH-01148,2D90FCSSA6ZV4UUBV,KJ309N,Volkswagen,Polo,2026,Used,Diesel,CVT,Black,103425,5870000,2400
VEH-01149,MP7SN7VRJ73K3L1Y6,KH774E,BMW,5 Series,2014,Used,Petrol,Manual,Blue,21794,1908000,1000
VEH-01150,TCX73UEMT12XBAKD3,KB478B,Ford,Explorer,2025,Used,Diesel,CVT,Blue,35292,6943000,1500
VEH-01151,D24CXX8CYAKYMB5LV,,Honda,Fit,2020,New,Petrol,CVT,Silver,0,6830000,1300
VEH-01152,VZ7NXLHRMZ6487HYG,KD513J,Isuzu,MU-X,2008,Used,Petrol,Manual,Blue,106627,3473000,2000
VEH-01153,HM225ZJY5X4P0ZBBB,,Mazda,Mazda3,2023,New,Petrol,CVT,White,0,7320000,1800
VEH-01154,3PX4DAVDRVTRC48TD,KG516R,Mitsubishi,L200,2025,Used,Hybrid,Manual,Grey,44045,5415000,1000
VEH-01155,ZVNDJJP9NHFMPEPTP,KC905Y,Volkswagen,Jetta,2017,Used,Hybrid,CVT,Red,5594,971000,3000
VEH-01156,KBBVT2D6YCMT7BKN8,KB371Y,Mitsubishi,L200,2026,Used,Petrol,Manual,Green,126477,5296000,2000
VEH-01157,NRKMY1E6PW1NCZV64,,Toyota,Yaris,2016,New,Hybrid,Automatic,White,0,2079000,1800
VEH-01158,AGVGJNLF63ZA3KZLJ,KE103Z,Subaru,Outback,2023,Used,Petrol,CVT,Black,44463,1913000,1500
VEH-01159,MCG3RFCU75MCAZKE8,,Mazda,CX-5,2017,New,Petrol,Manual,Beige,0,4163000,2000
VEH-01160,YTK570RSEGLZGXT71,KD255N,Toyota,RAV4,2020,Used,Petrol,Automatic,Grey,18352,3470000,1500
VEH-01161,0RRX735W42UR01WEV,KE721T,Ford,Ranger,2012,Used,Petrol,Manual,Grey,6748,3553000,2400
VEH-01162,41PT0W57LPPRT2BCE,,BMW,X3,2023,New,Diesel,Manual,Black,0,8467000,3000
VEH-01163,7VUGDL981TDPUAJEB,,BMW,3 Series,2018,New,Petrol,CVT,Grey,0,1546000,2000
VEH-01164,66VUDSJCL3ANRT4HN,KA396M,Volkswagen,Golf,2011,Used,Petrol,Manual,Green,71100,3080000,1300
VEH-01165,E78D29E8RY82M8EBK,KB430P,Ford,Explorer,2023,Used,Diesel,CVT,Beige,43549,5146000,1000
VEH-01166,9SM5PP7BUPDN7ZFKR,,Hyundai,Tucson,2024,New,Petrol,Manual,White,0,5934000,3000
VEH-01167,XW8AB41NPBAFYKK46,KH738Q,Honda,CR-V,2014,Used,Diesel,CVT,Silver,34308,1134000,1200
VEH-01168,67F2GERZ8LBKZZV86,,Volkswagen,Passat,2022,New,Petrol,Automatic,Blue,0,2183000,1500
VEH-01169,LWRBSX4F91HPWUSM9,KF763A,Isuzu,D-Max,2024,Used,Petrol,Automatic,Grey,100948,6869000,3000
VEH-01170,18XBGREXCHMWTKGD1,KG694N,Mazda,Mazda3,2008,Used,Petrol,Manual,White,69929,2157000,1200
VEH-01171,Z97LA7FF9BVCNK2P7,,Nissan,Navara,2008,New,Petrol,Automatic,Black,0,6385000,1800
VEH-01172,CCRWWL7JMDYVAC6A4,,Toyota,Land Cruiser,2012,New,Diesel,Automatic,Green,0,1265000,3000
VEH-01173,NNSRMJH8EG7U1SDPL,KG122F,Volkswagen,Tiguan,2013,Used,Petrol,Manual,Grey,7402,1238000,2000
VEH-01174,KBSTGETZ74T32F9LS,,BMW,X5,2022,New,Hybrid,CVT,Black,0,6772000,2400
VEH-01175,D5DCFJF0T968RCZGC,,Mitsubishi,L200,2015,New,Diesel,CVT,Blue,0,9344000,1200
VEH-01176,L8YUS3GAE9CT6CADY,KA216D,Subaru,Impreza,2021,Used,Diesel,Automatic,Grey,16810,2726000,1500
VEH-01177,78SN8PACC2Y1L5200,KH666E,Honda,HR-V,2010,Used,Hybrid,Manual,Black,12855,579000,2400
VEH-01178,KY9CE5S5Y8E7UE8CR,KE229X,Nissan,X-Trail,2016,Used,Petrol,Manual,Green,61306,1059000,1800
VEH-01179,83D0XH7PLC1KJG7DR,KE694Z,Hyundai,Elantra,2015,Used,Petrol,Automatic,White,1534,3665000,2000
VEH-01180,H97DHZY13X1ATWZYU,,Isuzu,MU-X,2011,New,Diesel,CVT,Red,0,8596000,3000
VEH-01181,2HADZX8YT4HJH945S,,Mitsubishi,Pajero,2009,New,Petrol,CVT,Beige,0,7917000,1000
VEH-01182,4MHY4S5B93HA7DLPV,KH375U,Honda,Fit,2024,Used,Petrol,CVT,Red,37967,2209000,1300
VEH-01183,7BM7FCJ1NTPG5W6KR,KB192T,Subaru,Impreza,2018,Used,Petrol,Automatic,White,64683,3491000,2400
VEH-01184,XTU1YN3CE84SWW5E4,KC314H,Ford,Ranger,2024,Used,Electric,Manual,Red,94215,7644000,2400
VEH-01185,Z4UM1RRZ08JG3T0GG,,BMW,X5,2012,New,Diesel,Manual,Beige,0,8117000,1800
VEH-01186,XGRHSDYSXXEB5LVY4,KF331U,Ford,Focus,2017,Used,Diesel,Manual,Red,18840,598000,2000
VEH-01187,30HK2TSMEUXPZ6EEH,KB204V,Mitsubishi,L200,2025,Used,Hybrid,Manual,Grey,77481,5921000,1500
VEH-01188,N2B5PW84305FE1F56,KJ595Z,Toyota,Corolla,2008,Used,Petrol,Automatic,Beige,5275,1110000,1000
VEH-01189,4JAUM58GXE8D31GNB,,Mitsubishi,L200,2017,New,Petrol,CVT,Grey,0,8171000,3000
VEH-01190,74K0U23UGY9R1HEHG,KA787I,Honda,CR-V,2011,Used,Diesel,Automatic,Silver,84318,730000,1800
VEH-01191,T9A77L8U57VDETZ3V,,Mazda,CX-3,2017,New,Diesel,CVT,Red,0,8383000,1000
VEH-01192,928U1HCN2D63H1RAP,KH162U,Ford,F-150,2016,Used,Hybrid,CVT,Green,6137,2465000,1500
VEH-01193,CRDD8L1AJGDGZHTCS,KD597S,Volkswagen,Golf,2011,Used,Diesel,Manual,White,22784,3792000,2400
VEH-01194,6K7UBEDGJ9KKV7JM3,,Honda,HR-V,2026,New,Petrol,Automatic,Red,0,1627000,1300
VEH-01195,H38XDARF61XS38AHZ,,Subaru,Outback,2008,New,Diesel,Manual,Black,0,8675000,2400
VEH-01196,8R90UC1J9BLB8MC6N,,Mercedes-Benz,GLC,2016,New,Diesel,Automatic,Green,0,3940000,3000
VEH-01197,DNTL1ZB9C65C5MXBX,KA684C,Nissan,Altima,2026,Used,Diesel,Automatic,Green,71820,1607000,2000
VEH-01198,A6BKP5JSUG1URFPK6,,Nissan,Sentra,2016,New,Diesel,Manual,Blue,0,1611000,2400
VEH-01199,CGBSLC9DZD3MZNVDV,KA415H,Hyundai,Tucson,2018,Used,Petrol,Manual,Beige,7308,888000,1200
VEH-01200,K8S20NG23XZ62FJWP,KA266L,BMW,X3,2010,Used,Petrol,Automatic,Black,11717,2774000,2400
VEH-01201,PN8T6FZCYHT25535X,,Mercedes-Benz,GLC,2017,New,Petrol,CVT,Blue,0,6180000,3000
VEH-01202,1LV0J497VL6VLM2U6,KD914S,Mitsubishi,L200,2013,Used,Petrol,CVT,Blue,57646,2015000,3000
VEH-01203,PY3PJV7RBJ5MV5SP4,KH413O,Mercedes-Benz,C-Class,2023,Used,Petrol,Automatic,Green,57289,4275000,2400
VEH-01204,WW6F4EWYGR5T7A3P5,KF688D,Mitsubishi,Pajero,2009,Used,Petrol,Automatic,Green,46117,754000,1500
VEH-01205,KKR879JMR48B8910M,KE362T,Mitsubishi,L200,2021,Used,Petrol,CVT,Red,53280,4725000,3000
VEH-01206,HJ67VM10YN41PHMJG,KF127S,Mazda,CX-5,2019,Used,Hybrid,Manual,White,35211,3761000,3000
VEH-01207,02SVZ6T8V9451YRPH,,Ford,Ranger,2023,New,Hybrid,CVT,White,0,6443000,1300
VEH-01208,Y283KZB8WPDMS5SUE,,BMW,X5,2017,New,Petrol,Automatic,Blue,0,2647000,1200
VEH-01209,RM5Z3MFBNCRSCXEBZ,,Subaru,Impreza,2020,New,Petrol,Manual,Grey,0,6907000,1500
VEH-01210,8SH4R5F2XDAZZY6XD,,Mitsubishi,Pajero,2026,New,Diesel,CVT,Blue,0,2949000,2400
VEH-01211,UV96J7WDCE34V699W,,Nissan,Altima,2015,New,Petrol,Automatic,Green,0,2097000,1800
VEH-01212,4VGS6Z6KFTNSSLV2B,KD109X,Ford,Fusion,2026,Used,Petrol,Automatic,Beige,13053,3633000,1300
VEH-01213,CFB4MFRXK4XZ0JSPV,KH880W,Isuzu,D-Max,2022,Used,Petrol,Manual,Blue,19088,6102000,1200
VEH-01214,TJ3NXBAN52W58NG1D,KF597H,Ford,F-150,2021,Used,Petrol,CVT,White,9018,3814000,1300
VEH-01215,6SDCW3JZS9FNUDXHM,,Toyota,RAV4,2008,New,Petrol,CVT,Grey,0,7109000,2000
VEH-01216,0TNRH53SZ009ZKG6R,,Volkswagen,Golf,2010,New,Petrol,Manual,Beige,0,2155000,1500
VEH-01217,95RRHW3YC6AY8VPC3,KJ731F,Toyota,Camry,2011,Used,Hybrid,Manual,Blue,107589,2829000,1000
VEH-01218,M4W7B7LC8JUBKSCV5,,Toyota,Hilux,2010,New,Electric,Manual,Blue,0,4398000,2000
VEH-01219,CD8X783P4EP230K71,KH721N,Toyota,Corolla,2018,Used,Petrol,Automatic,Blue,39402,4649000,2000
VEH-01220,4FL51N5YZPD1T561F,KH211Z,Hyundai,Tucson,2018,Used,Petrol,CVT,Black,23051,660000,2400
VEH-01221,VZ5MTVP1N86J1DK91,,Toyota,RAV4,2025,New,Diesel,Automatic,Silver,0,1835000,2400
VEH-01222,MBLERTP2FT58RKJPV,KJ219J,BMW,3 Series,2024,Used,Petrol,Manual,Beige,27895,6223000,2400
VEH-01223,RCJRWF7WYSPDBJ52L,KA915P,Isuzu,D-Max,2022,Used,Petrol,Manual,Beige,132427,1193000,2000
VEH-01224,7VFKNSDX7SBRED03F,,Honda,HR-V,2008,New,Diesel,Automatic,Black,0,4965000,1800
VEH-01225,MRFMTHP47KZ6ZDZBW,KE927J,Volkswagen,Golf,2026,Used,Diesel,CVT,Green,7491,2129000,1000
VEH-01226,3CHDAVBM4BCPY01PH,,Honda,Accord,2013,New,Petrol,Automatic,Red,0,4597000,2000
VEH-01227,61RP9P3M571N9EM9N,,Subaru,Impreza,2018,New,Petrol,Manual,White,0,4875000,1300
VEH-01228,V8AXAR3SG8YV73UG6,KB872B,Ford,Explorer,2016,Used,Electric,CVT,White,39710,3181000,2400
VEH-01229,98H03V81KC0LYP0X5,,Hyundai,Santa Fe,2025,New,Diesel,Manual,Green,0,3609000,1800
VEH-01230,3KSXB4LVJJATUA5RN,KD104V,Subaru,Outback,2015,Used,Hybrid,Manual,Red,31724,2573000,1000
VEH-01231,7LS6TAKSAFFLAFLGN,KC649L,Honda,HR-V,2025,Used,Petrol,Automatic,White,42540,3713000,1200
VEH-01232,DRTZ9M0E9XZ5XCA14,,Volkswagen,Tiguan,2013,New,Petrol,Manual,White,0,1876000,3000
VEH-01233,CRW4H2S0E2V6WRT4G,KC790L,Nissan,Altima,2016,Used,Petrol,Manual,White,822,1734000,2400
VEH-01234,BCK3ESXKCYU3V6NKG,,Toyota,RAV4,2021,New,Petrol,Automatic,Red,0,8005000,1500
VEH-01235,9K8VDBULDK037DRVS,KG899H,Honda,CR-V,2018,Used,Petrol,CVT,White,92551,3225000,1300
VEH-01236,G3ZU2DVAEA0YTJAL2,,Volkswagen,Golf,2016,New,Petrol,Automatic,Green,0,8118000,2400
VEH-01237,YN1SSTPRPAG9GBVU8,,Mercedes-Benz,GLC,2022,New,Petrol,Manual,Beige,0,5391000,1000
VEH-01238,SBZMU7EATX34PGS7Z,KJ764U,Honda,HR-V,2026,Used,Petrol,Automatic,Green,121049,3671000,1000
VEH-01239,ZU5FWL5NUJL7P2ZWF,KE203V,Toyota,Hilux,2020,Used,Diesel,Automatic,Beige,37472,3475000,1000
VEH-01240,HVAV56J69VB486UGP,KF652M,Volkswagen,Golf,2009,Used,Hybrid,Automatic,Silver,53679,2262000,2400
VEH-01241,9ZPP0KLY6SZHATV4G,,Toyota,Camry,2011,New,Petrol,CVT,Red,0,6820000,1500
VEH-01242,5UA9C2LUYH1GC49DS,KF497E,BMW,3 Series,2012,Used,Petrol,CVT,Blue,115086,3422000,1800
VEH-01243,FH3M5SRBLA7U0P62L,KH401N,Volkswagen,Passat,2011,Used,Electric,Manual,Black,55277,2307000,3000
VEH-01244,LM5EM3PFFX9F9PXBY,,Mercedes-Benz,GLC,2021,New,Petrol,Automatic,Black,0,2250000,1500
VEH-01245,HPUHHEGU1UEM6PTPV,KG188B,Mercedes-Benz,E-Class,2022,Used,Petrol,Automatic,Red,7447,6827000,3000
VEH-01246,GYCL2FEHNYB1ER55Y,KA699Z,Nissan,Sentra,2009,Used,Petrol,Automatic,White,38641,1527000,1200
VEH-01247,4WLML0BD655E1TK2Z,KA762K,Toyota,Corolla,2011,Used,Petrol,CVT,Silver,41994,1673000,2000
VEH-01248,8FPP46VD1BUZ1CDTH,,Isuzu,MU-X,2014,New,Hybrid,Manual,Silver,0,7691000,2000
VEH-01249,996JLVLZM7Z7CLGTT,,Toyota,Corolla,2021,New,Diesel,Manual,Black,0,2439000,2400
VEH-01250,5G46V0MW6TL7GJCML,KJ855Z,Toyota,Camry,2024,Used,Diesel,Manual,Grey,24834,5286000,1000
VEH-01251,7J8E8SKYKH0E0MSR7,KH809U,Honda,Fit,2016,Used,Diesel,CVT,White,60007,549000,1800
VEH-01252,207S233G2D3PX35AW,,BMW,X5,2012,New,Petrol,Automatic,Blue,0,6539000,1300
VEH-01253,CXEEEMMW8B72KWAYS,KB470Y,Subaru,Outback,2013,Used,Diesel,CVT,Blue,122565,1311000,1500
VEH-01254,Y9HGJB5ZTA5H8HLYH,KH652X,Nissan,Note,2020,Used,Diesel,Automatic,Red,116904,1396000,1000
VEH-01255,4FFY3GLF9TLJTVW2X,KH153P,Mitsubishi,Pajero,2014,Used,Petrol,Manual,Beige,26971,2924000,1000
VEH-01256,EZGP7055GRRA2XB1B,KJ736Z,Subaru,Forester,2008,Used,Diesel,CVT,Grey,5408,3609000,3000
VEH-01257,F9GWR4N33KKDZWZ97,KH835S,Subaru,Outback,2023,Used,Petrol,Manual,Green,188512,3246000,1300
VEH-01258,7DWWF7R3498MLH8CY,,Mitsubishi,L200,2008,New,Diesel,Manual,Black,0,7938000,1500
VEH-01259,6XPDSMBDAABTPY2M3,,Isuzu,MU-X,2023,New,Petrol,Automatic,White,0,4412000,1000
VEH-01260,TY52GXA664NWFVX6Z,KH393V,Mazda,Mazda3,2012,Used,Diesel,Automatic,Silver,82157,1243000,1300
VEH-01261,1MZ2GT5ALW1LYJX33,,Hyundai,i10,2018,New,Diesel,CVT,Green,0,1843000,1800
VEH-01262,GK880ET8CM5HXUARL,KB654E,Mazda,Mazda6,2013,Used,Petrol,CVT,Black,5991,2725000,1000
VEH-01263,9SWK4NR7X31Z380BJ,KE101Y,Volkswagen,Golf,2025,Used,Petrol,Manual,Green,114133,2158000,2000
VEH-01264,N444P160WS9CBAUX3,KC347H,Mazda,Mazda6,2020,Used,Petrol,Automatic,Green,91774,3245000,1300
VEH-01265,PDN4H4S43L25FW80C,KG252S,Honda,CR-V,2023,Used,Petrol,CVT,Green,32919,6926000,1200
VEH-01266,BPPBR5BWJDYV5SXZD,,Mazda,Mazda3,2023,New,Diesel,Automatic,Green,0,8265000,3000
VEH-01267,SX45E5TAZTU0RVTTJ,KD566L,Toyota,Land Cruiser,2020,Used,Diesel,CVT,Green,40262,3718000,2400
VEH-01268,7H58VR6J3WMD953HR,KC844V,Ford,Ranger,2016,Used,Petrol,Automatic,Green,22912,1109000,3000
VEH-01269,FU81P7Y43DHC3BKYY,,Mitsubishi,L200,2010,New,Diesel,CVT,Black,0,5694000,2000
VEH-01270,CH64CD00NWAKRBRLW,KA888L,Subaru,Forester,2015,Used,Diesel,CVT,Black,2534,2288000,2000
VEH-01271,FV6909XZR4WAT98BP,KJ174J,Honda,HR-V,2015,Used,Petrol,Manual,Green,18371,3526000,2400
VEH-01272,SFXFA6SVA11MF9AXS,,Mitsubishi,Pajero,2011,New,Diesel,CVT,Red,0,7569000,3000
VEH-01273,GN1UPRWXFFLL7PYDJ,,Ford,Explorer,2008,New,Electric,Automatic,Grey,0,1693000,1300
VEH-01274,E5PH749R10SUW5FTH,,Mazda,Mazda3,2026,New,Diesel,Automatic,Red,0,1284000,1800
VEH-01275,DUADYMPKD85DX2MN9,KC309P,Volkswagen,Tiguan,2016,Used,Petrol,CVT,Grey,73071,1090000,3000
VEH-01276,3E9HKJE1V3SWR8FAG,,Volkswagen,Golf,2022,New,Petrol,Manual,White,0,2600000,2400
VEH-01277,U9LUXKSZFNNMRFG1R,KG997Y,Mitsubishi,Pajero,2018,Used,Petrol,CVT,Red,208,3767000,3000
VEH-01278,NU4EEG0CPS5CN5XRA,,Mitsubishi,Outlander,2020,New,Diesel,Automatic,Black,0,1707000,1800
VEH-01279,0TZGTHRWUAB39LTUW,KB917F,BMW,X5,2018,Used,Diesel,CVT,Grey,18257,4337000,2400
VEH-01280,Y3N3LFLN7FU5GKPJJ,KC702S,Mazda,Mazda6,2019,Used,Diesel,Automatic,Black,22850,4391000,1500
VEH-01281,6N7RWYWJC8YUUFEN9,,Mercedes-Benz,C-Class,2022,New,Petrol,CVT,Green,0,6886000,1000
VEH-01282,T31JYXMWYYPFXZNKE,KF272R,Nissan,X-Trail,2023,Used,Petrol,CVT,White,34689,5807000,2400
VEH-01283,ADWF80A2PAY9YK2J3,,Toyota,Land Cruiser,2010,New,Petrol,Manual,Grey,0,8715000,1300
VEH-01284,52H80C7BLTKH29VT8,KG624W,Hyundai,i10,2023,Used,Diesel,Manual,Black,113576,2445000,1200
VEH-01285,1KFD86DFNXRNHEHET,KB558Z,Mercedes-Benz,C-Class,2010,Used,Diesel,Automatic,Silver,19132,3326000,1500
VEH-01286,DCL3AH5DM5FPVVAMD,KA119C,Ford,Ranger,2018,Used,Petrol,CVT,Silver,19174,3029000,2000
VEH-01287,FUAHRBAV66DWA51NN,KD935M,Honda,Accord,2020,Used,Petrol,Automatic,Beige,60187,1680000,1300
VEH-01288,NZVVR4GZ6H8MDPGE9,KA419S,BMW,5 Series,2009,Used,Petrol,Manual,Beige,27084,1427000,1500
VEH-01289,MGYAPG5744E9SD4MX,KG524K,Toyota,RAV4,2010,Used,Petrol,CVT,White,11447,3660000,1500
VEH-01290,SGWW5AA3KNZTB0RHE,KG471A,Hyundai,Tucson,2024,Used,Electric,Manual,Grey,27102,3728000,1800
VEH-01291,08N1YBT27AHANMWVW,KG861A,Isuzu,MU-X,2019,Used,Diesel,Manual,Beige,6831,3983000,2000
VEH-01292,17N6SMAP6YYZ6XKGW,,Toyota,Hilux,2018,New,Petrol,Automatic,Beige,0,9447000,1300
VEH-01293,89CAH2MKNKJ2001D6,,Toyota,Camry,2008,New,Hybrid,Automatic,Red,0,9336000,1500
VEH-01294,AVBEXARWLGL7J3ZWG,KB138Z,Honda,CR-V,2019,Used,Diesel,CVT,Silver,8732,2424000,1800
VEH-01295,RKB4PRDBRFMM6GYG1,,Mazda,Mazda3,2024,New,Petrol,Manual,Silver,0,7154000,1000
VEH-01296,NZDJ9XMVVVRXG41X6,KA879Y,Subaru,Forester,2017,Used,Hybrid,CVT,Silver,31044,2450000,2400
VEH-01297,328KKP8SJVMF6V7BZ,KE353Z,Isuzu,MU-X,2021,Used,Electric,CVT,Silver,24429,1642000,2000
VEH-01298,TDEMM4JU5LMAG75UP,KB649Y,BMW,3 Series,2026,Used,Electric,CVT,White,110848,2631000,2000
VEH-01299,9B5G9T61U3H6KDRS3,KC812W,Ford,F-150,2014,Used,Hybrid,CVT,Black,20251,3068000,1000
VEH-01300,SW9K7L7K5W9DLT3SV,KE351D,Mazda,Mazda3,2023,Used,Diesel,CVT,Red,39100,4964000,2000
VEH-01301,7XVFPFSFJH1G5XV9L,KG883K,Hyundai,i10,2021,Used,Diesel,Manual,Blue,45017,4360000,1200
VEH-01302,RU5EWTNZCXR73XWSA,,Isuzu,D-Max,2017,New,Diesel,Manual,Grey,0,8689000,2400
VEH-01303,HJBHC9GCMZ031EED9,,Mitsubishi,Outlander,2022,New,Petrol,Manual,White,0,6750000,3000
VEH-01304,3HMD4LM75R7GY2TLF,KG336P,Volkswagen,Tiguan,2022,Used,Diesel,Manual,White,593,6559000,1800
VEH-01305,VNT9DNRU863JCZB8E,,Volkswagen,Jetta,2014,New,Petrol,Automatic,Silver,0,3702000,1300
VEH-01306,N73S2RGJGDCREF1U9,,Hyundai,Elantra,2022,New,Petrol,Manual,Grey,0,7009000,1000
VEH-01307,CKPW0GZP3GH1Y6FTZ,KJ205R,Isuzu,D-Max,2016,Used,Petrol,Automatic,Grey,49017,2676000,1300
VEH-01308,GTPYJL7SUPFTWAF7Z,KJ621C,Mazda,CX-5,2009,Used,Petrol,CVT,White,8822,777000,1500
VEH-01309,FTJXHYLXH1BVF8GR8,KB380N,Subaru,Impreza,2021,Used,Diesel,Manual,Red,146069,1278000,1500
VEH-01310,FRX3P5CR642F93NVC,KE494P,Hyundai,Tucson,2015,Used,Petrol,Manual,Blue,7242,3085000,1200
VEH-01311,D95BV1EVLLG3U9RC7,,Ford,F-150,2008,New,Diesel,Manual,Beige,0,4870000,3000
VEH-01312,XYLCHV5BMSCPVY8P7,KD791H,Hyundai,Elantra,2021,Used,Petrol,Automatic,Green,24097,1945000,1200
VEH-01313,R06MEX8TPUZ37GKUV,,Mercedes-Benz,GLC,2019,New,Petrol,CVT,Green,0,5242000,1000
VEH-01314,G4NYF93FL8V77208R,,Nissan,X-Trail,2016,New,Petrol,Manual,Blue,0,1236000,1000
VEH-01315,JXR6VA1L5AP5XW7AT,,Volkswagen,Jetta,2008,New,Diesel,CVT,Grey,0,5318000,1500
VEH-01316,BZ3WF6C8NNLKNXV9Z,,Isuzu,D-Max,2015,New,Diesel,CVT,White,0,3750000,2000
VEH-01317,G024DVAARND535YGC,KG515A,Hyundai,Elantra,2018,Used,Diesel,Manual,Blue,4014,2713000,1800
VEH-01318,WTKHZ6NXRS4MNAVJ9,KG121L,Mitsubishi,Pajero,2020,Used,Petrol,CVT,Silver,259563,4539000,1800
VEH-01319,P0V273DSLVKKAPHLR,KF207E,Subaru,Outback,2026,Used,Diesel,Automatic,Black,31389,6136000,1500
VEH-01320,6GAYKH8ZCG90LRXBB,,BMW,3 Series,2013,New,Petrol,Automatic,Green,0,7428000,3000
VEH-01321,8M59RCZD2KHTSNTMW,KD861E,Ford,Fusion,2009,Used,Diesel,Manual,Blue,40716,1184000,2400
VEH-01322,SLR93AWMZ7UXZ6G7U,,BMW,5 Series,2022,New,Petrol,CVT,Beige,0,4737000,2400
VEH-01323,NJVRT9N5USPVC8EZL,,Subaru,Forester,2011,New,Petrol,CVT,Blue,0,4460000,1000
VEH-01324,GBEKMEVCWJ4FS6S95,,Isuzu,MU-X,2017,New,Petrol,Manual,Blue,0,3539000,2400
VEH-01325,V6HP8XD6VYUSA0MDV,KD958Z,Toyota,Camry,2022,Used,Diesel,Manual,Red,3124,7170000,2400
VEH-01326,PJ2SSUFPR2UC632N3,KB347A,BMW,X5,2017,Used,Hybrid,Manual,Green,62376,3677000,1300
VEH-01327,XPN4VR2HK8338YKEY,KG274B,Nissan,Sentra,2024,Used,Hybrid,CVT,White,10602,1257000,1200
VEH-01328,JTU73W4M5LKMUXWBC,KC997G,Mitsubishi,Outlander,2024,Used,Petrol,Automatic,Silver,102749,7676000,1800
VEH-01329,STJ3SU9D3S3141GHH,KF546T,Toyota,RAV4,2011,Used,Petrol,Manual,White,10331,2618000,1200
VEH-01330,NNP4ZFV40N1KACLX7,KH351V,Mercedes-Benz,GLC,2016,Used,Petrol,Automatic,Red,9520,1982000,1300
VEH-01331,6K1EYC2U1PZRKB581,KC822Q,Volkswagen,Tiguan,2021,Used,Hybrid,Manual,Blue,1675,6085000,1500
VEH-01332,JFX8R4U53YT9C229K,KH914K,Mazda,CX-5,2018,Used,Diesel,Manual,Blue,28745,3418000,1000
VEH-01333,LN56EJ2ZLJ0CBXYYD,KF889S,BMW,X3,2010,Used,Petrol,CVT,Beige,37441,2947000,1300
VEH-01334,UNH22J4EALZC921GV,,Mazda,CX-5,2008,New,Hybrid,Manual,Beige,0,3847000,3000
VEH-01335,AB2X2GGX6E6Z2NM79,KC617J,Volkswagen,Golf,2018,Used,Diesel,Automatic,Green,3058,3162000,2000
VEH-01336,9HJWKCWM9TMRR72U5,KF593F,Mitsubishi,Pajero,2025,Used,Diesel,CVT,Grey,67230,7707000,3000
VEH-01337,VV3XW2UP3ZARK5FL1,KH103G,Mercedes-Benz,E-Class,2008,Used,Hybrid,Automatic,Black,27172,719000,3000
VEH-01338,VBET6YEJ3WBSKWX47,,Mazda,Mazda6,2018,New,Petrol,Automatic,Grey,0,6063000,1300
VEH-01339,42ASXVCUXZDF11TFZ,KB852M,Toyota,Camry,2017,Used,Diesel,CVT,Blue,33442,1538000,1300
VEH-01340,KCAZHGMN90UDZ61AA,KG181U,Hyundai,Elantra,2020,Used,Hybrid,Manual,Silver,26153,3024000,1200
VEH-01341,4TC150J8VAKVYDTH5,KE491X,Mazda,CX-5,2026,Used,Petrol,Automatic,Beige,23044,1698000,1200
VEH-01342,R8H6U6FJUBS3AYS34,KA843D,Toyota,Hilux,2009,Used,Diesel,Automatic,White,36907,686000,2000
VEH-01343,RLXRNW63HX5LW1KTW,KB953A,Hyundai,Santa Fe,2022,Used,Diesel,CVT,Grey,7591,5235000,3000
VEH-01344,LHBALHJGJ3F25AF8S,KF368O,Mercedes-Benz,GLC,2025,Used,Petrol,CVT,Green,9036,4300000,1800
VEH-01345,MD5E9GG3TC3FNHJA2,,Mitsubishi,Outlander,2021,New,Petrol,CVT,Blue,0,2370000,1000
VEH-01346,NAL6B9Z27EDR0UAUD,,Mercedes-Benz,GLE,2010,New,Electric,CVT,Beige,0,7674000,2400
VEH-01347,FPGYDA27UURP1LK6M,,Hyundai,Tucson,2019,New,Diesel,Automatic,Green,0,4000000,2000
VEH-01348,FS7U4YTS1ZVCXNHFZ,KD772P,Volkswagen,Polo,2017,Used,Diesel,Manual,Black,89052,1875000,1800
VEH-01349,CRYCY2X81XHHYTTMW,KB818C,Isuzu,D-Max,2019,Used,Petrol,CVT,Red,131441,5397000,1500
VEH-01350,793Z62RV2C01PY3G9,,Volkswagen,Jetta,2017,New,Diesel,Manual,Red,0,2254000,1200
VEH-01351,3GJRC9URX17KE6J0S,KC196Z,Isuzu,D-Max,2016,Used,Petrol,CVT,Blue,21028,1400000,1500
VEH-01352,EYEU1UA0YWMPF0BLJ,,Toyota,Land Cruiser,2021,New,Diesel,Automatic,Silver,0,3729000,3000
VEH-01353,GUE247NPJJDR5J7SM,,BMW,5 Series,2015,New,Petrol,Manual,Blue,0,8957000,2400
VEH-01354,2PFSCDNYXKJR04AA3,KH366V,Subaru,Forester,2024,Used,Petrol,CVT,White,14207,7996000,3000
VEH-01355,KHYDSBUHMKF727MK8,KJ649D,Hyundai,i10,2017,Used,Petrol,Manual,Grey,46477,2550000,2000
VEH-01356,4LDJD2YBDZSHYZCFW,KD924K,Volkswagen,Tiguan,2011,Used,Petrol,Automatic,White,23647,2829000,1200
VEH-01357,RTDLY9G4AWZKT7J7A,,Ford,Ranger,2023,New,Petrol,CVT,Silver,0,8638000,1300
VEH-01358,4W2L1BZJPL4YV8U7H,KG427N,Subaru,Outback,2009,Used,Petrol,Automatic,White,1157,1357000,1000
VEH-01359,ZDUVA0ALGUVPUSF04,KC152Y,Mercedes-Benz,C-Class,2019,Used,Electric,Manual,Beige,7640,821000,1200
VEH-01360,P18G0S8NDJM9CWVR4,,Toyota,Yaris,2025,New,Diesel,Manual,Beige,0,7605000,1300
VEH-01361,W57YPL2HW0NV2YUYJ,KF459T,Subaru,Outback,2013,Used,Petrol,CVT,Silver,56640,2810000,1500
VEH-01362,M4EUHPHUX6CWM8VNA,KC701N,Volkswagen,Tiguan,2019,Used,Petrol,CVT,White,48404,3149000,1800
VEH-01363,YYGW7X1DLJU3VXDXT,KF901Q,Honda,Fit,2022,Used,Petrol,CVT,Beige,1236,4911000,1800
VEH-01364,5PV29MUA6Y94VYM3C,KH392G,Subaru,Forester,2009,Used,Electric,CVT,Red,11294,2414000,3000
VEH-01365,625PAZJ31AMYD2NF0,,Mazda,CX-5,2012,New,Petrol,CVT,Blue,0,8073000,3000
VEH-01366,MVB6REZ2B73SSFKSK,,Isuzu,D-Max,2008,New,Petrol,Manual,Grey,0,8844000,2000
VEH-01367,X5ZBZPJSXZT46EZFA,KH996L,BMW,5 Series,2025,Used,Petrol,Manual,Green,11824,8577000,1300
VEH-01368,MMETV85M0RN9TUYL9,,Mercedes-Benz,GLE,2020,New,Petrol,Manual,White,0,4969000,1000
VEH-01369,YMJKXMWX9KSKD0NL1,KD883G,Toyota,Camry,2018,Used,Petrol,Automatic,Red,50148,2392000,1200
VEH-01370,DUR5YMVFV7YJ7FCZS,KH836C,Honda,HR-V,2011,Used,Petrol,Manual,Black,895,2655000,2400
VEH-01371,N4V95UWR9HP2S9GX2,KG813Q,BMW,X5,2017,Used,Petrol,Manual,Green,4947,1299000,1200
VEH-01372,SL0UBKCXXFCZ41YAL,KB237N,Hyundai,Elantra,2024,Used,Petrol,Automatic,Beige,72405,7000000,1800
VEH-01373,7XU8RVN5DFUHTH5DU,KD456S,Toyota,Camry,2025,Used,Hybrid,Manual,Silver,8850,3509000,1500
VEH-01374,G3ZB1KLT7293S2L7K,KC626N,Mitsubishi,Pajero,2018,Used,Petrol,Automatic,White,47596,1376000,1300
VEH-01375,8E1BN25N4KGZAY819,,Volkswagen,Golf,2022,New,Petrol,CVT,Red,0,8773000,2400
VEH-01376,3YT3LD05JY185DEGN,KJ474B,Nissan,Altima,2020,Used,Petrol,CVT,Blue,12242,3949000,2000
VEH-01377,E0JKS5J67736BPCDH,KA104I,Ford,Ranger,2009,Used,Petrol,CVT,Silver,4713,3000000,3000
VEH-01378,T1P39YHNMHNVUFJGV,,Mazda,CX-5,2014,New,Petrol,CVT,Green,0,5450000,1000
VEH-01379,0G5GUS98PNWKLS6AS,KF115K,Toyota,Yaris,2019,Used,Petrol,Automatic,Red,12537,3072000,2000
VEH-01380,PW510FFFJAPZV545S,,Mercedes-Benz,C-Class,2020,New,Diesel,CVT,Grey,0,9029000,2400
VEH-01381,3DK049FPEEFP59DA2,,Volkswagen,Tiguan,2026,New,Diesel,Automatic,Blue,0,6834000,1300
VEH-01382,AHE0ADEUWUZJHCWTD,,Ford,Explorer,2012,New,Hybrid,Automatic,Grey,0,3212000,1300
VEH-01383,SPW6ZK13K6U855S7H,,Subaru,Forester,2020,New,Petrol,Automatic,White,0,9094000,1500
VEH-01384,N6HBTGE8P4FC17GGE,,Toyota,Prado,2022,New,Petrol,CVT,Beige,0,1651000,3000
VEH-01385,ZGTCRWF985G0CT7FF,KF715A,BMW,5 Series,2025,Used,Petrol,Automatic,White,57649,2566000,1800
VEH-01386,CL7G9JNRAYYH060MK,KC810T,Toyota,Prado,2011,Used,Diesel,Manual,Beige,87112,1484000,1800
VEH-01387,417H0RYW2C67AHBYJ,KJ593L,Honda,CR-V,2014,Used,Diesel,Manual,Silver,79796,2335000,2000
VEH-01388,ZASV5CR3TKZK01FXJ,,BMW,5 Series,2015,New,Petrol,Automatic,Green,0,7056000,2000
VEH-01389,4S77AF4ZN3ZJX31C1,KF463X,Toyota,Land Cruiser,2020,Used,Petrol,CVT,Blue,22776,4336000,1200
VEH-01390,YAYVJBLPSJRJ44LG0,KA540K,Ford,Ranger,2021,Used,Petrol,CVT,Grey,49629,6103000,1300
VEH-01391,5Z649GCE4J3BCZ7UY,KA733X,Hyundai,Elantra,2017,Used,Petrol,CVT,Black,10322,1703000,1300
VEH-01392,PWKVCRXNKTX5B91SC,KA849C,Ford,Explorer,2013,Used,Diesel,Manual,Silver,15612,3068000,1800
VEH-01393,Y8D1S0YAJCB80R0Z1,KE683F,Nissan,Sentra,2008,Used,Electric,Automatic,Grey,101996,2513000,1000
VEH-01394,CCSZK8C3NAC1TVBP2,,Mitsubishi,Pajero,2017,New,Petrol,Automatic,Black,0,3422000,1800
VEH-01395,CPVD07SZC2UD8EC0F,,Honda,CR-V,2024,New,Diesel,Manual,Blue,0,9062000,1500
VEH-01396,D58AJ0T8ME0TTCERL,,Mazda,CX-5,2016,New,Petrol,CVT,Blue,0,4496000,2000
VEH-01397,VR31RWL83PDA71XHC,,Mitsubishi,L200,2013,New,Hybrid,Manual,Blue,0,1368000,1000
VEH-01398,0X8D3E03GU5LC05JE,,Toyota,Yaris,2024,New,Petrol,CVT,Grey,0,8201000,1800
VEH-01399,JFJ7RWNRKCCM8FYE5,,Mitsubishi,Pajero,2009,New,Petrol,Automatic,Grey,0,4777000,1000
VEH-01400,UYSTAAZE8T3XCZ6G2,KF565S,Mitsubishi,Pajero,2023,Used,Petrol,CVT,Silver,588,5232000,1500
VEH-01401,YAR9E3LDEY5BZ7PW2,KB971A,Hyundai,i10,2010,Used,Diesel,Manual,Grey,4022,1780000,1000
VEH-01402,8S6HP2P6G3W9BNP9R,KF462A,Mitsubishi,L200,2013,Used,Petrol,Manual,White,10487,2734000,2000
VEH-01403,PXMZWTB9867LCVKCE,KD527C,Toyota,Prado,2009,Used,Petrol,Automatic,White,1210,624000,1300
VEH-01404,RDDXD6L5GTJAE8RK4,KB221Y,Subaru,Outback,2026,Used,Petrol,Automatic,Red,9009,1555000,2000
VEH-01405,TYG5LRYYEFL0JVBGW,,Toyota,Prado,2009,New,Petrol,Automatic,Blue,0,8127000,2400
VEH-01406,52LCLJ09KWEADBV20,KD604R,BMW,X3,2020,Used,Petrol,Manual,Black,39364,2740000,1000
VEH-01407,H63PWXWM0U3DPCA6J,KE713B,Volkswagen,Passat,2008,Used,Petrol,CVT,Blue,24623,3322000,2400
VEH-01408,EFS4RRAJY5B0A5UK3,KF838K,Mitsubishi,Outlander,2021,Used,Diesel,Manual,Red,100433,1670000,2400
VEH-01409,WHGW9M58UFUVP2LJ1,KD785V,Mercedes-Benz,GLE,2016,Used,Diesel,Manual,Green,76531,2576000,1000
VEH-01410,H1WR1D0YFVAKWYU3F,,Subaru,Impreza,2024,New,Petrol,Automatic,Black,0,4048000,2000
VEH-01411,T147PCN65TXTFL14M,KC873S,Honda,Accord,2011,Used,Petrol,Automatic,Blue,18822,1911000,1000
VEH-01412,Z6VG6GJ99WADJXNBW,KG912K,Isuzu,MU-X,2017,Used,Electric,Manual,Grey,13514,621000,1200
VEH-01413,63DBKUTRAMU237H93,KB283T,Mazda,CX-5,2008,Used,Petrol,CVT,Blue,21489,2045000,2000
VEH-01414,TULT6L6A3LUE4W4B0,,Nissan,Altima,2024,New,Petrol,CVT,Green,0,7733000,3000
VEH-01415,L9L35X40YNRHNJ9SC,,BMW,X3,2018,New,Petrol,Manual,Green,0,7720000,1500
VEH-01416,CK63Z8JHKMRFRMTG2,KB366M,Ford,F-150,2018,Used,Petrol,Automatic,Blue,40154,3716000,1200
VEH-01417,B4WLZ36Z7YREUX8SS,,Subaru,Forester,2017,New,Petrol,Manual,Silver,0,7288000,1500
VEH-01418,6RYAEYF43YRMV7NMF,,Nissan,Navara,2011,New,Petrol,Automatic,Red,0,2160000,1800
VEH-01419,T9VWMMHYXFZ5JBJJ5,KF616W,Toyota,Camry,2017,Used,Diesel,CVT,White,14042,4290000,1200
VEH-01420,X4C5TL05UC52UJ92H,KC942S,Mercedes-Benz,GLE,2020,Used,Diesel,CVT,Beige,44035,5459000,1500
VEH-01421,FKF624UA0UN0X0VXU,,Mercedes-Benz,GLC,2017,New,Petrol,Manual,Blue,0,8307000,1300
VEH-01422,DMVG2UMP4PCTNSC10,KD164J,BMW,5 Series,2017,Used,Petrol,CVT,Grey,23698,2348000,1200
VEH-01423,50PLZP0UW1S7F1TFS,KC228I,Subaru,Outback,2011,Used,Petrol,CVT,Green,36138,1874000,3000
VEH-01424,RYUVSESNF89WB92G2,,Toyota,Prado,2022,New,Petrol,Automatic,Grey,0,8264000,1800
VEH-01425,44DC5UGFCDVCDWA4R,KH768N,Mazda,CX-3,2012,Used,Electric,CVT,Grey,25781,2085000,1200
VEH-01426,LVG6FLAHMJ7183CDM,KE814M,Volkswagen,Golf,2020,Used,Petrol,CVT,Black,15695,2366000,1800
VEH-01427,5RBD3ARYEVGCJ7LN3,KD904M,Subaru,Outback,2019,Used,Hybrid,CVT,Grey,133437,4408000,2400
VEH-01428,49LLW5BP81252VXN0,KA381E,Mercedes-Benz,GLE,2015,Used,Hybrid,CVT,Blue,64901,3338000,1300
VEH-01429,XFR8Y3MRYUFW1TEDE,KA320Q,Subaru,Outback,2012,Used,Petrol,CVT,Grey,6792,781000,1000
VEH-01430,29X8TRR9CXNBHL8B5,KF798W,Honda,CR-V,2008,Used,Petrol,Automatic,White,91282,3670000,1200
VEH-01431,K7P7TGD6D9JLXYXW2,KH709X,Mitsubishi,Outlander,2011,Used,Electric,CVT,Green,30074,3509000,1000
VEH-01432,TP8VA4NVUGP6969PU,KB874C,Subaru,Impreza,2015,Used,Petrol,CVT,Grey,101229,701000,2400
VEH-01433,KX9Y6TEAWBDGGX9AH,,Toyota,Land Cruiser,2020,New,Diesel,Automatic,Green,0,6304000,1300
VEH-01434,YZ8A39TJK6LM9ZVG0,KA963K,Nissan,Sentra,2025,Used,Hybrid,CVT,Beige,72392,5557000,1800
VEH-01435,VXHYWZ3PRA59F97LT,,Honda,Civic,2026,New,Electric,CVT,White,0,2870000,1800
VEH-01436,B3ZU9L7UXS3X4UGAR,,Mitsubishi,Outlander,2016,New,Petrol,Manual,Silver,0,1318000,1000
VEH-01437,UGCJSV3JAWZDKL1VJ,KG176P,Mazda,Mazda6,2026,Used,Hybrid,Manual,White,24919,3766000,1800
VEH-01438,021ZYTD5WZFLJVE4R,KE375D,Mercedes-Benz,GLC,2017,Used,Hybrid,CVT,Beige,1022,973000,1000
VEH-01439,LWD3DD5THJ0W17EZ3,KC226M,Honda,Civic,2014,Used,Diesel,Automatic,Blue,14080,887000,1200
VEH-01440,FG9APWN9XNSJH039N,,Mitsubishi,L200,2009,New,Petrol,Automatic,Grey,0,1739000,1800
VEH-01441,ATYYLGZ5VYMXA279F,,Nissan,Navara,2013,New,Diesel,Automatic,Grey,0,5439000,2400
VEH-01442,ATGK784NC8MS5T45N,KF193R,Ford,Explorer,2022,Used,Petrol,Automatic,Red,35103,1459000,1300
VEH-01443,EDGVE2SYFUYAFC79N,,Subaru,Forester,2016,New,Diesel,CVT,Grey,0,3863000,1800
VEH-01444,T19JK85ENBBE5HADC,KG409J,Ford,Focus,2017,Used,Petrol,Automatic,Grey,45166,3797000,3000
VEH-01445,A4M6EESS8EBLSXYX1,KJ560W,Isuzu,MU-X,2024,Used,Petrol,Automatic,Green,13421,6053000,1800
VEH-01446,RRKXR00GVT8R7XKLY,,Honda,Civic,2014,New,Diesel,CVT,Silver,0,8364000,1300
VEH-01447,3S3AKE070H0E2CLHP,,Toyota,Corolla,2010,New,Electric,Manual,Green,0,8275000,2400
VEH-01448,7PTTD93W63DT6EW7T,,Mitsubishi,L200,2023,New,Petrol,Automatic,Green,0,3779000,1000
VEH-01449,50K3U9015R3SVMAZM,,Ford,Ranger,2017,New,Diesel,CVT,Black,0,4582000,1200
VEH-01450,FTJTJK7R4PRBL121D,,BMW,X3,2017,New,Petrol,Manual,Green,0,1707000,1200
VEH-01451,H4SWRUK0SH9YYY46D,KG607K,Mercedes-Benz,E-Class,2023,Used,Hybrid,Manual,Grey,6753,5418000,2000
VEH-01452,S30W0SRBLYMG9CG2J,KC582F,Nissan,Note,2018,Used,Electric,CVT,Silver,81062,3229000,1200
VEH-01453,NZJNMYXL4TKURFYLF,KE321O,Isuzu,D-Max,2026,Used,Petrol,CVT,Silver,187228,4198000,1300
VEH-01454,AKVBFM085DKSBP8RN,,Toyota,Camry,2012,New,Petrol,Manual,Silver,0,1811000,1200
VEH-01455,9GFNA1B6NXZ2MUJZE,KG356S,Mitsubishi,L200,2018,Used,Hybrid,Manual,Black,33565,4286000,1000
VEH-01456,NPBB3E8DMZ4LWS36P,,Toyota,Yaris,2013,New,Petrol,Automatic,Red,0,5979000,1500
VEH-01457,FTBKCZ7SFVJ7WLTGP,,Honda,CR-V,2014,New,Hybrid,Manual,Green,0,2694000,1000
VEH-01458,YZU862UDCGYF7EGH7,KC251G,Honda,Fit,2020,Used,Petrol,Automatic,White,8475,4478000,1800
VEH-01459,XJVXVPKD7FD0NXEWG,KH157E,Nissan,Sentra,2008,Used,Petrol,Automatic,Green,14304,1293000,1200
VEH-01460,NB85YY9JC12JT5FYS,,Mitsubishi,Pajero,2009,New,Hybrid,Automatic,White,0,6815000,1500
VEH-01461,39KZ293AU6MCWBP11,,Mazda,Mazda6,2013,New,Petrol,Manual,Green,0,4984000,3000
VEH-01462,TDM0ZF8CW82E4EMVC,,Subaru,Impreza,2011,New,Petrol,Automatic,Green,0,5322000,1200
VEH-01463,FJ7NU495RAWH9KT13,KH623G,BMW,X5,2019,Used,Petrol,CVT,Black,835,1483000,2000
VEH-01464,NUUAWPHAGE9AGP3K5,KC673B,Isuzu,D-Max,2020,Used,Petrol,Manual,Beige,110559,2947000,1200
VEH-01465,K4TVWXZ90X5LF41EJ,,Nissan,X-Trail,2011,New,Diesel,Manual,Green,0,5162000,1500
VEH-01466,3T2XMTXZ7YA34BU0J,KD336M,Ford,Explorer,2008,Used,Diesel,Automatic,Silver,5637,1063000,1800
VEH-01467,WET3Z0SGE39HL2N5G,,Nissan,Note,2012,New,Hybrid,CVT,Beige,0,4215000,1800
VEH-01468,M02CAP2KWLDGR3A1M,KH431E,Mazda,Mazda3,2010,Used,Diesel,Automatic,Green,38665,1804000,1800
VEH-01469,7EAF1D0U9LNBPHWYT,KB487O,BMW,3 Series,2010,Used,Hybrid,Automatic,Red,14412,1192000,2000
VEH-01470,W9PRCGGKL03MDKRAJ,,Subaru,Outback,2026,New,Hybrid,Automatic,Silver,0,9235000,1800
VEH-01471,DS20KFDGK8D0WS9D1,,Subaru,Impreza,2021,New,Diesel,CVT,White,0,2857000,1500
VEH-01472,DYWNHVA1HSAL1L8LR,,Nissan,Navara,2014,New,Petrol,CVT,Blue,0,3940000,1500
VEH-01473,XC9H32JX055G7X8FK,KH920N,Honda,Fit,2010,Used,Petrol,Manual,Silver,36352,3713000,1000
VEH-01474,6J2ZFTLSZP891YTC1,KF400T,Hyundai,Tucson,2026,Used,Diesel,Manual,Blue,47424,6165000,2000
VEH-01475,78DHSKNRRAJHZSZZH,,Volkswagen,Polo,2018,New,Petrol,Manual,Beige,0,3020000,1800
VEH-01476,583FRU2KAZXR9R95K,KJ540F,BMW,3 Series,2021,Used,Diesel,Manual,Black,79669,6209000,2400
VEH-01477,VZTJ66XEMJD9LANDD,KD654X,BMW,X5,2018,Used,Hybrid,Automatic,White,10404,4707000,1500
VEH-01478,MMPWBKJMYCMGZBTYF,KJ290G,Subaru,Forester,2012,Used,Petrol,Manual,Silver,497,2080000,2400
VEH-01479,UZNW5S2PTTN3VE00J,,BMW,5 Series,2017,New,Petrol,Automatic,Grey,0,4211000,2400
VEH-01480,SD3NHYWL9W73RVXTY,KE651N,Hyundai,Tucson,2024,Used,Petrol,Manual,Beige,6624,1623000,1300
VEH-01481,EW02KHLVDFCJ09BP4,KC418E,Mercedes-Benz,GLC,2018,Used,Diesel,Automatic,Beige,103624,1831000,1800
VEH-01482,FZTZ93GJSN33BR86V,KH428C,Toyota,RAV4,2008,Used,Diesel,Manual,White,93177,1722000,2400
VEH-01483,7XKT48K3D0J0CBFFB,KC942K,Mitsubishi,L200,2019,Used,Petrol,CVT,Grey,40942,5397000,1000
VEH-01484,C1LJZ4FV09LHTZAX7,KF591W,Toyota,Camry,2026,Used,Diesel,Automatic,Green,41291,1575000,1800
VEH-01485,4J6XUL1PC7GKGBECB,,Nissan,X-Trail,2020,New,Petrol,Manual,Green,0,2968000,1800
VEH-01486,YV5K78Z1XGKZH1X80,,Isuzu,MU-X,2026,New,Hybrid,Automatic,Black,0,4271000,1300
VEH-01487,Z6YV8C7SXUZY4U8C7,,Honda,HR-V,2013,New,Petrol,CVT,Grey,0,4412000,2400
VEH-01488,Z3ZMXL2PJCCYGK2ZU,KD706S,Subaru,Outback,2023,Used,Diesel,Manual,Blue,49218,6283000,1000
VEH-01489,8EHSMCLXWAGZ2E6XX,KD690U,Isuzu,D-Max,2015,Used,Diesel,Manual,White,8676,1361000,2400
VEH-01490,UR9LH2UBFKNUVF8MM,,Mitsubishi,Pajero,2015,New,Petrol,Manual,White,0,8915000,1200
VEH-01491,8Z3NL2VLWAJN34V9A,KD794E,Toyota,Prado,2011,Used,Petrol,CVT,Beige,110619,2827000,3000
VEH-01492,1X7UVA9FZDBYE2BE1,,Mazda,Mazda3,2012,New,Diesel,Manual,Red,0,3307000,3000
VEH-01493,SYTX271GAFMSR4XF6,,Mazda,CX-3,2011,New,Petrol,Automatic,Silver,0,3000000,1200
VEH-01494,0VY887PC8W04B6V5C,KE610L,Volkswagen,Passat,2017,Used,Hybrid,Automatic,Green,24417,3988000,1500
VEH-01495,KTU79RW6LT0LV58BS,KG386K,BMW,5 Series,2019,Used,Petrol,Automatic,White,21739,5246000,2000
VEH-01496,A5RNXXB1B2ZPA8NT2,KC616L,Subaru,Impreza,2018,Used,Petrol,Automatic,Black,32927,2615000,2400
VEH-01497,XFYFMD23VF30J496E,,Ford,Ranger,2018,New,Petrol,Manual,Red,0,7899000,1200
VEH-01498,SDZEWLN3W1VHX5L5K,,Nissan,Sentra,2022,New,Diesel,CVT,Black,0,8355000,2400
VEH-01499,2Y0EVSZC9VBVTKVJC,KB394T,Subaru,Forester,2015,Used,Petrol,Manual,Green,2164,3575000,1000
VEH-01500,LAZ1WN5XRYJA0XNUJ,KE466T,Subaru,Outback,2011,Used,Diesel,Manual,Black,8183,661000,1000
VEH-01501,635GX8LV4VFL0LM6X,,Mitsubishi,Pajero,2013,New,Diesel,Automatic,Red,0,5469000,3000
VEH-01502,9YA5P6PKGND3J5G4L,KF702L,BMW,3 Series,2022,Used,Petrol,Manual,Beige,60279,4605000,3000
VEH-01503,EEWY4NZ6WRAUFRAFH,KB773E,Mitsubishi,Outlander,2021,Used,Petrol,CVT,Blue,3889,5811000,2000
VEH-01504,8S0W6V7YGSVT0WC11,KJ609A,Subaru,Outback,2020,Used,Petrol,CVT,Black,41589,2563000,1200
VEH-01505,LZFGJFC6AS2DTTWH1,KH877T,Honda,Accord,2015,Used,Diesel,CVT,Black,12667,2527000,1500
VEH-01506,TE6LUY05DT22D6WS3,KA920J,Isuzu,D-Max,2013,Used,Electric,CVT,Red,22191,3267000,1000
VEH-01507,E2T0U24952HTKJH6B,KF856V,Toyota,Prado,2013,Used,Petrol,Manual,Red,15329,1031000,1200
VEH-01508,UHT2BXMF8ZXV9PCNR,,BMW,5 Series,2015,New,Diesel,Automatic,Silver,0,4114000,1000
VEH-01509,A4YR0XZHFVDZ6LXDH,KE720M,Mercedes-Benz,E-Class,2011,Used,Petrol,CVT,Red,19779,1379000,1000
VEH-01510,UTWWMZ0KWEK4Y2KJ4,,Subaru,Impreza,2026,New,Electric,CVT,Black,0,8123000,3000
VEH-01511,AJNDKJP3TU31FE61U,KG405M,Mazda,Mazda6,2015,Used,Petrol,Manual,Grey,57130,2449000,1000
VEH-01512,KC7D20XTJHHT6E2RE,KF357E,Nissan,X-Trail,2010,Used,Petrol,Manual,Silver,15865,2353000,2000
VEH-01513,G1GSF957BKCSHS8BR,KC340T,Toyota,Prado,2014,Used,Hybrid,CVT,Beige,37603,2753000,3000
VEH-01514,U7GYNZV2FPH8UK926,,Volkswagen,Passat,2019,New,Diesel,CVT,Red,0,1205000,1200
VEH-01515,XFD30HEYPGYWY9M3G,KE677V,Mercedes-Benz,C-Class,2011,Used,Petrol,Manual,Beige,29086,2499000,1300
VEH-01516,5ZHKKGX255XC12HNH,,Isuzu,D-Max,2016,New,Petrol,Manual,White,0,8964000,3000
VEH-01517,417DE7FT38RWCE5VT,KC582Y,Ford,Explorer,2016,Used,Petrol,Automatic,Blue,49034,1282000,2000
VEH-01518,XCE6GC2STMRM776BN,KE121Y,Ford,Focus,2022,Used,Petrol,Automatic,Green,124286,4628000,1000
VEH-01519,MSD9ANPUSLW7SYV5R,,Honda,Accord,2015,New,Diesel,Manual,Blue,0,2354000,2000
VEH-01520,7DWCFP9SE4DWUB580,,Mercedes-Benz,C-Class,2020,New,Petrol,Automatic,Silver,0,1598000,1500
VEH-01521,RK0FM5FFK6N81ZTHC,,BMW,3 Series,2019,New,Diesel,Automatic,Red,0,7763000,2000
VEH-01522,M15K4GF9RRN4F7SCL,KH702A,Subaru,Impreza,2014,Used,Petrol,Automatic,Red,59350,1236000,1300
VEH-01523,WR9EKRBJSX8YPZG53,KH327C,Ford,Explorer,2013,Used,Petrol,Manual,Black,10889,1688000,2000
VEH-01524,WGD2Y8L3JDA1HYX30,KG957R,Hyundai,Santa Fe,2015,Used,Petrol,CVT,Grey,1425,2380000,2000
VEH-01525,8HJJVNXV20JMKFW91,KE318M,Mercedes-Benz,GLC,2019,Used,Petrol,Automatic,Red,13687,3834000,2400
VEH-01526,ZL36R556SFLBTMA58,KJ790Y,Mercedes-Benz,GLC,2026,Used,Hybrid,CVT,Blue,40682,8634000,2000
VEH-01527,FKSYYXFMH6AAE38NX,KG295K,Honda,Civic,2015,Used,Petrol,CVT,Beige,2375,3353000,2000
VEH-01528,B0NHXCLP3D8FV9KYG,,BMW,3 Series,2019,New,Petrol,CVT,White,0,2719000,2400
VEH-01529,206JCDCGBJ0ASUPSB,,Subaru,Outback,2015,New,Petrol,CVT,Grey,0,7324000,3000
VEH-01530,EMFL7CAPXYRKAZBTE,KG490X,Volkswagen,Golf,2021,Used,Hybrid,CVT,White,30865,5506000,2400
VEH-01531,JRACAAEE0FP458BD1,KB952C,Honda,Civic,2024,Used,Diesel,CVT,Black,40879,6862000,2400
VEH-01532,ANSX64B9KLC32R4V1,KF214S,Subaru,Impreza,2016,Used,Petrol,Manual,Red,18307,855000,2400
VEH-01533,6S5FL52WLBFK16CU8,,Honda,Fit,2022,New,Petrol,Automatic,Blue,0,1728000,1000
VEH-01534,L9FEJ2PJNHYXKR848,KC102E,Mazda,Mazda6,2019,Used,Petrol,Manual,Grey,66314,5420000,1300
VEH-01535,R42SL6F1VTGC76XH0,KG527M,Toyota,Camry,2011,Used,Hybrid,Automatic,Silver,5072,1874000,2400
VEH-01536,XRY4W6YJ0EP4W599Y,KE850J,Toyota,Prado,2013,Used,Hybrid,Automatic,Beige,3514,2859000,3000
VEH-01537,XDGFTWXF6SH7232RL,KJ746J,Mitsubishi,Outlander,2015,Used,Petrol,Automatic,Blue,58619,3501000,2400
VEH-01538,B6AAY5HP16VM7VV9H,KD412Z,Mitsubishi,Pajero,2018,Used,Electric,CVT,Grey,30787,3449000,1500
VEH-01539,92U8232ZL6EA2H0VD,KD928U,Mazda,Mazda6,2021,Used,Petrol,Automatic,Black,52471,1791000,1200
VEH-01540,75DC1UY4GMXFCMS0P,KA690Y,Mazda,Mazda6,2023,Used,Petrol,Manual,Beige,25678,1667000,2000
VEH-01541,12D3CYW4CY5KAETEA,KG443M,Toyota,RAV4,2022,Used,Diesel,Manual,Beige,12730,4772000,2400
VEH-01542,UNGFNR1ZDLCCM5T55,,Isuzu,D-Max,2025,New,Electric,Automatic,Black,0,6509000,1800
VEH-01543,BN9JND8TG6T1PK0Z0,,Ford,Ranger,2017,New,Diesel,Automatic,White,0,3052000,2000
VEH-01544,3K5ETW3FL3SV8UG3M,,Mercedes-Benz,GLC,2023,New,Diesel,Manual,Blue,0,5878000,1300
VEH-01545,WPD4SU3NV4BM0VNE1,,Honda,Civic,2008,New,Diesel,Manual,Grey,0,6537000,2000
VEH-01546,6Y18W5GYPG4T1D3FM,KH926B,Volkswagen,Golf,2009,Used,Petrol,Manual,Black,76942,2590000,1200
VEH-01547,GVP64XECRLHTVC7H8,KD456W,BMW,X3,2011,Used,Diesel,CVT,Black,72293,2718000,1000
VEH-01548,9LF6HRKZGECFYX7PU,KH671J,Mazda,CX-3,2025,Used,Petrol,CVT,Beige,53390,7248000,3000
VEH-01549,REZR88BNXD7E1L5PL,,Mazda,Mazda3,2018,New,Hybrid,Automatic,Black,0,6714000,2400
VEH-01550,6CNYULAN4DB0YAJ9J,,Nissan,Sentra,2015,New,Petrol,Automatic,Black,0,7624000,2000
VEH-01551,PG641HX8CZTZ8L5AS,KE901K,Ford,Fusion,2010,Used,Diesel,Automatic,Beige,14294,1668000,3000
VEH-01552,44MDGPGFN58HRBSMZ,KG513B,Nissan,Altima,2017,Used,Petrol,Manual,Silver,40147,3723000,2000
VEH-01553,7VZA70R8PXN51E2JJ,KB764W,Toyota,Hilux,2020,Used,Petrol,Manual,Blue,20151,1008000,1000
VEH-01554,K4L2NA6VZATDXUVW0,KC588C,Isuzu,MU-X,2014,Used,Diesel,CVT,Grey,4322,2226000,1200
VEH-01555,DLDUC1S1DBU0ZLEPL,KB441E,Subaru,Outback,2023,Used,Diesel,CVT,Grey,112171,1868000,1300
VEH-01556,3C8GG42SKJHE91ZRG,KF450T,Mercedes-Benz,C-Class,2020,Used,Petrol,Automatic,Green,6620,2577000,2000
VEH-01557,R5XMNWSS2JZPU59GE,KF124G,Honda,Civic,2024,Used,Petrol,Automatic,White,135022,3422000,3000
VEH-01558,TLK1RL0UD45TXVF26,KF622R,Nissan,Sentra,2021,Used,Hybrid,Automatic,Blue,26577,6484000,1000
VEH-01559,CLYNVYLPVR1V3K6CL,KC447X,Mazda,Mazda3,2014,Used,Petrol,CVT,Grey,9212,1622000,1800
VEH-01560,4E19XR4N28253X56H,KG551V,Honda,Civic,2021,Used,Petrol,Automatic,Blue,35130,3534000,1200
VEH-01561,SE2DG06H7KXJ1TSZ7,,Toyota,Yaris,2025,New,Petrol,CVT,Silver,0,6111000,1000
VEH-01562,KRM4TJTT0YSV9MT0T,KF576W,Volkswagen,Golf,2008,Used,Diesel,Manual,Black,92841,1804000,1800
VEH-01563,4PYX7W6FH03DUY527,KC880P,Subaru,Impreza,2022,Used,Diesel,Automatic,Green,59292,4748000,2400
VEH-01564,GN3BHBLEDJF19ND3H,,Mercedes-Benz,GLC,2012,New,Petrol,CVT,Blue,0,3121000,2000
VEH-01565,1PZ9U28ZF0SKLUPRC,,BMW,X5,2009,New,Diesel,CVT,Beige,0,6489000,2400
VEH-01566,8GKL1909D177XZL4Y,,BMW,X5,2012,New,Hybrid,CVT,Red,0,6541000,1500
VEH-01567,L7L9AFDZBPJ630HG3,,Honda,Accord,2009,New,Petrol,Manual,Blue,0,7625000,3000
VEH-01568,4FCS6W730KE8XD3TT,KE654Y,Honda,HR-V,2026,Used,Petrol,CVT,Red,73925,8507000,1200
VEH-01569,ZPCEZY0KNC609LXNS,KE459P,BMW,X3,2008,Used,Petrol,Automatic,Red,48385,2125000,2400
VEH-01570,4RN1SZ9ECW85YWCN1,KA781Y,Mercedes-Benz,GLE,2013,Used,Electric,CVT,White,53034,3577000,1000
VEH-01571,21LGT48A8HUT1P2K6,KF953S,Ford,Fusion,2022,Used,Petrol,CVT,Black,85129,3614000,2400
VEH-01572,WGFGWFV7TAZSN93U2,KE435P,Mercedes-Benz,GLC,2024,Used,Diesel,Automatic,Red,12925,3062000,1500
VEH-01573,PG7DEF9NJEPLH31AK,,Toyota,Land Cruiser,2012,New,Hybrid,Automatic,Beige,0,9197000,1500
VEH-01574,PF3JRA9FZTSCBJU4U,,Honda,CR-V,2026,New,Diesel,Automatic,Black,0,9230000,3000
VEH-01575,J52Y1XGT0U4VG0PWU,KF625D,Isuzu,D-Max,2020,Used,Electric,Manual,Green,30249,4006000,1200
VEH-01576,LT4W0XS9HXEWUNU7W,KA782G,Hyundai,Santa Fe,2013,Used,Hybrid,Automatic,Silver,11250,1317000,2000
VEH-01577,FYRU6RR1R258ZHWC9,KA467U,Toyota,Land Cruiser,2020,Used,Diesel,Automatic,Green,197800,4631000,1500
VEH-01578,KZFJNBHE9ZTNDU2DU,,Volkswagen,Golf,2019,New,Petrol,Automatic,Black,0,5276000,1500
VEH-01579,89GS4WM23YUBSVZKH,,Ford,F-150,2017,New,Diesel,CVT,Red,0,3198000,1000
VEH-01580,RZ0F0J39Z7CJATSH0,KH483I,Toyota,Land Cruiser,2026,Used,Petrol,Automatic,Red,129755,4796000,1500
VEH-01581,CT7WREF0L61C97HBE,KA239O,Hyundai,Santa Fe,2026,Used,Diesel,CVT,White,1810,7205000,3000
VEH-01582,5Z6DM5NWA7U5F8BMA,KA512T,Hyundai,i10,2021,Used,Hybrid,CVT,Black,55022,2268000,2000
VEH-01583,6FEJL8MHEL99L2G3V,,Mazda,CX-3,2026,New,Petrol,Manual,Beige,0,6111000,2400
VEH-01584,HCRL7SMY2W0AR3PD2,,Subaru,Outback,2014,New,Diesel,CVT,Beige,0,1634000,1800
VEH-01585,RGAN3HUCLU63W26PT,KD107Y,Toyota,Prado,2024,Used,Diesel,CVT,Blue,116711,1527000,1000
VEH-01586,L5VGDDYB0V1UPJ7C9,KE115T,Mazda,CX-5,2010,Used,Hybrid,CVT,Green,8961,639000,2000
VEH-01587,6Y8ZNTLSMNH57BN9W,KE378U,Nissan,Navara,2010,Used,Petrol,Manual,Red,37764,1107000,1000
VEH-01588,PX5RB9M9X45YZRS6H,KH686W,Honda,Accord,2015,Used,Electric,CVT,Black,111188,657000,1800
VEH-01589,VW0LFZ2V7N4WAS6JC,KE291I,BMW,X3,2015,Used,Diesel,Manual,Silver,1554,3421000,1200
VEH-01590,Y2ETGXV283A6UDJ9J,,Honda,Civic,2026,New,Petrol,Manual,Grey,0,4865000,1800
VEH-01591,TJFNL86N2BYMVB06W,KF816Y,Hyundai,Tucson,2014,Used,Petrol,Manual,Red,53793,1086000,3000
VEH-01592,HUZ3LUVBSX73X0DKU,KJ992Z,Mazda,Mazda3,2010,Used,Petrol,CVT,Black,15880,1384000,1800
VEH-01593,YMDDA47PEPRVK2ZH5,,Nissan,Navara,2021,New,Diesel,Manual,Beige,0,6205000,3000
VEH-01594,MWFHK2E6V4FN9TLYU,KG199J,Hyundai,i10,2019,Used,Petrol,Manual,Grey,116201,5024000,2400
VEH-01595,NGCMXC9MDDRATKGL9,KD556F,Volkswagen,Tiguan,2025,Used,Diesel,Manual,Black,159411,6326000,3000
VEH-01596,FUM897KGH0LZTARRA,KH299T,Hyundai,Elantra,2021,Used,Petrol,CVT,Green,129922,6014000,1200
VEH-01597,TV5NTJKEETWJLW8ED,KC626N,Mitsubishi,Pajero,2019,Used,Petrol,CVT,Blue,28928,2833000,1000
VEH-01598,6YNXDLHJZMFDMXK8D,KE178L,Honda,Fit,2010,Used,Hybrid,Manual,Grey,89136,641000,3000
VEH-01599,GCTCXTVSD86DWDWZM,KJ893G,Hyundai,Santa Fe,2008,Used,Petrol,Manual,Green,83764,777000,1000
VEH-01600,4UUHU6NUU509YAWB7,KE840M,BMW,5 Series,2020,Used,Petrol,Automatic,White,17295,1186000,1500
VEH-01601,J0EXBCTHBFYN0E9GG,KH327N,Toyota,Prado,2008,Used,Diesel,Automatic,White,79451,489000,1800
VEH-01602,WJHG4F2YNWB3258V6,KE963L,Volkswagen,Passat,2020,Used,Petrol,CVT,Red,1696,2550000,2400
VEH-01603,40XXSS60CYH7NDCXC,,Nissan,X-Trail,2021,New,Petrol,Automatic,Green,0,4386000,1800
VEH-01604,K4RBE1VGGJMS7GYLV,KF997R,Mitsubishi,Outlander,2013,Used,Diesel,Manual,Red,40815,3581000,1200
VEH-01605,FJRMNDT2T6Z9GGTP2,KA315C,Isuzu,MU-X,2016,Used,Diesel,Manual,Silver,11761,1561000,1300
VEH-01606,78T2YZJCKT4MZ21RV,,Isuzu,D-Max,2015,New,Petrol,CVT,Grey,0,7577000,2400
VEH-01607,E5HXGMJ1FCCG93P58,KG645X,Mercedes-Benz,E-Class,2025,Used,Diesel,CVT,Silver,5781,3983000,1800
VEH-01608,PDVYC34F60GMMF5PT,KC295E,BMW,3 Series,2019,Used,Diesel,Automatic,Black,3603,2257000,1800
VEH-01609,E11DJGSMBL4NURV32,KB795D,Ford,Fusion,2021,Used,Diesel,CVT,Black,53625,4527000,1500
VEH-01610,60NM3PZG04VGB5MCS,,Ford,Ranger,2025,New,Petrol,CVT,Black,0,2842000,2000
VEH-01611,9VSYFN66LK9WAXXRX,,Nissan,Note,2018,New,Petrol,CVT,Red,0,9312000,1000
VEH-01612,VXHUDVY6XK97SNF8C,KA136E,BMW,X5,2023,Used,Petrol,Automatic,Red,18689,3680000,1200
VEH-01613,H7RLG6BT3WPRR6U34,KE317C,BMW,X3,2024,Used,Petrol,Manual,Black,58056,7744000,1000
VEH-01614,1LX4GXPN31CMRCBGB,KC572K,Mitsubishi,L200,2020,Used,Diesel,Manual,Red,3041,5322000,2400
VEH-01615,UG6GJKM1F08VBE8AX,KJ210R,Subaru,Forester,2014,Used,Petrol,Automatic,White,17044,3391000,1200
VEH-01616,A2VACHJX09Z62J6FP,KH238K,Mazda,Mazda3,2017,Used,Diesel,CVT,Grey,34894,1678000,1300
VEH-01617,P4EA8R0KNHV015UMX,KH912N,Nissan,Note,2014,Used,Petrol,Manual,White,70384,2909000,1200
VEH-01618,9NEJF2B3AA2S0XZM7,,Mercedes-Benz,C-Class,2013,New,Diesel,CVT,Red,0,7771000,1200
VEH-01619,DBZMGTSUB6H27VFNS,KH241B,Honda,Fit,2018,Used,Diesel,Automatic,Grey,17272,1652000,1500
VEH-01620,G8V3J27C7H7MWTX91,,Volkswagen,Golf,2008,New,Diesel,Manual,Silver,0,8487000,2400
VEH-01621,6A6X9YYLVJMNM50RC,,Isuzu,MU-X,2014,New,Petrol,Automatic,Grey,0,3739000,2000
VEH-01622,1EELHLY04W2V0WP9S,,Honda,CR-V,2018,New,Petrol,CVT,Grey,0,5520000,2000
VEH-01623,NARCGZ2YLBL9TA86A,,Ford,Focus,2023,New,Petrol,Manual,Beige,0,6932000,1000
VEH-01624,5ZE8XG77F71G58JLK,,Volkswagen,Tiguan,2026,New,Petrol,Automatic,Beige,0,2057000,2400
VEH-01625,7NT0A3ZGEXV30834A,KG782P,BMW,X3,2020,Used,Petrol,CVT,Green,44244,5361000,1200
VEH-01626,UD1M8913UWLZP4UGF,KJ569S,Nissan,Sentra,2017,Used,Petrol,Automatic,Black,97711,3859000,1800
VEH-01627,C7XXG18RW7T3BVG35,KD392X,Honda,Civic,2026,Used,Diesel,Automatic,Black,43054,4409000,1200
VEH-01628,4Y65X8Y404ZEX9BFG,KD348L,Ford,Focus,2012,Used,Diesel,Manual,Grey,11934,562000,1500
VEH-01629,DH2XT17J4SFVS984J,,Subaru,Outback,2019,New,Petrol,CVT,Blue,0,7061000,1300
VEH-01630,4PDJJTMJAP4NCZ9VK,KB701Q,Ford,F-150,2020,Used,Diesel,Manual,White,1111,4837000,1300
VEH-01631,2UHYW96WV1C8RP6AM,,Subaru,Outback,2010,New,Petrol,Automatic,Blue,0,1285000,2000
VEH-01632,5R4WV68EU9Y2D2CNH,,Toyota,Yaris,2017,New,Diesel,Automatic,Silver,0,8304000,1800
VEH-01633,58YRETGA6L0KBS7F5,KF715I,Toyota,Land Cruiser,2024,Used,Petrol,Automatic,Silver,91844,8303000,2000
VEH-01634,RLU9DK20PT3DGZX3D,,Mercedes-Benz,E-Class,2024,New,Petrol,Manual,Black,0,7932000,2000
VEH-01635,NCD8DNE2N6XWPFWDJ,KA650D,Mercedes-Benz,GLC,2011,Used,Diesel,CVT,Grey,967,2329000,2000
VEH-01636,NBRPWS6VKS238U5G8,KD414P,Hyundai,Tucson,2010,Used,Diesel,Automatic,White,93467,3221000,2000
VEH-01637,9VGU8H004FX54KHKK,KG680O,Honda,Civic,2016,Used,Petrol,CVT,Blue,33874,486000,1300
VEH-01638,4AADRU1HKAJXCCXHR,,Mazda,Mazda6,2015,New,Petrol,Automatic,Black,0,9019000,3000
VEH-01639,P15LZZEYBWTU276TU,KG718E,Toyota,Hilux,2011,Used,Petrol,Automatic,Blue,125909,2907000,1800
VEH-01640,7TSCHV5YPA9CAYJZK,KB588X,Toyota,RAV4,2019,Used,Diesel,Manual,Black,72151,4835000,1000
VEH-01641,P47JRDVMVHM807Y3L,KA897L,Honda,Fit,2009,Used,Diesel,Manual,Silver,278198,1790000,2400
VEH-01642,ZDRPPDS3DCDBTDZAM,KJ886S,Mazda,Mazda6,2019,Used,Petrol,Automatic,Green,19434,5108000,3000
VEH-01643,5ESCA045G5XXYU4PT,,Isuzu,D-Max,2021,New,Diesel,CVT,Grey,0,7252000,1000
VEH-01644,W54UH4EZCH6U4AAAJ,KG452R,Nissan,X-Trail,2016,Used,Petrol,CVT,White,65588,1020000,1200
VEH-01645,A4RTZ3WXXE71VJGWC,KB628Y,Nissan,Altima,2018,Used,Petrol,CVT,Green,23132,3834000,1800
VEH-01646,7PPG8ZSC7SGP7VKZF,,Mercedes-Benz,E-Class,2020,New,Petrol,Manual,Red,0,6122000,1800
VEH-01647,1ZJZJ431SM33S7BRJ,KJ182R,Mitsubishi,L200,2022,Used,Diesel,CVT,Green,29415,4381000,3000
VEH-01648,V7GSRK0KFDKXYULV6,,Mercedes-Benz,GLC,2008,New,Petrol,CVT,Black,0,8642000,1800
VEH-01649,UZGMR1HYSHBYAL2LY,,Toyota,RAV4,2020,New,Petrol,Manual,Silver,0,5183000,1200
VEH-01650,NPT3YB6VAXZ0X7X34,,Mitsubishi,Outlander,2018,New,Diesel,Automatic,Green,0,6244000,3000
VEH-01651,NDB0M1FSPC90WEAR7,,Hyundai,Elantra,2022,New,Diesel,CVT,Red,0,6017000,2000
VEH-01652,KM54NH8NRFNF65ADL,KC942R,Toyota,Corolla,2009,Used,Petrol,CVT,White,44438,1479000,2000
VEH-01653,Y00A8SA4F1UX4EY6S,,Volkswagen,Polo,2008,New,Petrol,Automatic,Beige,0,3103000,1800
VEH-01654,GD2TFYVTVBTM57RMM,,Hyundai,i10,2025,New,Diesel,CVT,Red,0,8169000,2400
VEH-01655,FEVJUEYZ8DMGU9GDV,KH643M,Nissan,Note,2010,Used,Petrol,CVT,Black,93101,2432000,1800
VEH-01656,K82WYC8ACU598FTVP,KA995N,Nissan,Sentra,2023,Used,Diesel,CVT,Green,186317,4020000,3000
VEH-01657,ZB4LUKF4PJPD052MC,KB400C,Isuzu,MU-X,2013,Used,Diesel,Manual,Silver,65798,1589000,3000
VEH-01658,RTLDYRPB3T31VXSD6,KF478W,Subaru,Impreza,2025,Used,Hybrid,Manual,Green,24339,6899000,1800
VEH-01659,6MZ7W0V88GLNHA3F6,KB184G,Honda,Accord,2016,Used,Diesel,CVT,White,24618,3691000,1000
VEH-01660,B2URZ3LRTKYEF6CEY,KB662Z,Ford,Focus,2016,Used,Diesel,Manual,Green,60201,653000,2400
VEH-01661,MTAJW3TE9RLKMEDYS,KC365J,Subaru,Outback,2016,Used,Petrol,CVT,Blue,12277,1315000,2000
VEH-01662,P3VSGBP7RP9TUVVFJ,KE498H,Subaru,Outback,2008,Used,Petrol,CVT,Blue,5268,1754000,1300
VEH-01663,LJVBUZEB8CY9YTCNK,KF397D,Isuzu,D-Max,2026,Used,Diesel,CVT,Red,19706,5046000,1300
VEH-01664,5RSCBBF8RSK5TKFSJ,,Volkswagen,Polo,2008,New,Petrol,Automatic,Blue,0,5708000,1500
VEH-01665,H733J08SBMMFX6KM8,,Honda,Civic,2014,New,Petrol,Manual,Silver,0,9458000,1800
VEH-01666,CM98TU1FGSDD72SYR,KA568P,Volkswagen,Golf,2012,Used,Diesel,CVT,Silver,15237,3430000,1800
VEH-01667,SY8CHD3ZPUTDBKNKW,KG336S,Nissan,Note,2017,Used,Hybrid,Automatic,Blue,15813,4216000,2000
VEH-01668,VGMZTSNZZSBGXWNG1,KC340R,Mercedes-Benz,E-Class,2011,Used,Diesel,Manual,White,11972,3165000,3000
VEH-01669,2YVTNXL0A1XVPXJ19,KD453N,Volkswagen,Polo,2021,Used,Petrol,CVT,Red,1935,6071000,1000
VEH-01670,7TABAUEEBH1BWWM9B,KJ131J,Ford,Focus,2010,Used,Petrol,Manual,Beige,811,3442000,1200
VEH-01671,UJSMV026GBNL1TXTS,,Toyota,Yaris,2010,New,Petrol,Manual,Silver,0,8442000,3000
VEH-01672,9BZ6MN8G1287ZM4KC,,Volkswagen,Golf,2021,New,Electric,Automatic,Blue,0,8155000,2000
VEH-01673,S271JX7K0LA744D28,KE295O,Hyundai,Santa Fe,2020,Used,Petrol,Automatic,Black,197999,2802000,1000
VEH-01674,8E48ZZHR2F15GHLDK,KH605M,BMW,5 Series,2024,Used,Petrol,CVT,Green,25119,2462000,2400
VEH-01675,MC9UNYJXHH88TWKE9,,Honda,Civic,2009,New,Diesel,Automatic,Grey,0,8642000,1200
VEH-01676,YTN2SDZD7H0EGB1KJ,KJ753K,Mazda,CX-3,2019,Used,Petrol,CVT,Grey,21826,929000,1200
VEH-01677,Z5VLXFPKLBS38RH5Y,KB148N,Volkswagen,Jetta,2019,Used,Petrol,Automatic,White,51224,5103000,2000
VEH-01678,WCBFNYSL57W01RADR,,Nissan,Sentra,2023,New,Diesel,Manual,Red,0,5168000,2400
VEH-01679,VVECASTLM3ATHGNDJ,KC613U,Hyundai,Elantra,2010,Used,Diesel,CVT,Black,11080,3365000,2400
VEH-01680,RJLKWNKZFP4V2YMM2,KA111G,Honda,Fit,2018,Used,Diesel,Automatic,White,134773,3003000,3000
VEH-01681,X05TMH97HCX1G0FR8,,Mazda,Mazda6,2015,New,Hybrid,CVT,Grey,0,3631000,1800
VEH-01682,3E8CVNS6TYDHBB75R,KH418K,Toyota,Hilux,2026,Used,Petrol,Automatic,Black,69452,6454000,3000
VEH-01683,A3AA4HB4Y0KVA7C06,,Isuzu,D-Max,2024,New,Diesel,CVT,Silver,0,5633000,1200
VEH-01684,TEKY08LC117RVD6X1,,Mazda,Mazda3,2026,New,Petrol,Automatic,Red,0,7641000,3000
VEH-01685,8DU1ZW0XATH864NPV,KJ750Z,Nissan,Navara,2009,Used,Diesel,Automatic,Black,4214,2592000,1300
VEH-01686,D1VVF0SRA43R2M737,KG480T,Hyundai,i10,2021,Used,Petrol,CVT,Red,24325,4247000,3000
VEH-01687,3XA6L1PEYJS4HHSKD,,BMW,X5,2023,New,Diesel,Manual,Green,0,6782000,3000
VEH-01688,J46N4A1MCS5GCHYTR,KJ697F,Mercedes-Benz,GLE,2018,Used,Diesel,CVT,White,95082,2573000,1300
VEH-01689,M25TXHTUTZR104Z2A,KC292V,Mitsubishi,L200,2013,Used,Diesel,Manual,Red,130300,3221000,1800
VEH-01690,4L5AV6UPE01FXX4NJ,KG482Z,Volkswagen,Tiguan,2017,Used,Electric,Manual,Blue,28349,2724000,1200
VEH-01691,JTNVTC0ED5PRC5CSS,KA374Z,Hyundai,Tucson,2020,Used,Petrol,CVT,Silver,42767,1726000,1000
VEH-01692,79ECDVYBB7N5XSK7S,KE190I,BMW,3 Series,2024,Used,Petrol,Automatic,Red,8224,5118000,1800
VEH-01693,G9NC311CYPAGGT0TL,KA557J,Mazda,Mazda3,2013,Used,Petrol,Automatic,Silver,212825,3364000,2000
VEH-01694,PHJANRR32STD4JLMK,KE660N,Isuzu,D-Max,2010,Used,Petrol,CVT,Black,11859,774000,2000
VEH-01695,J81CUB67WWJ1N2G7C,KA406T,Volkswagen,Tiguan,2008,Used,Diesel,Manual,Silver,128700,2724000,2400
VEH-01696,01VWFABW95HZ8Y43E,,Nissan,X-Trail,2024,New,Diesel,Manual,Silver,0,5160000,2400
VEH-01697,5X091E27G6R52DG7Y,,Mazda,Mazda6,2011,New,Petrol,Automatic,Black,0,7025000,2400
VEH-01698,ZVAXCSX7EH9LE1MCN,KF542F,BMW,3 Series,2023,Used,Diesel,CVT,Beige,47196,1826000,1300
VEH-01699,AJ77AJJRT1RFYUCYK,KG660F,Mitsubishi,Pajero,2019,Used,Diesel,Manual,Green,42112,3779000,1500
VEH-01700,RYYZ9YY5E0HEEFRR5,,Hyundai,Tucson,2023,New,Diesel,Automatic,Black,0,5589000,1300
VEH-01701,728USXKSZRLKCMWZB,,Mazda,CX-3,2011,New,Diesel,Manual,Red,0,2344000,1500
VEH-01702,KJUH0D8N71YWS7JEU,KB861K,Ford,F-150,2015,Used,Diesel,Manual,Green,32348,1380000,2400
VEH-01703,7GKYR9J5VSKJ8RM75,,Ford,Explorer,2008,New,Diesel,CVT,Grey,0,4797000,1000
VEH-01704,5VBF0Y5WTG9WEFDY3,,Mazda,Mazda6,2025,New,Petrol,Manual,Grey,0,1631000,2000
VEH-01705,BF5WW8ALA37FW7EMS,KJ638H,Isuzu,MU-X,2023,Used,Petrol,CVT,Blue,11800,2439000,1500
VEH-01706,FBAYSBH2DDM6UENT6,,Ford,Ranger,2009,New,Diesel,CVT,Red,0,8253000,1300
VEH-01707,M2E5PNB8W08KKD2D9,,Isuzu,D-Max,2025,New,Hybrid,Manual,Green,0,9136000,1800
VEH-01708,MZYADLWTUG2097ZUY,KH176K,Mercedes-Benz,GLE,2015,Used,Petrol,CVT,Silver,8740,2818000,2000
VEH-01709,KZYBSC3107HGPHMEX,,Isuzu,MU-X,2023,New,Petrol,Manual,Blue,0,6078000,1000
VEH-01710,0U9P3DYJHSNCL59D6,,Mazda,Mazda3,2019,New,Petrol,CVT,Red,0,9272000,1800
VEH-01711,0LWDGNNLDHHRJ910V,KA219D,Subaru,Outback,2011,Used,Petrol,Automatic,Grey,11208,2913000,1300
VEH-01712,MJ74LYXYDWTY5CRDK,,Ford,Explorer,2016,New,Petrol,CVT,White,0,4425000,1500
VEH-01713,G9KKUXC8PLXDUH79G,KG581S,Nissan,Note,2016,Used,Electric,Manual,Green,9285,2475000,2400
VEH-01714,MM4VYRADNDVRND39W,KA653M,Nissan,Altima,2015,Used,Petrol,CVT,Beige,68050,1980000,1800
VEH-01715,UWCN4R1L68JST32PV,KB107P,Subaru,Forester,2019,Used,Diesel,CVT,Green,19393,4164000,1500
VEH-01716,XHT2D1E8FMUDY0XD1,KH528D,Ford,Focus,2010,Used,Hybrid,Manual,White,2681,614000,3000
VEH-01717,S23AJYE9X6LDMKMK9,,Mercedes-Benz,GLC,2017,New,Diesel,Automatic,Black,0,4463000,2400
VEH-01718,A49YJZWALYLVF1N4P,KD664T,Honda,CR-V,2026,Used,Petrol,CVT,Grey,156468,6361000,1000
VEH-01719,MFJKA4D9LWTP62C9K,KA914P,BMW,X5,2020,Used,Petrol,Manual,Green,96854,3378000,1500
VEH-01720,5V9S2PF5XHFPC98FP,KF617C,Mazda,Mazda3,2021,Used,Diesel,Manual,Silver,118244,1127000,2400
VEH-01721,7476C99VHY4Y6BL7H,KE949X,Honda,Accord,2018,Used,Petrol,CVT,Blue,237602,1758000,1000
VEH-01722,0NH2MKTLP87VSGDTU,KD343M,BMW,3 Series,2025,Used,Petrol,Manual,Black,8596,8927000,2000
VEH-01723,U1NGX0GED2V2BAT5C,,Ford,F-150,2021,New,Diesel,Automatic,Red,0,9180000,3000
VEH-01724,NFUG6GAYS0WL90X66,KG695Y,Nissan,Altima,2012,Used,Diesel,Manual,Red,22706,3008000,1500
VEH-01725,1BLN9ZE9RN930F9BE,,Hyundai,i10,2011,New,Petrol,Manual,Silver,0,2230000,1500
VEH-01726,HH115Z73XR17CL8XR,KA958Z,BMW,3 Series,2020,Used,Electric,CVT,Grey,63891,2438000,1000
VEH-01727,B80D2T2Z9CCXD82NB,KF290U,Hyundai,i10,2021,Used,Hybrid,Automatic,Red,53585,1578000,2400
VEH-01728,VWGZFS0U461AMHLUU,,Hyundai,i10,2019,New,Hybrid,Automatic,Green,0,2880000,2400
VEH-01729,LV88VDP2FYKZJJ095,KB515B,Mazda,Mazda6,2023,Used,Diesel,Automatic,Beige,7520,3147000,1200
VEH-01730,0ZX3K3ZKLMY231KL0,,Mercedes-Benz,E-Class,2012,New,Petrol,CVT,Red,0,6593000,3000
VEH-01731,NBCGWJ6EPKP8E1MJ1,,Ford,F-150,2026,New,Electric,Manual,Red,0,2312000,1200
VEH-01732,43R5H88SA5XHPPBS8,KD676D,Volkswagen,Polo,2013,Used,Diesel,Manual,Grey,76136,515000,1300
VEH-01733,60AHTU7MMNDDCPSTP,KG264C,Mercedes-Benz,C-Class,2024,Used,Petrol,CVT,Green,11437,2612000,1300
VEH-01734,TE6JM59C4JWMYCJ1J,,Isuzu,MU-X,2013,New,Petrol,Automatic,Blue,0,8062000,2000
VEH-01735,CXZU8KDC985JVU0AV,KC769F,Toyota,Corolla,2012,Used,Petrol,Manual,Silver,11401,949000,1800
VEH-01736,WB33PUZFF0RB7YW9S,KD435W,Honda,Fit,2021,Used,Hybrid,CVT,Green,34648,5435000,1300
VEH-01737,EHLGDMJ9RJRHCSLRK,,Mazda,CX-3,2026,New,Petrol,Manual,Blue,0,2167000,1300
VEH-01738,7L80F6MLHD37162VL,KF424A,Ford,Focus,2010,Used,Petrol,CVT,Blue,40445,1354000,2000
VEH-01739,NSEVKWG8E1U8105TU,KB131M,Toyota,RAV4,2024,Used,Diesel,Automatic,Silver,39046,6425000,2000
VEH-01740,Y1R852R29YAYTJEA5,,Nissan,Note,2014,New,Diesel,CVT,Red,0,2665000,1000
VEH-01741,6RXH7SV4BJNDMW15F,KE669Y,Ford,F-150,2017,Used,Petrol,Automatic,White,4317,570000,1800
VEH-01742,AT12S324C0PWFW7GX,KA743C,Honda,CR-V,2023,Used,Petrol,CVT,Blue,94469,2774000,1000
VEH-01743,AX9WSYDDL9W26KS8N,KH384D,Nissan,Navara,2020,Used,Petrol,Manual,Beige,13891,2002000,1800
VEH-01744,PZDKPY0DPUWN6L6DU,KE602R,Hyundai,i10,2022,Used,Petrol,Automatic,Grey,6241,6186000,1800
VEH-01745,A5AY3VGDJZCCC1BCR,,Mitsubishi,L200,2014,New,Petrol,Automatic,Black,0,1937000,2000
VEH-01746,5KE2B1FLZF5SA81BF,KJ759Z,Isuzu,MU-X,2026,Used,Petrol,Automatic,Grey,98818,6133000,2400
VEH-01747,ZZCFXDL3KPXE5S0VE,,Mitsubishi,Pajero,2013,New,Diesel,Manual,Black,0,2697000,3000
VEH-01748,G91KHRM6VVYZ80L0W,KA241R,Toyota,Land Cruiser,2021,Used,Petrol,Manual,Silver,140205,2254000,3000
VEH-01749,N80K6D563SBKLM6XF,KA956Y,Mercedes-Benz,E-Class,2021,Used,Petrol,CVT,Silver,89164,4710000,1500
VEH-01750,AYWUPS3EJLLAEFFEV,KG738A,Isuzu,D-Max,2008,Used,Petrol,Automatic,Grey,74618,535000,1300
VEH-01751,HJJ665UV7ZJUYJ7FZ,,Mitsubishi,Outlander,2015,New,Petrol,Manual,Silver,0,2405000,1300
VEH-01752,PWVCTDTG76HH7Z0ZF,KE453V,Mercedes-Benz,GLC,2021,Used,Petrol,Automatic,Blue,47921,6633000,3000
VEH-01753,5967Y932FFMZRBTT3,,Ford,Fusion,2023,New,Diesel,CVT,Grey,0,1630000,3000
VEH-01754,69BY42JYSJRYSMTWR,KH195X,Nissan,X-Trail,2012,Used,Diesel,CVT,Red,36018,3002000,3000
VEH-01755,TT98GU717KZLWK4ND,,Volkswagen,Passat,2015,New,Diesel,Automatic,Black,0,3065000,1300
VEH-01756,PKBVXFJESR506RBS0,KA165D,Mitsubishi,L200,2009,Used,Petrol,CVT,Red,4095,2601000,2000
VEH-01757,SNBP05JWWT92TEPXU,KJ153H,Mitsubishi,Pajero,2022,Used,Petrol,Manual,Blue,23625,2788000,1300
VEH-01758,K6S9203A3XG2H87GN,KD207H,Volkswagen,Golf,2008,Used,Petrol,Manual,Black,20984,1233000,1300
VEH-01759,3J6X91DXTN4VHZYE4,KJ139T,Mitsubishi,L200,2019,Used,Diesel,CVT,Grey,13534,836000,2400
VEH-01760,FKRSPGBHCNCVJNBY0,KJ867N,Volkswagen,Jetta,2011,Used,Diesel,Automatic,Blue,57836,1888000,1800
VEH-01761,BMZR9L6H191UETFHE,KH921F,Subaru,Impreza,2011,Used,Petrol,Automatic,Silver,30821,755000,1200
VEH-01762,17ZH50HCN8HFS13RS,KH212U,Isuzu,MU-X,2013,Used,Diesel,CVT,Blue,3803,3700000,2400
VEH-01763,87L6K2CNUJY82WTRK,KG907F,Toyota,RAV4,2014,Used,Diesel,CVT,Black,11191,1491000,3000
VEH-01764,H4A7UC2AS0U9D44FP,KH754I,BMW,5 Series,2020,Used,Petrol,CVT,Beige,51735,2516000,1000
VEH-01765,UXHZF9JKNYM8278R7,,Volkswagen,Passat,2013,New,Diesel,Manual,Blue,0,7350000,1800
VEH-01766,PNNVWJ5ZNHR95GN4E,KD130R,BMW,X5,2010,Used,Petrol,Automatic,White,3563,560000,1200
VEH-01767,86H382DRCF6F011XG,,Ford,F-150,2010,New,Petrol,CVT,Blue,0,1892000,1800
VEH-01768,6TA65M0BJGVCF2DK7,KG774N,Volkswagen,Polo,2013,Used,Petrol,CVT,Beige,85733,1096000,1500
VEH-01769,1BX5SCT6Z8JD1DWNV,KB669J,Toyota,Camry,2011,Used,Diesel,Manual,Silver,30756,2482000,1000
VEH-01770,TDVB7U1M3WHJ7D4MF,KH824T,Mercedes-Benz,GLC,2021,Used,Diesel,Manual,Silver,29477,5475000,2000
VEH-01771,MJ0DF28FJK237XJAW,,BMW,X3,2009,New,Petrol,Automatic,Blue,0,2666000,2400
VEH-01772,RTGAR6PUPF1XKXW5B,,BMW,X5,2012,New,Petrol,CVT,Silver,0,4347000,1300
VEH-01773,UHCX2LA0W7XNA41KK,KE684F,Subaru,Outback,2011,Used,Diesel,CVT,Grey,40386,1400000,2000
VEH-01774,4HMCY259XGX71MJ8S,KE334K,Mitsubishi,Pajero,2009,Used,Diesel,Manual,Beige,78351,932000,2000
VEH-01775,7C8U4LGY1JZ9DFMU0,KH468K,Subaru,Impreza,2010,Used,Petrol,Automatic,Grey,19233,1896000,3000
VEH-01776,TC0TBPCV86VKKS3CY,KJ883K,Subaru,Outback,2023,Used,Petrol,Automatic,Blue,50996,7403000,3000
VEH-01777,231VTGUNP10750L9C,KF536L,Isuzu,MU-X,2008,Used,Petrol,Automatic,White,37534,2228000,1200
VEH-01778,6XUU4E9WAVJHD0277,,Isuzu,MU-X,2020,New,Petrol,CVT,Green,0,4563000,1800
VEH-01779,L4GU0HYJJF5T7ZT7X,,Subaru,Impreza,2013,New,Diesel,Automatic,Green,0,4008000,2400
VEH-01780,72BAFUCBGFPPCVTTP,KE415W,Mazda,CX-5,2016,Used,Diesel,CVT,Black,13979,1985000,2400
VEH-01781,A5XK2M2F3VMGGLW69,KB706O,Ford,Ranger,2023,Used,Hybrid,CVT,Green,94901,3362000,1200
VEH-01782,2HA4B16BR16LAH97J,,Hyundai,Tucson,2017,New,Petrol,CVT,Red,0,7511000,1000
VEH-01783,GDLZJTF4KY48HMKNV,KG811M,BMW,5 Series,2011,Used,Petrol,CVT,Silver,71849,3703000,1500
VEH-01784,GYRNFUZ72P6NMYAEY,KB368V,Subaru,Outback,2022,Used,Diesel,CVT,Red,48341,6510000,1300
VEH-01785,8CVNVTM859MYVJE7A,KA755Y,Mazda,CX-5,2018,Used,Petrol,CVT,Beige,85545,1656000,1000
VEH-01786,XAKEE73AKUXMC6UVL,,Isuzu,MU-X,2010,New,Petrol,CVT,Red,0,7456000,2400
VEH-01787,FB1LJ3SA8NH1X03PV,KA576A,Mitsubishi,L200,2020,Used,Diesel,Automatic,Beige,90882,1749000,1300
VEH-01788,2218XW66C5XBSALGA,KH500E,Mitsubishi,Outlander,2018,Used,Petrol,Manual,Silver,55451,4825000,2000
VEH-01789,1HHZP35MR2LGH116H,,Mazda,CX-5,2025,New,Petrol,Automatic,Green,0,8268000,1800
VEH-01790,AU3916CLFGT43D7KJ,KD136L,Hyundai,i10,2019,Used,Diesel,CVT,White,81633,5314000,1500
VEH-01791,A175PKUNULFGSNMMZ,KE419E,Nissan,Altima,2026,Used,Diesel,Automatic,Beige,53801,7046000,2000
VEH-01792,EPRXEG4CNX6FTDKVC,,Toyota,Corolla,2014,New,Petrol,CVT,White,0,4216000,1500
VEH-01793,XDJKJN8N197MMHSX7,KH765N,Isuzu,MU-X,2022,Used,Petrol,CVT,Green,51294,3777000,2000
VEH-01794,39K3356WCZ6VHAJTT,,Mercedes-Benz,GLC,2024,New,Petrol,CVT,Black,0,8603000,1800
VEH-01795,5GUPXSAPD08M3B73X,KB675Q,Isuzu,MU-X,2012,Used,Petrol,CVT,Green,43377,2238000,1200
VEH-01796,CCT4W6416TYMPYJBB,KB896D,Honda,CR-V,2025,Used,Petrol,Automatic,Green,62874,1345000,1000
VEH-01797,55212W60C1ZYF0B3S,,Mazda,CX-3,2015,New,Petrol,Automatic,Beige,0,2477000,2000
VEH-01798,33GKX2YL08G9CE81Y,KE960M,Subaru,Impreza,2011,Used,Petrol,Manual,Black,7771,1286000,2400
VEH-01799,UU5MZKKXDD9EKR8WT,KE942D,Mitsubishi,Pajero,2008,Used,Petrol,CVT,White,95739,2380000,2000
VEH-01800,J6DVZZXJPZGKL7HXV,KA897O,Nissan,Altima,2022,Used,Diesel,Manual,Beige,92452,3537000,1800
VEH-01801,KFF09ZEVB15EFW11K,,Mitsubishi,Pajero,2024,New,Hybrid,Automatic,Black,0,5694000,1000
VEH-01802,C458GP0K4TAZJL599,,Hyundai,i10,2023,New,Petrol,Manual,Beige,0,2406000,1500
VEH-01803,ELUU84Y16F655HA8G,KH367U,Mazda,CX-5,2016,Used,Petrol,CVT,White,1335,2011000,1500
VEH-01804,HSAUTZTMF356Z96BL,KC319V,Volkswagen,Jetta,2016,Used,Electric,Manual,White,78644,851000,1500
VEH-01805,K74MBBDYPUPPK1PMN,KE731C,Volkswagen,Jetta,2023,Used,Diesel,Automatic,Red,6208,4788000,1200
VEH-01806,LZWTG5W5FGTUYD8PJ,KE289Z,Volkswagen,Tiguan,2017,Used,Petrol,Manual,Black,18366,3352000,1200
VEH-01807,K3S1ZJVCZZ68RY9PD,KC534P,Mazda,CX-3,2011,Used,Diesel,CVT,Blue,61229,1058000,1000
VEH-01808,TJNFVHZL4DZF064W9,,BMW,X3,2015,New,Petrol,Manual,Red,0,2880000,2400
VEH-01809,CK7ZH7JLTWN12TEZ4,KB926J,BMW,X5,2019,Used,Diesel,Manual,Beige,7886,2801000,1500
VEH-01810,C10ZTRJ42R947GACC,KB513T,Mazda,CX-5,2009,Used,Petrol,Manual,Silver,76660,1234000,2400
VEH-01811,SBDHVZJ4MJWW5WK6W,KF772Z,Subaru,Forester,2010,Used,Petrol,Manual,Beige,80306,3039000,1800
VEH-01812,6LKCFFZ54TY6YAD1M,,Ford,Ranger,2010,New,Diesel,Manual,Black,0,2390000,1200
VEH-01813,7JB268UMZV08SF2HY,KA624C,Toyota,Corolla,2017,Used,Petrol,Automatic,Green,31868,2799000,3000
VEH-01814,4RAHKB4J1UHM5KU7P,KB650W,Toyota,RAV4,2012,Used,Diesel,Automatic,Blue,288,1685000,1200
VEH-01815,NM6GT0EEMN03ND493,,Ford,Focus,2012,New,Petrol,Manual,Red,0,5977000,3000
VEH-01816,K17T81BRPJVKJ3T6M,KA225N,Honda,Fit,2013,Used,Diesel,CVT,Red,15224,2181000,2400
VEH-01817,1LRMHGHNCXVE1JU71,KB747L,BMW,X5,2024,Used,Diesel,CVT,Blue,43178,2760000,1300
VEH-01818,1AHCCRUUS82ZB4MLL,KG326W,Mitsubishi,Outlander,2020,Used,Petrol,Manual,Green,178792,3181000,1500
VEH-01819,EYEF568GBT18VGBYR,,Mitsubishi,L200,2011,New,Hybrid,CVT,Grey,0,6393000,3000
VEH-01820,MR0311X0MAFE4XX6C,,Mitsubishi,Outlander,2010,New,Petrol,Manual,Blue,0,2885000,2000
VEH-01821,L770WC89WUG9W1XVE,KG674H,BMW,X3,2008,Used,Petrol,CVT,White,44962,3463000,1000
VEH-01822,GHRS298PK8KZCKN6C,KF648D,Mitsubishi,L200,2014,Used,Petrol,CVT,Black,13537,2366000,1000
VEH-01823,3G7CX1W7MZ9GYB6BZ,KJ804C,Hyundai,Santa Fe,2012,Used,Hybrid,Automatic,Silver,45231,3479000,1500
VEH-01824,RHBX2JA8G2JEJKJ2D,,Ford,Fusion,2023,New,Petrol,Automatic,Blue,0,7411000,3000
VEH-01825,EZGBCRC5AY1RW37HL,,Mitsubishi,Pajero,2009,New,Petrol,CVT,Silver,0,6097000,1800
VEH-01826,ND72PVKCV3SRZUPZ7,,Ford,Explorer,2009,New,Diesel,Automatic,Silver,0,6962000,2400
VEH-01827,T3VC8Z6C0U8MWFBMD,,Ford,Focus,2017,New,Petrol,Manual,Red,0,6122000,1200
VEH-01828,BXPANPA4TYWM9S77E,KA877J,Mazda,CX-5,2024,Used,Petrol,Manual,Beige,34942,8329000,3000
VEH-01829,5UJDHGVBF7BSSAHHU,,Mazda,CX-5,2020,New,Petrol,Manual,Green,0,2588000,1300
VEH-01830,2SBT53GTNBDDH4H0W,KB832Y,BMW,X3,2010,Used,Diesel,CVT,Silver,68104,3273000,1800
VEH-01831,PKH9B3H6Y40VCDY9H,KA975N,Mazda,CX-3,2022,Used,Petrol,Manual,Red,5091,5062000,1000
VEH-01832,V5JH7HC3450N5MPV5,KA976F,Mitsubishi,L200,2016,Used,Hybrid,Manual,White,64413,3718000,2000
VEH-01833,3Z5FWC581PCGN7DRX,KA217X,Volkswagen,Jetta,2017,Used,Petrol,CVT,Beige,35067,4232000,1500
VEH-01834,33YXDB0125RH40RFN,KD766Y,Nissan,Altima,2008,Used,Petrol,CVT,Beige,148347,1973000,2000
VEH-01835,37VDGYJA6ZBLG4MUU,KF139U,Volkswagen,Golf,2023,Used,Petrol,Manual,Beige,18826,1887000,1800
VEH-01836,9T0057MX7B43LDKEU,KJ404C,Toyota,Prado,2024,Used,Petrol,Manual,Blue,45061,3802000,1800
VEH-01837,YP235X5EM4431S335,KD854X,BMW,X5,2026,Used,Petrol,Automatic,Grey,120989,5268000,1800
VEH-01838,V74ZUKHZ6G9XAXHAU,,Subaru,Forester,2025,New,Diesel,Manual,Grey,0,8785000,1200
VEH-01839,NVURCPHT18HBH77XS,,Honda,Civic,2017,New,Petrol,Automatic,White,0,4088000,1300
VEH-01840,V7C8YWLU5AH4ESLHM,KC646J,Volkswagen,Jetta,2012,Used,Petrol,CVT,Green,4866,2269000,1500
VEH-01841,5GHFEBXH6SZANMLFN,,Isuzu,MU-X,2013,New,Hybrid,Manual,Grey,0,9230000,1500
VEH-01842,Y01312JYUFHX46BVY,,Honda,Civic,2024,New,Petrol,Manual,Black,0,4172000,1500
VEH-01843,CKPHMR3JB5LM4ZGXD,KE217U,Ford,Explorer,2009,Used,Petrol,Automatic,Black,124571,3445000,1000
VEH-01844,1Y9G4PEX0YDA172RL,KH381L,Mitsubishi,Pajero,2016,Used,Petrol,CVT,Silver,52397,963000,2000
VEH-01845,H43P4G1HDDPBB5XLG,KA363F,Toyota,Hilux,2021,Used,Diesel,CVT,Green,3161,6613000,1500
VEH-01846,ML9KJKGNH8DAJB7TS,,Ford,Fusion,2010,New,Petrol,Manual,Grey,0,4586000,1500
VEH-01847,37NX3MN31K0P4SCUW,,Nissan,Sentra,2020,New,Diesel,Manual,Green,0,7954000,3000
VEH-01848,DNH3D1S2RMKCJSF2M,KD553X,Toyota,Corolla,2014,Used,Diesel,CVT,Beige,16112,2437000,1200
VEH-01849,3KVYBPB9W8F0Y4V5S,KH872G,Mitsubishi,Pajero,2012,Used,Diesel,Automatic,Green,55421,985000,1500
VEH-01850,R6DNN8VSH1DB43YSK,,Subaru,Impreza,2010,New,Diesel,Automatic,Red,0,9164000,1000
VEH-01851,J22WW5P95D5560XBR,KC683M,Toyota,Land Cruiser,2017,Used,Petrol,Automatic,Grey,3137,3162000,2400
VEH-01852,HNHNSPA3MAAVDGT2V,KB167O,Mitsubishi,L200,2023,Used,Petrol,Manual,Silver,39270,3926000,1000
VEH-01853,57Y0UP7FPCRBFYE7A,KC283V,Isuzu,MU-X,2008,Used,Petrol,Automatic,Green,19101,2102000,1200
VEH-01854,4VP95MTB6UUGVG81J,,Mitsubishi,Pajero,2018,New,Diesel,CVT,Black,0,7063000,1300
VEH-01855,WNR6FGLVJBZ6S07KF,KC543I,Hyundai,Elantra,2022,Used,Diesel,Automatic,Red,43649,2537000,1300
VEH-01856,JST4CRUT6D8ACRSP8,KA153F,Subaru,Forester,2022,Used,Petrol,Manual,Grey,2106,6155000,2400
VEH-01857,JLEWD99YPXD16FJ34,KE208C,Nissan,X-Trail,2014,Used,Hybrid,CVT,Green,92345,938000,2000
VEH-01858,D2L0VP48AW5PTXSZT,,Nissan,Note,2013,New,Petrol,CVT,Grey,0,3827000,1200
VEH-01859,HFTNUXRWW9PV1DVH4,KB161I,Nissan,X-Trail,2008,Used,Petrol,Manual,Beige,163358,1485000,1200
VEH-01860,P8B806SL7GDYS4XBG,KJ860P,Isuzu,D-Max,2015,Used,Petrol,CVT,Red,156142,1332000,1500
VEH-01861,R8H1S2THT5JCZ3F62,KG846V,Mitsubishi,Pajero,2013,Used,Diesel,CVT,Blue,62320,2418000,1800
VEH-01862,GEA6ZZ9NNZZ7JTCH5,KB165J,Honda,Civic,2016,Used,Petrol,Automatic,Green,6271,3645000,3000
VEH-01863,CXD6C75FHDWVF9309,,Mazda,Mazda6,2015,New,Petrol,Manual,Grey,0,3857000,2000
VEH-01864,7UJ5FGBV63JH2N0A5,,Isuzu,D-Max,2009,New,Diesel,Manual,Red,0,3986000,1000
VEH-01865,BFCH5BZ3BYT9TXGPT,KD890I,Mercedes-Benz,E-Class,2012,Used,Petrol,Manual,Red,63895,1158000,1200
VEH-01866,LNXHN5YFTG1K732MN,KB236Q,Subaru,Forester,2012,Used,Diesel,Automatic,Red,1120,1607000,2000
VEH-01867,WLC5M3SVMRDJD8EEU,,Ford,Focus,2011,New,Diesel,Manual,White,0,8105000,1800
VEH-01868,XJXL4KM3LJUMT48XZ,KA496S,Ford,Fusion,2025,Used,Petrol,Manual,Beige,1006,3687000,1800
VEH-01869,24PEN1BXWBZE9UXGA,KH576P,Subaru,Outback,2025,Used,Petrol,CVT,Black,17594,3529000,2000
VEH-01870,G83SCETEHL0E4RX2E,KD354E,Volkswagen,Golf,2013,Used,Diesel,CVT,Blue,30180,1220000,1000
VEH-01871,FDZD127KJYTMEKPCZ,,Nissan,Altima,2021,New,Petrol,CVT,Black,0,3509000,1000
VEH-01872,Z4TAXX80X3AGTBBX8,KE109J,BMW,3 Series,2015,Used,Petrol,Manual,Black,66215,2106000,1300
VEH-01873,896GYLPKNBFAH7UR5,,Honda,Fit,2025,New,Petrol,Automatic,Red,0,4763000,2400
VEH-01874,NG9BK1P4G66YAU83C,KE489D,Nissan,Navara,2024,Used,Hybrid,Automatic,White,51740,2542000,1300
VEH-01875,S2C82KMA31H2XX4RX,,BMW,5 Series,2012,New,Petrol,CVT,Beige,0,4471000,3000
VEH-01876,5W0WYJE87CPXKAP3E,KH358L,Volkswagen,Passat,2015,Used,Petrol,Automatic,Green,26568,1338000,2000
VEH-01877,61DKH2ZC2VBLNCRSB,,Isuzu,D-Max,2020,New,Diesel,Manual,Blue,0,8381000,1300
VEH-01878,PNP5BPJ5AFSNNZ8M0,,Nissan,Altima,2017,New,Petrol,Manual,Beige,0,6882000,1500
VEH-01879,02T17G2FJSLZFUTP7,KB236Y,BMW,X3,2023,Used,Diesel,Manual,Green,14386,6440000,1200
VEH-01880,VRV4Y4TWZB0E4M80K,KA672N,Ford,Explorer,2026,Used,Petrol,Manual,Silver,263318,8240000,2000
VEH-01881,CNFS8N7XX12UPL7AJ,KF910E,Mercedes-Benz,GLE,2024,Used,Petrol,CVT,Beige,24994,4899000,2400
VEH-01882,8NEA1YGE9P2ZC3ULN,,Nissan,Navara,2023,New,Petrol,Manual,Red,0,4726000,1800
VEH-01883,AM33HV47E3B5B4318,,Volkswagen,Tiguan,2010,New,Diesel,CVT,Green,0,9436000,2400
VEH-01884,LFJW8TMUTF84BDP1P,KA264R,Toyota,RAV4,2025,Used,Diesel,CVT,Silver,27016,5691000,1200
VEH-01885,MRYYD0V8779ZVGNC2,KF347R,Nissan,Sentra,2024,Used,Petrol,Automatic,Green,8040,7788000,1800
VEH-01886,KBKE8S1JMP15DLMVC,,Nissan,Sentra,2014,New,Petrol,Manual,Green,0,7080000,1800
VEH-01887,5P21C7F8ND51SAKUA,KH712P,Isuzu,D-Max,2019,Used,Diesel,CVT,Silver,71271,3097000,3000
VEH-01888,XX5L433DKNNV7VJ3P,KE946J,Volkswagen,Golf,2011,Used,Diesel,CVT,White,53240,3492000,2400
VEH-01889,SV98303G5MPR79YUM,KG185G,Mercedes-Benz,GLC,2011,Used,Diesel,Manual,Grey,11225,1734000,1300
VEH-01890,PXX2T94RUZNWP9TU4,KH464H,BMW,X5,2014,Used,Petrol,CVT,Green,3868,783000,1200
VEH-01891,TPH34BBDW635RP87F,,Isuzu,MU-X,2019,New,Diesel,CVT,Grey,0,7939000,1500
VEH-01892,TCPULPTCEBRVXFS98,KB753J,Ford,Fusion,2020,Used,Diesel,Automatic,White,51344,6003000,1200
VEH-01893,21JMC2KAZMAYZMFLG,,Ford,F-150,2025,New,Petrol,Automatic,Red,0,6867000,3000
VEH-01894,5MGEE1B27MZ6YLDJY,KB619V,Mitsubishi,L200,2024,Used,Hybrid,Manual,Blue,47825,4998000,1300
VEH-01895,V4F7A4RUS3836V3XE,KB544P,Toyota,Prado,2020,Used,Petrol,Manual,White,14363,5761000,1800
VEH-01896,PNXA1XDZM3DH30F88,,Hyundai,Santa Fe,2024,New,Hybrid,Manual,Green,0,8602000,1200
VEH-01897,A0AVNHVTGKVZP19VJ,,Isuzu,D-Max,2012,New,Petrol,Manual,Beige,0,8396000,1800
VEH-01898,ZSNRN4WGH9H7XA78W,,Volkswagen,Tiguan,2017,New,Diesel,Manual,White,0,2147000,1500
VEH-01899,TAVEZZ5LCDHUHZWJX,,Ford,Focus,2020,New,Petrol,CVT,Beige,0,7953000,1300
VEH-01900,2B8NCMSD2RN5TGKFN,,Subaru,Impreza,2015,New,Petrol,Manual,Grey,0,2283000,1800
VEH-01901,M69XGFWZJ3J0P765V,KC810E,Honda,Civic,2011,Used,Petrol,CVT,Beige,135591,2382000,2400
VEH-01902,CG7F3MWKFCDSKNCMT,KA639U,Mitsubishi,L200,2016,Used,Petrol,Automatic,Black,7369,1777000,3000
VEH-01903,GHUL5EJ66ZMBHN2WL,KA604X,Mercedes-Benz,C-Class,2024,Used,Petrol,Automatic,Silver,25480,1875000,1000
VEH-01904,1U6666CR7YHB00ND7,KH285P,Mitsubishi,Pajero,2021,Used,Petrol,Manual,Blue,129400,6437000,1200
VEH-01905,AGV4A27C0Y4H36423,KD192V,Toyota,Yaris,2013,Used,Petrol,CVT,Silver,24491,807000,1500
VEH-01906,SVU3U7C79BEHSP61A,,Toyota,Hilux,2015,New,Diesel,Automatic,Beige,0,6134000,2400
VEH-01907,B6UNN42XC7LLCE0XJ,KJ788U,Nissan,X-Trail,2022,Used,Petrol,CVT,Black,45790,5611000,2000
VEH-01908,JBNVTMLCUXXDDAURU,KD182K,Nissan,Note,2013,Used,Diesel,CVT,Green,22807,1168000,1800
VEH-01909,Z4MTTTHT9DRRHGKU3,KB111V,Isuzu,MU-X,2008,Used,Hybrid,Automatic,Silver,14422,1985000,1200
VEH-01910,J9P2GPZ354MZNX0AB,KE384K,Subaru,Outback,2026,Used,Petrol,CVT,Green,186019,5229000,1800
VEH-01911,ZR58ASJU99FLJP7SW,KA491W,Subaru,Impreza,2015,Used,Hybrid,CVT,Blue,23692,1756000,3000
VEH-01912,MMYVFKGZ70979DGC0,KG860T,Volkswagen,Jetta,2008,Used,Petrol,Automatic,Grey,101036,2088000,1300
VEH-01913,MEXV3YT4SFBHVTDTZ,KC576D,Volkswagen,Passat,2016,Used,Diesel,CVT,Green,11758,1216000,2000
VEH-01914,35FJ58T7P1Z7LPUW1,KC448G,Hyundai,Santa Fe,2019,Used,Petrol,Manual,Green,10784,1756000,1500
VEH-01915,Y4TDGUGAFZ38XM6FG,,Toyota,Yaris,2025,New,Petrol,Manual,Green,0,2022000,1000
VEH-01916,6J41484Z9ZW8B81C4,,Honda,HR-V,2021,New,Petrol,CVT,Beige,0,2106000,3000
VEH-01917,TUW4CHFUM574HP4Y8,,Volkswagen,Tiguan,2009,New,Hybrid,Manual,Red,0,2215000,1300
VEH-01918,E6DV8VJ3LARXMYCS5,KG783B,Mitsubishi,Outlander,2023,Used,Diesel,Automatic,Silver,1423,5508000,1500
VEH-01919,10R8U0G3N5KTXJ484,,Volkswagen,Golf,2026,New,Petrol,Manual,White,0,6038000,1000
VEH-01920,Z3FKYN1496X33WAAC,KF237B,Volkswagen,Golf,2016,Used,Petrol,CVT,Black,47456,1759000,3000
VEH-01921,M4YRTX2HYG70CH85M,,Mitsubishi,L200,2017,New,Petrol,CVT,Silver,0,4442000,1300
VEH-01922,PBXL62A87YNXNDDD2,KF737J,Ford,F-150,2017,Used,Petrol,Automatic,Green,20686,4118000,2000
VEH-01923,NZWLN0VSSN72FKBC0,,Hyundai,Elantra,2025,New,Petrol,CVT,White,0,5924000,1800
VEH-01924,RW3FD1S2BKJGUE89Z,KJ769L,Toyota,Prado,2010,Used,Petrol,CVT,Beige,89898,2100000,1500
VEH-01925,G0SLDG1TSWT4M15M7,KF646K,Nissan,Altima,2015,Used,Hybrid,Automatic,Red,28842,980000,2000
VEH-01926,J7KVEKAUK11RJD8KF,,Honda,CR-V,2016,New,Diesel,CVT,White,0,3645000,2400
VEH-01927,0VBLMAV5GMKJAL0Y8,KG452H,Subaru,Impreza,2015,Used,Petrol,Automatic,Beige,155163,1594000,2400
VEH-01928,8PHLM4HLASMXZEK6W,KA346U,Mitsubishi,L200,2009,Used,Petrol,CVT,Grey,9234,1668000,2400
VEH-01929,DAM1UX42KAM6XHXPR,,Mercedes-Benz,E-Class,2017,New,Hybrid,Automatic,Black,0,8551000,2400
VEH-01930,RG0BMYG93GWX2CFCB,KB220V,Hyundai,Elantra,2019,Used,Electric,Manual,Grey,91335,3095000,3000
VEH-01931,812V2U5ZV77ZPNRYK,,BMW,5 Series,2025,New,Petrol,Manual,Black,0,1482000,2400
VEH-01932,UYT3XB4JMGWK8UUSJ,,Mazda,Mazda3,2025,New,Hybrid,Manual,Red,0,8740000,1500
VEH-01933,C72YNKP5BGHFD0EY8,KG161D,BMW,5 Series,2019,Used,Petrol,CVT,Red,67444,758000,2000
VEH-01934,DU47SZN5KNPKHT2AJ,KB188A,Mitsubishi,Pajero,2019,Used,Petrol,Manual,Silver,66316,2378000,2400
VEH-01935,YS49W8JNT1CTWCMHF,,Nissan,Sentra,2011,New,Petrol,Automatic,Green,0,3898000,1500
VEH-01936,4VXXA417FF7CES3NP,KC482V,Volkswagen,Polo,2014,Used,Diesel,Automatic,Beige,83831,1123000,1800
VEH-01937,LKD9F3J6XC0JY69S0,,Nissan,Altima,2011,New,Diesel,CVT,Black,0,5419000,1500
VEH-01938,P92ZT1VYXNHU3RWCM,KF103S,Hyundai,i10,2011,Used,Petrol,Manual,Grey,64412,2596000,1000
VEH-01939,7FKFWMFBXXHLL463K,,Subaru,Outback,2023,New,Petrol,Automatic,Green,0,8371000,2000
VEH-01940,C2EFC5UM1MUCG31UN,,Subaru,Impreza,2015,New,Petrol,CVT,Silver,0,1321000,1500
VEH-01941,YLFLJZKRGSVD449Y4,,Ford,Fusion,2019,New,Petrol,Manual,Beige,0,3267000,1500
VEH-01942,FHM80Z925E72HYAP0,,Toyota,Land Cruiser,2011,New,Petrol,CVT,Beige,0,3527000,2400
VEH-01943,NVP782MZDR2NF2R6S,,Mazda,Mazda6,2024,New,Petrol,Automatic,Silver,0,8199000,1300
VEH-01944,DP3CKK4VAM5ALH13Y,,Isuzu,D-Max,2017,New,Diesel,Manual,White,0,9138000,3000
VEH-01945,BXSUWLWCDVT9YUUCR,KE810S,Subaru,Forester,2011,Used,Hybrid,Manual,Green,44283,2464000,3000
VEH-01946,ZURT4UDRFGV7NYNX3,KB990K,Honda,Fit,2018,Used,Hybrid,Automatic,Black,6331,838000,2000
VEH-01947,MDVDN249UGTB2DJ65,KH483O,Toyota,Hilux,2024,Used,Diesel,CVT,Green,1488,5172000,2000
VEH-01948,2G18ZVX2NXS83XXMA,,Nissan,Altima,2012,New,Petrol,CVT,Blue,0,9486000,2000
VEH-01949,XCH23UZGGDKS8BAP0,KC855N,Honda,Accord,2013,Used,Petrol,CVT,Silver,114137,3448000,1300
VEH-01950,DAV5G0E33BPNKWA7T,KA346O,Mazda,CX-3,2014,Used,Petrol,Manual,Beige,43146,1044000,1800
VEH-01951,G0VEJER6KWPEKRXCW,KB539G,Mazda,Mazda3,2024,Used,Petrol,CVT,White,71652,4869000,1000
VEH-01952,17VFHR73AV5S5LF1Z,,Nissan,Navara,2012,New,Electric,Automatic,Grey,0,7012000,1200
VEH-01953,D69S53BG14YJT3TD5,,Toyota,Camry,2026,New,Hybrid,CVT,White,0,2397000,1500
VEH-01954,KUVHBL9M33ETM6U0U,KJ199T,Nissan,X-Trail,2008,Used,Electric,Automatic,Blue,29558,831000,2400
VEH-01955,FFU9J3AP8DZ40TEM4,KJ920J,Isuzu,MU-X,2016,Used,Hybrid,Automatic,Green,5615,1004000,1200
VEH-01956,RBD3J5DVDPSFDW3X7,,Ford,Explorer,2019,New,Petrol,CVT,Silver,0,1789000,1200
VEH-01957,FNCL37EJGM6KY350K,,Hyundai,Santa Fe,2023,New,Hybrid,Automatic,Black,0,1356000,3000
VEH-01958,3ZC5VB7LNAR71SWCR,KH304J,Ford,Explorer,2022,Used,Diesel,CVT,Black,6018,1789000,1800
VEH-01959,Y258Y4W4ABUHVFD10,,Ford,Focus,2011,New,Petrol,Automatic,White,0,5089000,2400
VEH-01960,EZ32P6BA560MFDHK4,,Isuzu,MU-X,2026,New,Diesel,CVT,Red,0,8171000,2400
VEH-01961,CT4E7NH7TYXSKS6SP,,Nissan,Navara,2020,New,Petrol,Automatic,Beige,0,5236000,2400
VEH-01962,DKTNW90KAF2FP01GE,KE838J,Hyundai,i10,2016,Used,Diesel,Manual,Black,52064,2877000,1800
VEH-01963,TLX4MT28GN2PBWC6S,,Hyundai,Elantra,2008,New,Petrol,CVT,Beige,0,6000000,1000
VEH-01964,2DUTB6LY89J8D79B0,KE279X,Toyota,RAV4,2022,Used,Petrol,Manual,Red,25319,2293000,2000
VEH-01965,0DMVV41VFJXRRM7H3,,Toyota,Camry,2011,New,Petrol,Manual,Black,0,7553000,3000
VEH-01966,JZGGCK9ZXSFCPC49D,KB201J,Toyota,Camry,2012,Used,Hybrid,Automatic,Beige,10070,2730000,1300
VEH-01967,AEG46M5MXW7HGDD33,KB839F,Hyundai,Elantra,2011,Used,Petrol,Automatic,Green,30441,2085000,2400
VEH-01968,8739CHK5ANC8PDEM9,KE710R,Mitsubishi,Pajero,2012,Used,Petrol,Automatic,Red,2986,853000,1500
VEH-01969,SU75GH8JRXCRDAAYN,KJ245K,Subaru,Impreza,2021,Used,Electric,Automatic,Grey,39249,1004000,2400
VEH-01970,9MUX7A3B1C5V8ZL9J,,Mercedes-Benz,GLE,2010,New,Petrol,Automatic,Grey,0,8681000,1200
VEH-01971,UJUSLAZFK4M416HJ6,KC624X,Volkswagen,Jetta,2020,Used,Diesel,CVT,Black,14099,4472000,2000
VEH-01972,FYKS7NUGMU7XWF5KE,,Hyundai,Santa Fe,2020,New,Hybrid,Manual,Green,0,1651000,1800
VEH-01973,Y33NNEPUEXWWS0TYK,KE923L,Volkswagen,Jetta,2015,Used,Petrol,CVT,White,71878,1228000,1500
VEH-01974,4MGWWLU4FYK9K46SE,KF718C,Isuzu,D-Max,2025,Used,Electric,Manual,Blue,16721,8198000,1200
VEH-01975,RFDU95B23RZV8CWNS,,Mitsubishi,Outlander,2020,New,Petrol,CVT,Silver,0,6898000,1800
VEH-01976,D34JL7975XNFXZSL7,KE930O,Mitsubishi,Pajero,2013,Used,Hybrid,Automatic,Grey,27331,3744000,2400
VEH-01977,SLBF52YFA2G1E7H5N,,Mazda,Mazda3,2024,New,Petrol,Manual,Beige,0,7716000,2000
VEH-01978,JEBMVF4MC79X382M5,KC726O,Honda,HR-V,2021,Used,Petrol,Manual,Silver,525,4963000,2000
VEH-01979,74E4L1T6745WGTZZP,KD354U,Isuzu,MU-X,2019,Used,Petrol,CVT,Grey,3384,2251000,3000
VEH-01980,GACC918M43GWN4NPC,KF807N,Toyota,Yaris,2021,Used,Diesel,Automatic,Blue,22427,1698000,2400
VEH-01981,HAPJ5R0EXSDS7J8M8,KB644U,Volkswagen,Polo,2017,Used,Diesel,Automatic,Red,29421,748000,1300
VEH-01982,1RS6BJKANV3FUAHCC,KE787X,Ford,F-150,2024,Used,Diesel,Automatic,Blue,41235,3937000,2000
VEH-01983,R89B8S9YZHKPD4LM4,KE744A,Toyota,Yaris,2008,Used,Diesel,Automatic,Silver,15517,647000,1000
VEH-01984,7696WGCRXX4E3E15J,,Honda,CR-V,2025,New,Diesel,Manual,Green,0,3122000,1000
VEH-01985,H52NSYVC2R70BPADU,KC664X,Isuzu,MU-X,2010,Used,Petrol,CVT,Black,53432,3363000,1800
VEH-01986,K7963LDGEKD6MFYCJ,KE180J,Mitsubishi,Pajero,2009,Used,Hybrid,Manual,Silver,88514,548000,2400
VEH-01987,NUH8FHG8YX2VP0P6X,,Mitsubishi,L200,2026,New,Petrol,Automatic,Blue,0,8095000,3000
VEH-01988,NVWLD8J15492XXAYV,KF565Q,Toyota,Land Cruiser,2014,Used,Petrol,CVT,White,68105,2559000,1300
VEH-01989,D9LNLZYZEP49TR49B,KB903R,Volkswagen,Golf,2023,Used,Diesel,CVT,Black,1819,4247000,1500
VEH-01990,STYK2J5H9ZMSC4ZV2,,BMW,3 Series,2011,New,Petrol,Manual,White,0,3590000,1800
VEH-01991,U7CMC3F5AAUT1Y7YK,KB415H,Mazda,CX-5,2020,Used,Petrol,Automatic,Silver,29470,4829000,1300
VEH-01992,RW0G4KHKV00TEP70C,,Ford,F-150,2019,New,Diesel,CVT,White,0,9181000,1500
VEH-01993,AF4ZGSY5WG7LZMCKK,,BMW,X5,2022,New,Diesel,Automatic,Blue,0,2017000,2400
VEH-01994,X47UCUTD71R52BY27,KF648V,BMW,5 Series,2015,Used,Diesel,CVT,Beige,4988,3072000,1000
VEH-01995,6P0P0ENJNA4TAVS83,,Nissan,X-Trail,2019,New,Diesel,Manual,White,0,4874000,2000
VEH-01996,496RWZNXZSJU5YJPL,,BMW,3 Series,2012,New,Diesel,Automatic,Green,0,8350000,1000
VEH-01997,79X59CC41GBKESLG8,KJ897L,Isuzu,MU-X,2024,Used,Petrol,Automatic,White,12470,3505000,1800
VEH-01998,2Z2Y9D7D0012KDBCH,,Nissan,Navara,2013,New,Diesel,Automatic,Beige,0,8385000,1800
VEH-01999,R5PNZTZULWAEVWXB6,KJ111O,Ford,Focus,2012,Used,Diesel,Automatic,Silver,194273,611000,1000
VEH-02000,VZ5ENW277HX6U8RC1,,BMW,X3,2015,New,Diesel,Manual,Red,0,7534000,2000
VEH-02001,NC62W8ECW5EDEPBWT,KH243A,Nissan,Sentra,2010,Used,Electric,Automatic,Blue,6917,2795000,2000
VEH-02002,YV00GVCABZ8659YND,,Nissan,Navara,2010,New,Petrol,CVT,Grey,0,2325000,1000
VEH-02003,FKKRD4B870V153DX0,KJ541K,Mazda,Mazda3,2025,Used,Petrol,Automatic,Green,31091,4124000,1200
VEH-02004,CSMBHS1GYFCFY4ND8,KJ717V,Nissan,Note,2008,Used,Petrol,Automatic,Black,43323,2337000,2000
VEH-02005,YXH3VGBN3Y33WW8MS,,Mitsubishi,Outlander,2010,New,Petrol,Automatic,Red,0,7863000,2400
VEH-02006,V5NBE2XJATJKC987T,KE849K,Mitsubishi,L200,2017,Used,Petrol,CVT,Silver,54550,635000,2000
VEH-02007,T97J611E6URDGGYAR,KD210C,Mazda,CX-3,2016,Used,Petrol,CVT,Grey,36908,1047000,3000
VEH-02008,XT1EG50F7CDDW8VYB,KH698S,Ford,Fusion,2021,Used,Petrol,Manual,Grey,441,4881000,1000
VEH-02009,YCYV9P7F54TVP71XV,,Subaru,Outback,2010,New,Petrol,Manual,Red,0,7956000,2400
VEH-02010,TVMU9RY4RBPTBKPK7,KF688Q,Ford,F-150,2015,Used,Diesel,CVT,Green,17784,1719000,1800
VEH-02011,2G2AEBSN9377YVVCS,KJ690R,Mercedes-Benz,GLC,2008,Used,Diesel,Manual,Green,32814,3656000,1500
VEH-02012,MTPU8K24UJMKHS34Y,KC526G,Isuzu,D-Max,2018,Used,Petrol,Automatic,Beige,4138,2332000,1000
VEH-02013,96N38KYNUJWUX7MES,KG219D,Mercedes-Benz,C-Class,2010,Used,Petrol,Manual,Silver,19428,1686000,1300
VEH-02014,WA7U5F6W3MWKHA1U3,KE646V,Isuzu,D-Max,2018,Used,Diesel,CVT,Green,1519,4615000,1200
VEH-02015,1RUEY3WZX7WS8H2HM,,Mercedes-Benz,C-Class,2023,New,Diesel,Manual,Beige,0,4888000,3000
VEH-02016,HKA0SLMAZZGG92591,KH842E,Nissan,Navara,2022,Used,Electric,Automatic,Blue,3682,2511000,2400
VEH-02017,M1AE64BLUL5N6GCR8,KJ968W,Mitsubishi,Outlander,2011,Used,Diesel,Automatic,Beige,22756,2180000,3000
VEH-02018,NKA0CP5FFHLCTDV3R,,Mercedes-Benz,GLC,2021,New,Petrol,CVT,Black,0,1468000,1300
VEH-02019,1DGDJFU2S0J3JHRD3,KJ511U,BMW,3 Series,2019,Used,Petrol,Manual,Red,6407,4546000,1800
VEH-02020,D49RR81WG5YWACJPT,,BMW,5 Series,2022,New,Diesel,CVT,Black,0,5066000,2000
VEH-02021,JZRY8JD4M8UPHJEN1,KA508H,Mazda,CX-3,2013,Used,Petrol,CVT,Beige,37722,1953000,3000
VEH-02022,K4KCA8ZWWUMPAZPPY,KG803O,Mazda,CX-3,2016,Used,Diesel,CVT,Silver,52625,2161000,3000
VEH-02023,506WW0V178X3T6W98,KD632C,Mercedes-Benz,E-Class,2020,Used,Hybrid,Manual,Grey,72556,940000,2400
VEH-02024,CMZ00JPKJLZG0F77L,KF412U,Ford,Explorer,2008,Used,Petrol,CVT,Blue,10049,1121000,1000
VEH-02025,AE91H3HR9855KZYBE,KH986F,Mazda,CX-3,2016,Used,Diesel,CVT,Silver,8248,1087000,1800
VEH-02026,PTU6HS4D7AE4LVU7L,KA281F,Toyota,Yaris,2026,Used,Petrol,Automatic,White,4970,7659000,1500
VEH-02027,5S5ANLXP9E4V5LBXG,KA138W,Ford,Focus,2015,Used,Diesel,CVT,Silver,45530,2926000,1300
VEH-02028,X4ANYTKWPA1N9ND6T,,Nissan,Note,2026,New,Petrol,Automatic,Black,0,1531000,1500
VEH-02029,AJG101DVYE0L6TD9T,KF137F,Isuzu,D-Max,2026,Used,Petrol,CVT,Blue,55160,1854000,1200
VEH-02030,W4MZ8AXTKYF57U375,KF960D,Hyundai,Elantra,2009,Used,Diesel,CVT,Blue,1444,763000,1200
VEH-02031,UCPAD314DM3GDRRBZ,KB101J,Subaru,Outback,2022,Used,Diesel,CVT,Silver,123848,5937000,1000
VEH-02032,YAAVX0G2EZVGSNY0B,KF487L,Hyundai,Santa Fe,2019,Used,Petrol,CVT,Beige,2401,1405000,1200
VEH-02033,S36LJAHMWE3J1LXSB,KD116M,Hyundai,i10,2010,Used,Diesel,CVT,Beige,35070,958000,2400
VEH-02034,CZ64E0KJE1RN9YLCL,KG866U,Honda,HR-V,2013,Used,Petrol,Automatic,Blue,55558,3250000,1200
VEH-02035,41U0VKSBYRXSDSWFV,,Subaru,Impreza,2021,New,Petrol,Manual,Grey,0,3988000,1800
VEH-02036,GXEWTYGB078TZBMJX,KA293I,Mazda,CX-5,2014,Used,Petrol,Automatic,Red,92146,3225000,2400
VEH-02037,10228J519YK59V6EZ,KF386K,Mazda,CX-3,2010,Used,Petrol,CVT,Black,56343,2060000,1300
VEH-02038,RZ57W67GTEXMTS5F8,KG859H,Mercedes-Benz,E-Class,2010,Used,Petrol,Automatic,Red,72815,3185000,2000
VEH-02039,YNK6GVFZC990VFDD5,KJ705X,Toyota,Land Cruiser,2017,Used,Hybrid,Automatic,Silver,18660,2603000,1500
VEH-02040,N6NHX5A7KZGL5BM4A,KF957Y,Honda,Civic,2021,Used,Petrol,Automatic,Blue,75890,3048000,1200
VEH-02041,X9ZGZX3NSS0YE4P4P,KG869K,Nissan,Navara,2022,Used,Hybrid,Automatic,Blue,3757,3081000,1000
VEH-02042,TDDBVPVWX8KWPFLGW,KC615K,Hyundai,Tucson,2015,Used,Petrol,Automatic,Silver,101342,1622000,1500
VEH-02043,C1HJ1BBSURNZNK9BL,KJ959W,BMW,X3,2022,Used,Diesel,Manual,Green,35692,2759000,2000
VEH-02044,BZD4NV5N8ZNRNR4GN,KD777F,Nissan,Sentra,2025,Used,Hybrid,Manual,Green,76495,6155000,2400
VEH-02045,8ESP1MRS9B72BTFZ2,,Ford,Fusion,2023,New,Hybrid,CVT,Grey,0,6415000,2400
VEH-02046,SRM39SDJ6FD01EG5W,,Mazda,Mazda6,2021,New,Petrol,Automatic,Beige,0,3371000,1300
VEH-02047,U6PKUCW6MYTCVGYA9,KD747H,Nissan,Note,2010,Used,Diesel,Automatic,Green,27092,1389000,2400
VEH-02048,Y4B2CUUNPPG9VWPVC,,BMW,3 Series,2018,New,Diesel,Manual,Beige,0,3284000,2000
VEH-02049,27BKJ7CPYZGAGKMVP,KA397Z,Mercedes-Benz,GLE,2014,Used,Petrol,Manual,White,46423,2681000,2000
VEH-02050,W0SU925F2JS4UWEVH,KE874I,Isuzu,MU-X,2016,Used,Diesel,Automatic,White,33632,2762000,2000
VEH-02051,E1LP203RU4NYRRBDU,KB521G,Mitsubishi,Pajero,2014,Used,Diesel,CVT,Green,59185,3706000,1500
VEH-02052,G54PXP2MB163LB0JD,,Honda,Fit,2015,New,Diesel,Manual,Silver,0,8968000,1500
VEH-02053,H3H8C3A9TX4HUATUR,,Mitsubishi,Pajero,2020,New,Petrol,CVT,Beige,0,8355000,1000
VEH-02054,Z6HD4SY0SA8WBVSJY,KF928S,Ford,Explorer,2019,Used,Diesel,Automatic,Red,3831,4580000,3000
VEH-02055,5YRJAZC1Z4ZHFA6TR,KE551H,Honda,Fit,2011,Used,Electric,Manual,Black,2801,1697000,2400
VEH-02056,0JEPTX11KK8L9DCR0,,Subaru,Impreza,2014,New,Diesel,CVT,Silver,0,2939000,1200
VEH-02057,VUH919N79R1UXBATS,KD617O,Honda,CR-V,2015,Used,Diesel,Automatic,Green,12772,2143000,1800
VEH-02058,5NRK612JVNT8XFBJ5,,Volkswagen,Jetta,2018,New,Petrol,Automatic,Beige,0,5547000,1800
VEH-02059,5U447A0N0HVY0VMN2,KG902A,Mitsubishi,L200,2026,Used,Electric,CVT,Blue,7821,1255000,1300
VEH-02060,91M155W7XZH2YA1H6,KD357O,BMW,3 Series,2026,Used,Diesel,CVT,Black,92431,6252000,2400
VEH-02061,7RY9CX3LMEFT8WKAR,KF685F,BMW,3 Series,2016,Used,Petrol,CVT,Grey,11135,3087000,1200
VEH-02062,NU313C74N1CDTVRL8,KB130K,Mitsubishi,Outlander,2019,Used,Petrol,Manual,Silver,167584,3034000,2400
VEH-02063,B7M1Z8UP4MVPSH4A7,,Ford,Explorer,2021,New,Hybrid,Manual,Silver,0,8950000,1800
VEH-02064,SWT66ZDZCWTZSPE45,KJ702U,Mazda,Mazda6,2010,Used,Petrol,Manual,Grey,18487,1402000,3000
VEH-02065,9GZTK0J72GJ017810,KB536E,Honda,Civic,2019,Used,Petrol,Automatic,Beige,9046,751000,1200
VEH-02066,6RSDGZXGB3E1S16DU,,Mercedes-Benz,GLC,2010,New,Diesel,CVT,Silver,0,6819000,1500
VEH-02067,R0BT6LV11SXHYC723,,Isuzu,MU-X,2016,New,Diesel,CVT,Blue,0,2296000,1300
VEH-02068,XTNSMRHUPULMY14Z3,KD860G,Toyota,RAV4,2019,Used,Petrol,Manual,Silver,70164,5190000,2400
VEH-02069,XLV82EUESMWVEL9T3,KE821I,Isuzu,MU-X,2009,Used,Diesel,Manual,Green,48375,2496000,1200
VEH-02070,TADBFK9N6CYEEPJHP,,Ford,Focus,2018,New,Petrol,CVT,Silver,0,8628000,1000
VEH-02071,PYY2BG9RCB69796S9,,Hyundai,i10,2019,New,Petrol,CVT,Silver,0,8895000,2000
VEH-02072,S9S24Z8M7YXZ0S4CV,,Mitsubishi,Pajero,2025,New,Diesel,CVT,Black,0,2927000,2000
VEH-02073,EWSJTSVSMP4FD84JT,KB907S,Mercedes-Benz,C-Class,2024,Used,Diesel,Manual,Green,31029,4225000,2000
VEH-02074,GRAUP7C9PGCE5XFS8,,Hyundai,Santa Fe,2026,New,Petrol,CVT,Green,0,1662000,1300
VEH-02075,9NANP06FXPW6NBD9K,KB357W,Volkswagen,Golf,2016,Used,Petrol,Automatic,Green,36472,791000,1500
VEH-02076,9DVGWZUGWGMTZJ61R,KJ982W,Toyota,Camry,2026,Used,Petrol,Manual,Blue,57155,2299000,2000
VEH-02077,0HDTGEUYHG0SL26SN,KF392Z,Isuzu,D-Max,2024,Used,Petrol,Automatic,Blue,11671,1889000,3000
VEH-02078,DG9X3B50KXDZASD4S,,Mazda,CX-3,2014,New,Diesel,Automatic,Red,0,9422000,1500
VEH-02079,2L9MXE5HHG65Z5GEL,,Mitsubishi,Pajero,2008,New,Diesel,Automatic,Black,0,8193000,1300
VEH-02080,K66PF5BDEM3N51BW7,,Ford,Ranger,2026,New,Petrol,CVT,Red,0,1813000,1500
VEH-02081,JC9TVNT3RHTXJCL7X,KD214R,Mercedes-Benz,GLE,2008,Used,Hybrid,Automatic,Blue,252388,2706000,3000
VEH-02082,1Z2MKA2JLX9SANAMB,,Subaru,Forester,2008,New,Diesel,Manual,Beige,0,7888000,1200
VEH-02083,VDS1AXUSRYCZD1K81,,Subaru,Outback,2019,New,Petrol,Manual,Grey,0,2452000,1300
VEH-02084,SAWJD3VVEV69TM7W9,KJ570F,Mercedes-Benz,E-Class,2020,Used,Diesel,CVT,Grey,165628,5251000,1000
VEH-02085,44PYN5J1GA1X7FPPA,KG599F,Isuzu,MU-X,2018,Used,Diesel,CVT,Grey,47283,2138000,2400
VEH-02086,5FTZ7WG1ZFLWYF5VH,KF209U,Honda,HR-V,2017,Used,Hybrid,Manual,Green,10015,3344000,2000
VEH-02087,8YMUP9UEAZELRBXUD,KC350A,Isuzu,D-Max,2022,Used,Petrol,CVT,White,51306,4620000,1200
VEH-02088,X123P88DCRYL6BMBW,,Isuzu,D-Max,2013,New,Diesel,Manual,Beige,0,3414000,1200
VEH-02089,E9C58LYKFF5BC96S2,KF161Q,Mazda,Mazda3,2024,Used,Petrol,Automatic,White,3372,5690000,1500
VEH-02090,AXDWH79WBNKJ0T92L,KG165B,Subaru,Impreza,2026,Used,Diesel,CVT,Grey,1400,5878000,1800
VEH-02091,3S581K5XXBGHG10SA,KB595R,Mercedes-Benz,E-Class,2018,Used,Petrol,CVT,Green,13409,909000,1500
VEH-02092,XXN8TCUMSSA4MR679,KH173B,Isuzu,MU-X,2016,Used,Hybrid,CVT,Green,27947,3787000,1200
VEH-02093,JS71HNETL4SA07YV6,KG719A,Toyota,RAV4,2013,Used,Petrol,CVT,Red,91215,591000,1500
VEH-02094,R8DKL2JPWPF2WMWZD,,Nissan,Navara,2018,New,Diesel,CVT,Grey,0,7462000,1500
VEH-02095,76V4XSSZCNX8YD3AC,KB219H,Nissan,Sentra,2017,Used,Diesel,CVT,Beige,58450,1782000,3000
VEH-02096,S0YWVHV7RS4VB3XAP,KC748K,Honda,HR-V,2023,Used,Petrol,Automatic,Green,61089,6386000,2400
VEH-02097,5PV763115U1SSVAYJ,,Isuzu,MU-X,2008,New,Petrol,Manual,Silver,0,8873000,1800
VEH-02098,GTX2B4LH42DWL4URR,KE640L,Honda,Fit,2011,Used,Diesel,Automatic,White,24940,939000,1300
VEH-02099,72KJT57MHSL16AJT6,KC546R,Volkswagen,Golf,2015,Used,Petrol,Manual,Black,19104,3736000,1300
VEH-02100,E7FS72ZV0TZD1RW9E,KA926A,Toyota,Camry,2011,Used,Petrol,CVT,Beige,20865,3188000,1500
VEH-02101,YWWE6GXDA7XCTG9LS,KA705W,Hyundai,Santa Fe,2024,Used,Petrol,Automatic,Green,197732,6352000,1200
VEH-02102,C264349PYREMZ6MJG,KB922V,BMW,X5,2019,Used,Petrol,CVT,Silver,1842,3164000,2400
VEH-02103,7KGC6UZ5W8BSDLR1J,KH695A,Nissan,Altima,2025,Used,Diesel,CVT,Black,90793,3255000,2400
VEH-02104,8G1N6HAE83WUSEJ7P,,Mercedes-Benz,E-Class,2013,New,Electric,CVT,Grey,0,5123000,1800
VEH-02105,BHAX7EMCELTUENE5D,KA512Q,Mercedes-Benz,GLE,2023,Used,Petrol,Automatic,Green,38895,3609000,2000
VEH-02106,G07CC4J8GKP9FCFX1,,Hyundai,Santa Fe,2025,New,Petrol,CVT,Blue,0,3578000,1200
VEH-02107,1ZDJ7C9CWN7356F3F,KH543P,Mazda,CX-3,2023,Used,Diesel,Manual,White,25980,7108000,3000
VEH-02108,30GP1W4KEVRSKG8LD,KF979L,Honda,Civic,2014,Used,Petrol,Automatic,Blue,58136,573000,3000
VEH-02109,7FUSDC9W4KLYVWH4J,,Ford,Ranger,2020,New,Petrol,Manual,Blue,0,1779000,1300
VEH-02110,909SDBR9CVUNVJJXS,KH501W,Subaru,Outback,2019,Used,Petrol,Automatic,Grey,30007,5267000,1300
VEH-02111,DS9XBTKD21LGPK72C,KJ634A,Subaru,Outback,2026,Used,Diesel,CVT,Blue,93010,6045000,2400
VEH-02112,PH3TTAZJ57RCNVECJ,KA451J,BMW,3 Series,2008,Used,Petrol,CVT,Red,103933,3000000,1000
VEH-02113,L0ARMKYLVKESTC3MG,KJ606T,Honda,Fit,2019,Used,Hybrid,CVT,Grey,24646,4688000,1300
VEH-02114,Z1CVT63BTHEF6XG8Y,KG142X,Subaru,Impreza,2012,Used,Diesel,Manual,Red,14584,2165000,2400
VEH-02115,E4FE6KSTJJLHXB6ZH,,BMW,5 Series,2026,New,Petrol,CVT,Beige,0,8792000,2000
VEH-02116,9MHZZCSA3T5C310V9,KC395X,Hyundai,Elantra,2023,Used,Hybrid,CVT,Silver,40380,7340000,1800
VEH-02117,3TFTTE2HTJV34XXPR,KF950C,Honda,Accord,2021,Used,Petrol,Automatic,Red,109555,2932000,1800
VEH-02118,L2WY7TRG3G3UGZNZY,,Mitsubishi,L200,2017,New,Diesel,Manual,Beige,0,7350000,2000
VEH-02119,D6NHE7J7ZXRMRMD5D,KB767R,Honda,Accord,2014,Used,Petrol,Manual,Grey,10645,736000,1500
VEH-02120,3MEMVD20JJCHGYAYY,KC132C,Mazda,Mazda6,2013,Used,Electric,Automatic,Grey,43893,2672000,1300
VEH-02121,UX5V1PH1AXPK8PHWX,KH420N,Ford,Ranger,2009,Used,Diesel,Manual,Silver,44931,1811000,2000
VEH-02122,XUWG5L3J7NE0X41GZ,KC156W,Subaru,Impreza,2010,Used,Hybrid,Manual,White,59441,912000,2400
VEH-02123,ZN4X4YNLZDCD1K0ZJ,,Mazda,CX-5,2014,New,Petrol,Automatic,Silver,0,6238000,1500
VEH-02124,SEWBAKAGP14T5L7GV,KD810I,Subaru,Forester,2019,Used,Diesel,Manual,Black,6347,3591000,1000
VEH-02125,YH2XA51F54HPR2A86,KC864R,Mazda,CX-5,2025,Used,Diesel,Manual,Silver,56617,6217000,1200
VEH-02126,1APB1TTVZKZFBR5SZ,,Ford,Focus,2009,New,Diesel,Automatic,Grey,0,4236000,1200
VEH-02127,W56XE7N1HSJ52FZA8,,Toyota,Corolla,2017,New,Diesel,Manual,Grey,0,1844000,1300
VEH-02128,637TC728915HP3CC0,KH863Z,BMW,X3,2009,Used,Diesel,Automatic,Grey,107876,1397000,1000
VEH-02129,6LNJHGD4DGTVDELRU,,BMW,5 Series,2022,New,Petrol,CVT,Grey,0,8253000,1500
VEH-02130,K5YHK2EKAJK3GANNM,KH562N,Isuzu,MU-X,2024,Used,Petrol,Automatic,Black,8912,2638000,1300
VEH-02131,FAL9UTVG8A0RPN8A8,,Mazda,Mazda3,2023,New,Diesel,Automatic,Beige,0,3732000,1800
VEH-02132,D4P80RET3Z79LZSR2,,Mitsubishi,L200,2019,New,Diesel,Automatic,Red,0,6456000,1000
VEH-02133,SKX19ULKLNK3Z9BDT,KG623H,Ford,F-150,2013,Used,Petrol,Manual,Black,12204,3638000,1500
VEH-02134,BK1H5FYX934E3SV63,,BMW,5 Series,2016,New,Petrol,CVT,White,0,7516000,1500
VEH-02135,3S40YECMGJUCVMM7R,,Toyota,RAV4,2014,New,Petrol,Manual,Black,0,8921000,1000
VEH-02136,K1BN6N0RY38Y90LPC,KG426I,Hyundai,Tucson,2010,Used,Hybrid,Manual,Beige,159937,1709000,1000
VEH-02137,MHR81TBAVM7BYGMSH,KD627U,Nissan,X-Trail,2010,Used,Petrol,Manual,Red,8983,880000,1800
VEH-02138,NATPE3XBJHP4BC4YR,KH831T,Isuzu,D-Max,2014,Used,Petrol,Automatic,Green,86705,3714000,1000
VEH-02139,1WK99J0CYCXGVXVFY,KC432K,Toyota,RAV4,2018,Used,Hybrid,Automatic,Blue,30501,1655000,1200
VEH-02140,4U8BNHHAY0N97VE75,KD486G,Subaru,Forester,2019,Used,Petrol,Manual,White,12779,5354000,1800
VEH-02141,NK32DK9PDLFTVL7DP,,Isuzu,D-Max,2014,New,Petrol,Manual,Beige,0,7573000,1800
VEH-02142,XZPZ99DM5NFX08JV6,KH168J,Subaru,Impreza,2022,Used,Petrol,Automatic,Beige,92070,6555000,2000
VEH-02143,32YGDVRR2ZLYALVYC,,Subaru,Forester,2018,New,Petrol,Manual,Silver,0,7763000,1800
VEH-02144,MENP3E0AND35FFU8K,,Hyundai,i10,2012,New,Petrol,CVT,Beige,0,6082000,2000
VEH-02145,X6UYJN6Z841Y7R3XR,KE227D,Honda,Accord,2021,Used,Petrol,Manual,White,26520,1273000,2000
VEH-02146,8X0FX2G29KJAT0FM6,KC211S,Mercedes-Benz,GLC,2010,Used,Diesel,CVT,Red,32545,1138000,1300
VEH-02147,LGHC5L3WR14JXXVUT,,Ford,Fusion,2014,New,Diesel,Manual,Black,0,1750000,1300
VEH-02148,W5L1FTMY74YVUZ7JC,,Toyota,Hilux,2009,New,Petrol,CVT,Black,0,3129000,1800
VEH-02149,RAAF4DVT6P41UEV3B,KB486F,Mercedes-Benz,GLE,2021,Used,Diesel,Manual,Black,20029,1889000,2400
VEH-02150,7DV6XYBTC7V9R6MBM,,Mercedes-Benz,C-Class,2022,New,Petrol,Automatic,Grey,0,2641000,1800
VEH-02151,TPS3RHXVL5Z0XR4UW,KB385Y,Toyota,Corolla,2012,Used,Diesel,Manual,Black,40446,3465000,2000
VEH-02152,76ZKE6J3VSXPPEUS1,KB950A,Subaru,Impreza,2026,Used,Diesel,Manual,White,8035,1632000,3000
VEH-02153,PM6SDM8SVGCHPLS99,KD764P,Volkswagen,Polo,2025,Used,Petrol,Automatic,Silver,22323,4571000,2000
VEH-02154,MZD20C7BWWF5U93U8,KB323V,Subaru,Outback,2008,Used,Petrol,Manual,Grey,156922,1122000,2000
VEH-02155,C6DBZ04WTXX7HYLLK,KG659D,Mercedes-Benz,C-Class,2022,Used,Diesel,Automatic,Silver,13436,5297000,1500
VEH-02156,RNS59M73ULZ4083T5,,Mitsubishi,L200,2009,New,Petrol,Automatic,Silver,0,8476000,2400
VEH-02157,2MNMHCBEPRV0L7SRC,KJ709C,Honda,CR-V,2017,Used,Petrol,Automatic,Red,48116,4031000,1300
VEH-02158,XTJRAZ0MY4P5KWF3M,,Subaru,Impreza,2020,New,Petrol,Manual,Grey,0,7758000,1300
VEH-02159,UW8CF8WGR999DE6JK,,Nissan,Altima,2012,New,Petrol,Manual,White,0,9388000,1000
VEH-02160,S0X6V7GKNDA064RZF,,Subaru,Forester,2009,New,Petrol,Manual,Black,0,8136000,2400
VEH-02161,SVRPXS1NX7ZSD264F,KC595T,Subaru,Outback,2015,Used,Diesel,CVT,White,17699,2901000,2400
VEH-02162,KU8KY7G9T1GC5N1FV,KH380K,Mitsubishi,L200,2016,Used,Petrol,Automatic,Blue,66820,1800000,1500
VEH-02163,5NNGTHHYE009AUKZZ,KE134P,Honda,Accord,2013,Used,Petrol,CVT,White,6312,851000,1200
VEH-02164,TWA3VL0FRDM6T0S1G,,Mercedes-Benz,GLE,2023,New,Diesel,Manual,Grey,0,9021000,1300
VEH-02165,PJFFNY9Y073SX533H,KH334N,Toyota,RAV4,2009,Used,Petrol,CVT,Green,157527,3295000,3000
VEH-02166,R9RCFNDJRVPZWBR79,KB929E,Honda,HR-V,2022,Used,Petrol,CVT,Silver,27213,7041000,1200
VEH-02167,A41SDRGJVE4ETPDR4,KA431J,Mazda,Mazda3,2022,Used,Petrol,CVT,Black,12116,7019000,1300
VEH-02168,TSJAJX54SD0NY81E8,,Toyota,Hilux,2011,New,Electric,Automatic,Black,0,4367000,1300
VEH-02169,9ZCT0WPP4FLC10N9W,,Isuzu,MU-X,2024,New,Petrol,Manual,Silver,0,7224000,3000
VEH-02170,GVVHT0XH3P4L9RPRG,KB368E,BMW,X3,2020,Used,Diesel,Automatic,Silver,3435,2655000,3000
VEH-02171,S06P2TRS00UALJ9H0,,Isuzu,MU-X,2015,New,Petrol,Automatic,White,0,8965000,1300
VEH-02172,MG15AWCJUPC6X54NA,,Subaru,Outback,2023,New,Petrol,Automatic,Grey,0,3748000,1300
VEH-02173,M1XG80AFV687KB6U8,KF709X,Hyundai,Tucson,2015,Used,Electric,CVT,Red,8371,553000,3000
VEH-02174,S3BLL1P8DUTLE0XTK,,Mitsubishi,Outlander,2012,New,Petrol,CVT,Red,0,1353000,1000
VEH-02175,LNJ2GL3VL40CKGN1C,KB829N,BMW,X3,2023,Used,Petrol,CVT,Silver,33007,2764000,1300
VEH-02176,TWFNK561DSUY5U1U0,KG469X,Ford,Ranger,2018,Used,Diesel,CVT,Green,18494,2465000,1200
VEH-02177,4DCW4NSMKC60STZJ7,KB651M,Nissan,Navara,2012,Used,Diesel,CVT,Black,79443,3725000,1500
VEH-02178,TP0U3H1LSKSW7W07C,,Subaru,Impreza,2016,New,Petrol,CVT,Red,0,1639000,1500
VEH-02179,D5PZ8BVLP2241AFV3,KB171C,Mazda,CX-5,2012,Used,Diesel,CVT,Silver,25365,1447000,1000
VEH-02180,55M5JE9ZZDK6LM5UP,,Honda,CR-V,2009,New,Diesel,CVT,White,0,4353000,1000
VEH-02181,LNM581841N95T3VDF,KB410I,Mitsubishi,L200,2016,Used,Diesel,Automatic,Grey,12868,2807000,2400
VEH-02182,JU180127R475M3T4M,KC636W,Hyundai,Elantra,2013,Used,Petrol,Manual,Silver,43204,1713000,1000
VEH-02183,B48FZVL21RGD3A2GJ,KC227Z,Mitsubishi,L200,2010,Used,Petrol,Manual,Green,55207,1910000,2400
VEH-02184,L7M2LEZVKP640CKMT,KF734W,Toyota,Corolla,2023,Used,Hybrid,CVT,White,8224,5691000,2000
VEH-02185,WW2CN54N5P41MDHNJ,KJ579Z,Honda,HR-V,2025,Used,Petrol,Manual,White,8255,1356000,1300
VEH-02186,Y1VV51RKBB9YCSFV1,KH275F,Nissan,Navara,2023,Used,Petrol,CVT,Red,1681,3866000,2000
VEH-02187,J93D3CBHXMTXMUY8Y,,Honda,CR-V,2022,New,Petrol,CVT,Blue,0,2900000,1500
VEH-02188,RPVMV5ZGPG7Y7H9CC,KF240L,Isuzu,MU-X,2017,Used,Petrol,Manual,Green,59999,779000,2000
VEH-02189,4AK1PRDTN5FEP947J,,Toyota,Hilux,2017,New,Petrol,CVT,Silver,0,3108000,1300
VEH-02190,N0RTDSKFCMDZ57FRW,KD529A,Nissan,Altima,2010,Used,Diesel,Automatic,White,49052,877000,3000
VEH-02191,D3XVRU7RLKEA35NRL,KH839P,Volkswagen,Jetta,2019,Used,Petrol,Automatic,Blue,28964,1828000,1300
VEH-02192,NR8DCXCJ1UCLKJSJM,,Ford,Explorer,2021,New,Petrol,Manual,Silver,0,7707000,2000
VEH-02193,X9AKCDZNXZT49Y6LU,KC882S,Mazda,CX-5,2012,Used,Diesel,CVT,Green,83654,3502000,2400
VEH-02194,Z211V61URCE8ZUJ36,KH873J,Toyota,Yaris,2016,Used,Petrol,Manual,White,73718,3491000,1000
VEH-02195,8FF4K8HRKLZZ56HWG,KH534U,Mazda,CX-3,2015,Used,Petrol,CVT,Red,39614,3750000,1300
VEH-02196,1SKFY2CKJ2EMKZEBM,KJ471L,Mitsubishi,Outlander,2012,Used,Petrol,CVT,Red,91215,1149000,1200
VEH-02197,C7SZJ1W28M023E54H,KA924R,Mitsubishi,L200,2024,Used,Diesel,Manual,Black,10371,7798000,1300
VEH-02198,286PMD3S4DA3YU3HD,KG433Z,Honda,Fit,2011,Used,Petrol,CVT,Black,5341,3521000,1000
VEH-02199,5VYUCAJKKJ7VBUNPU,KB422G,Toyota,Hilux,2017,Used,Diesel,Automatic,Silver,14146,3478000,1300
VEH-02200,RMVL7Z66EMUUB6ESC,KC777U,Volkswagen,Passat,2014,Used,Diesel,Manual,Beige,2645,3076000,3000
VEH-02201,7BXPE96MBAEB5KS7U,KC233E,Ford,Ranger,2012,Used,Petrol,CVT,Blue,34088,1185000,2000
VEH-02202,TMS47GBMU79PSAGSX,KD552S,Subaru,Outback,2015,Used,Diesel,Automatic,Silver,124127,2141000,1000
VEH-02203,77WZ14CGMU8GX9XSB,KJ325J,Volkswagen,Polo,2022,Used,Petrol,Manual,Green,1806,5434000,1300
VEH-02204,CUST7KVVEUN1AWU97,KA700Y,Subaru,Forester,2015,Used,Petrol,Manual,Beige,5860,1517000,2400
VEH-02205,SM4834H8X28L7AA5B,KH305X,Nissan,Note,2024,Used,Petrol,Automatic,White,27082,1536000,1300
VEH-02206,5E34M72XGG5E4U5SJ,KG123J,BMW,X5,2009,Used,Petrol,CVT,Grey,122229,3706000,1500
VEH-02207,7R7A7BW0S8UTAZZYM,KD186S,Hyundai,Tucson,2025,Used,Petrol,Automatic,Silver,17101,2028000,2400
VEH-02208,3VNG9K4C9SZDR5JER,KF624T,BMW,5 Series,2008,Used,Diesel,Manual,Grey,31847,1792000,1200
VEH-02209,D8D73PEHG4ZDTWBR7,,Hyundai,Tucson,2023,New,Diesel,CVT,Beige,0,6442000,1000
VEH-02210,099GTLEWXGXFANS5B,KJ301S,Mitsubishi,L200,2026,Used,Diesel,CVT,Silver,1910,2199000,2400
VEH-02211,5HT4PJ1K1DXM3XUY4,,Volkswagen,Golf,2014,New,Petrol,Manual,Black,0,5435000,2400
VEH-02212,XG1NHZ9KAFDGBTAKF,,Toyota,Yaris,2014,New,Diesel,Manual,Beige,0,7181000,3000
VEH-02213,TJEKNEE1ZCSTDN318,KH525L,Mercedes-Benz,C-Class,2013,Used,Diesel,Automatic,Beige,7225,3624000,1000
VEH-02214,6P5BEKCAYEJCB98L8,,BMW,X5,2012,New,Petrol,Manual,Blue,0,3335000,1200
VEH-02215,N9LPJSXHTS343GH14,,Mitsubishi,Outlander,2016,New,Diesel,Automatic,Beige,0,2244000,1000
VEH-02216,59M2TE3LUDFN779JW,KD981A,Subaru,Outback,2026,Used,Hybrid,CVT,Beige,194163,2909000,1200
VEH-02217,V8L84D96CEEW0AZB2,KG582I,Volkswagen,Golf,2011,Used,Hybrid,CVT,Beige,151011,3414000,3000
VEH-02218,GRHWH4UNRWUR9TTDM,,Mercedes-Benz,C-Class,2014,New,Petrol,CVT,Green,0,7764000,1800
VEH-02219,NNDUXLUXAX0YFGGWR,KA932J,Volkswagen,Passat,2012,Used,Petrol,Automatic,White,222,3095000,1200
VEH-02220,UBY49HGXKSMFV85X7,KG885P,Mazda,CX-5,2010,Used,Hybrid,Manual,White,136468,1176000,1500
VEH-02221,4DU2N5JS3KCA7ZMRH,KG733Y,Honda,Fit,2026,Used,Hybrid,CVT,Green,45864,2679000,3000
VEH-02222,0176EYTX65NSY3B5B,,Mazda,Mazda6,2009,New,Petrol,Manual,Green,0,3966000,1000
VEH-02223,084FDSPZF2JYJCCHA,,Mercedes-Benz,GLE,2016,New,Diesel,Manual,Beige,0,8860000,1000
VEH-02224,9P36TJ6RAV88SNRRH,KC465E,BMW,5 Series,2020,Used,Petrol,Automatic,Red,91095,1045000,2000
VEH-02225,R6TD44BM4ZMJ1JS0G,KD643O,Mitsubishi,L200,2022,Used,Petrol,CVT,Beige,27292,6856000,1000
VEH-02226,YFFVJ6EZUA1CPT8Z8,,BMW,X3,2014,New,Petrol,CVT,Grey,0,6394000,1500
VEH-02227,KL2ZC4K32JCN5SA51,KB681G,Subaru,Outback,2018,Used,Diesel,CVT,Beige,32617,1457000,1500
VEH-02228,7BPE4LAN5121Z8VXH,,Ford,Fusion,2014,New,Electric,Manual,Beige,0,5956000,3000
VEH-02229,L6FX37WM1C8ULXCMT,KG408E,Volkswagen,Passat,2018,Used,Diesel,Manual,Beige,30198,881000,1500
VEH-02230,SKUB4UX87U9DEKXRH,,Toyota,Corolla,2021,New,Diesel,Automatic,Beige,0,3658000,1500
VEH-02231,BJA9RAJD61WS2S6ZH,KA616B,Mercedes-Benz,C-Class,2016,Used,Diesel,Automatic,Black,49464,3112000,1500
VEH-02232,TK9AEED4TRY1VRASX,KE181W,Hyundai,Tucson,2013,Used,Diesel,Automatic,Beige,6768,1713000,1300
VEH-02233,TYJ0GN89CB8G5AHTK,KC943U,Nissan,Altima,2021,Used,Diesel,Manual,White,1369,5197000,1200
VEH-02234,HMM5WASZN45441XE1,KB551R,Toyota,Hilux,2026,Used,Diesel,CVT,Silver,16563,8303000,3000
VEH-02235,H5017G2UP7SNC1VGU,KH619D,Honda,CR-V,2013,Used,Petrol,Automatic,Silver,54886,1999000,1800
VEH-02236,8UNF1756YXS3D8KBS,,Isuzu,MU-X,2008,New,Diesel,CVT,Blue,0,5005000,1500
VEH-02237,8CASRMBN4AY5AUPMF,,Honda,CR-V,2013,New,Petrol,Automatic,Silver,0,7163000,1000
VEH-02238,S4JU9K9BCPEMVH04U,,Isuzu,MU-X,2013,New,Hybrid,CVT,Beige,0,3536000,2000
VEH-02239,WKNHAW17ATY7HMD08,,Ford,Focus,2026,New,Petrol,CVT,Green,0,4414000,1300
VEH-02240,TGVFJAJPXDMDSK4BY,KG747Z,Toyota,Land Cruiser,2013,Used,Diesel,CVT,Black,10145,2416000,2000
VEH-02241,A91VDAGA5YEW1ZRMX,KE995J,BMW,5 Series,2021,Used,Hybrid,CVT,Red,50360,5106000,1000
VEH-02242,VA5VAYVWP0KF3VHVH,,Volkswagen,Polo,2013,New,Petrol,Automatic,Green,0,7900000,1500
VEH-02243,EM4TMKLGFYW83MH4H,KA546L,Nissan,X-Trail,2023,Used,Diesel,Automatic,Black,157663,4450000,1500
VEH-02244,5JVVZA697EEZRYYF3,KC637Q,Subaru,Impreza,2023,Used,Electric,CVT,Beige,4437,2870000,1000
VEH-02245,MC4D1UDA327ZSYM6H,,Isuzu,D-Max,2021,New,Petrol,CVT,Beige,0,6527000,3000
VEH-02246,V05YFF083JZPC8K41,,Volkswagen,Polo,2017,New,Diesel,Manual,Green,0,4910000,1200
VEH-02247,U7KLERLG56JDB1HNF,,Subaru,Impreza,2024,New,Petrol,Manual,Black,0,8576000,2400
VEH-02248,JVH0Z8Y8YW3RLCUWE,KD173T,Subaru,Impreza,2023,Used,Petrol,Manual,Black,50246,1324000,2000
VEH-02249,1KTAHVZTSJK6A4SGE,KF307H,Mazda,CX-3,2008,Used,Hybrid,Manual,Green,26394,2107000,1300
VEH-02250,E7Z0SNP7J6032F0DU,KC478H,Volkswagen,Golf,2018,Used,Diesel,Automatic,Grey,91171,2374000,1800
VEH-02251,GKB453E1WFH7JVADA,,Isuzu,MU-X,2017,New,Petrol,Automatic,Red,0,3333000,2400
VEH-02252,2FNTYR193GMZ74ADT,KG460K,Toyota,Corolla,2015,Used,Diesel,Manual,Green,8774,2125000,1800
VEH-02253,6Z3BARMTRPSUZK2ZS,,BMW,5 Series,2012,New,Hybrid,CVT,Green,0,3393000,1300
VEH-02254,JV8D8AJMXTP4Y2BX7,KA505Z,Volkswagen,Polo,2026,Used,Hybrid,CVT,Silver,53086,6847000,2000
VEH-02255,NM38XEZEGEZA0RSX6,,Honda,HR-V,2011,New,Diesel,CVT,Red,0,6739000,1000
VEH-02256,8ZN45JCL8G4R9LKCA,KB175Y,Ford,Ranger,2025,Used,Diesel,Automatic,Beige,81939,6344000,3000
VEH-02257,H7YL9PDM1WZSG5AUC,,Volkswagen,Polo,2025,New,Petrol,Manual,Black,0,6877000,1300
VEH-02258,SN2XN9KGUSGBRXKP9,KB140P,Nissan,Altima,2023,Used,Petrol,Manual,Red,130204,3821000,1500
VEH-02259,6CS2S4UASEX4GFNF8,,Volkswagen,Jetta,2021,New,Petrol,Automatic,Red,0,3466000,1800
VEH-02260,ASZS4DE1AVBK76NUC,KB109Q,Mitsubishi,Pajero,2023,Used,Petrol,Manual,Red,51733,1371000,1500
VEH-02261,B0PBUGVYKWN5LDWJK,KA840L,Mazda,CX-5,2022,Used,Petrol,Manual,Grey,30938,1052000,1300
VEH-02262,S06MUHLEJXC6VHUWF,,Isuzu,D-Max,2025,New,Petrol,CVT,Red,0,3906000,2400
VEH-02263,RGZ1XNUB8LZYPMDN6,KE638P,Mercedes-Benz,GLE,2026,Used,Diesel,Automatic,Blue,43287,7020000,1000
VEH-02264,DK7Y37EAE6NHW9X2U,KJ328L,Honda,Civic,2018,Used,Petrol,Manual,Beige,91432,3459000,1500
VEH-02265,A0SPNAX5SYFPDX00C,KF547W,Isuzu,D-Max,2022,Used,Petrol,Automatic,Grey,38042,6182000,1300
VEH-02266,7PMJ8B19SDCF4ESFP,KB600J,Volkswagen,Passat,2014,Used,Diesel,CVT,Black,1388,2806000,1500
VEH-02267,K4XMPLRG2N3RJWW5R,,Mercedes-Benz,E-Class,2022,New,Hybrid,Automatic,Grey,0,9474000,1000
VEH-02268,GTXCE5AGHSX4Z5A39,KD173J,BMW,X3,2012,Used,Petrol,CVT,Grey,120280,1900000,1500
VEH-02269,GDWMXZ67MC25F2ZVR,,Hyundai,Elantra,2013,New,Petrol,Automatic,Beige,0,3025000,1200
VEH-02270,H308W6DLNKHACZHWM,KD959G,Volkswagen,Passat,2012,Used,Diesel,CVT,Green,52634,3029000,2000
VEH-02271,CL2XYKW3J5BBS72WY,,Toyota,Yaris,2008,New,Hybrid,Automatic,Green,0,5628000,1000
VEH-02272,EZTLEPFLBRV0TS57Y,,Hyundai,Elantra,2020,New,Petrol,Automatic,Beige,0,1742000,1000
VEH-02273,D6A1X6D7WE520W21J,KE236V,BMW,5 Series,2017,Used,Diesel,Manual,Red,50786,1035000,2400
VEH-02274,3FR8MF65ZUAJ9BGD3,,Hyundai,Elantra,2022,New,Hybrid,CVT,Green,0,4207000,1000
VEH-02275,DVXAX31FJPRPS34MJ,,Mitsubishi,Pajero,2011,New,Diesel,CVT,Red,0,1393000,1800
VEH-02276,WJJSKYUD50X61RLVK,KF487G,Honda,CR-V,2023,Used,Hybrid,Manual,Green,10931,2600000,1000
VEH-02277,WJUVV8KZ7E2ZMUE7A,KJ264G,Volkswagen,Passat,2025,Used,Petrol,Manual,White,48399,5161000,1300
VEH-02278,2VZUBFPZBSFLJTAWR,,Mazda,CX-5,2009,New,Diesel,CVT,Red,0,2263000,1000
VEH-02279,Y8SUY40ZXRGPPTJ6F,,Hyundai,Elantra,2020,New,Petrol,Manual,Blue,0,2188000,1800
VEH-02280,18K07SC8C2K8YLXMG,,Nissan,Navara,2010,New,Electric,Automatic,Red,0,5964000,1200
VEH-02281,E4U033KW7ND97EC8T,KF172N,Isuzu,D-Max,2010,Used,Hybrid,Automatic,White,22529,1249000,2400
VEH-02282,79KKD3TFS9X36XC48,,Nissan,Altima,2009,New,Petrol,Automatic,Beige,0,7614000,1300
VEH-02283,F3LKVX19GTW2HNV2G,KJ190Q,Isuzu,MU-X,2024,Used,Petrol,Automatic,Blue,47400,6927000,2400
VEH-02284,2ZEW3L3PBESVMXGLK,KD533P,Mitsubishi,Pajero,2019,Used,Diesel,Manual,Black,5072,5010000,1500
VEH-02285,K0KJXGTLLTWW2TCXU,KD790G,Isuzu,MU-X,2008,Used,Diesel,Automatic,Grey,48262,2547000,2400
VEH-02286,D81VSYCJXLNZNJ56R,KE186Q,Toyota,Corolla,2017,Used,Petrol,Manual,Green,334877,2453000,1800
VEH-02287,9HF9P0GYLSDRM8ZER,KG732C,Toyota,RAV4,2015,Used,Petrol,Automatic,Grey,2223,934000,1800
VEH-02288,WD3M25B0P91U83AEV,KC125L,Mazda,CX-5,2013,Used,Diesel,CVT,Grey,170093,3669000,1500
VEH-02289,P15R7F3V74PE1PV6N,KE147O,Hyundai,Santa Fe,2009,Used,Petrol,CVT,Blue,23508,1998000,1200
VEH-02290,4D9TDSSZ45ZU92GUV,,Hyundai,Tucson,2008,New,Petrol,Manual,Beige,0,2570000,2000
VEH-02291,LBLA0VND6RN6J35SG,,Mercedes-Benz,C-Class,2016,New,Petrol,Automatic,Grey,0,4407000,1300
VEH-02292,TVE4UYS48VE4UVBGV,KH568L,Mercedes-Benz,GLC,2019,Used,Electric,CVT,Grey,92071,3338000,1500
VEH-02293,VKKBUT5DT3EHZ51X3,,Hyundai,i10,2025,New,Petrol,CVT,Green,0,5513000,1800
VEH-02294,6MNUZ5FTFAPZX6TTB,KE284S,BMW,X3,2024,Used,Diesel,Automatic,White,68626,2897000,3000
VEH-02295,CBY52NJ1C73NEJW5D,,BMW,3 Series,2012,New,Petrol,Manual,Green,0,5723000,3000
VEH-02296,4Y538Y7ZZDL8T4AYD,,Volkswagen,Golf,2026,New,Diesel,CVT,Silver,0,2212000,1200
VEH-02297,F7F8V3KH1W2AXBLE6,KJ148D,Isuzu,D-Max,2026,Used,Petrol,Automatic,Blue,37667,1786000,2000
VEH-02298,M11HALT1JAW9NFRSX,KG233E,Hyundai,Tucson,2013,Used,Diesel,Manual,Blue,60350,3278000,2400
VEH-02299,CREKAR0X0RYX8DU7K,,BMW,3 Series,2025,New,Diesel,CVT,Green,0,4697000,2400
VEH-02300,NRCK74VJSMFAZNGKR,,Subaru,Outback,2019,New,Petrol,Manual,Black,0,5997000,1800
VEH-02301,K6YGBPB81LS2R28FC,,Isuzu,D-Max,2022,New,Petrol,Automatic,Green,0,8770000,3000
VEH-02302,9AXPZ93R8J57697RV,,BMW,X3,2024,New,Diesel,Manual,Red,0,6050000,2000
VEH-02303,SV4D03JDLSG2HBN2B,KE516C,Subaru,Outback,2021,Used,Diesel,Automatic,Beige,94858,1792000,1200
VEH-02304,JPJYWCW6RGEU6YXWT,,Mitsubishi,Pajero,2016,New,Diesel,Manual,Grey,0,2238000,1800
VEH-02305,TJ0PSCRG399HX0FK8,KB404H,BMW,5 Series,2009,Used,Hybrid,Manual,Beige,23298,1936000,2000
VEH-02306,XHN986K947MCXZU6G,,Toyota,RAV4,2015,New,Petrol,Manual,Silver,0,8952000,1300
VEH-02307,LGJNYR90VLUVELT40,,Nissan,Sentra,2010,New,Hybrid,Automatic,Beige,0,1527000,2000
VEH-02308,FZ3CWJNML4XGS98CG,KB988O,Subaru,Forester,2022,Used,Petrol,CVT,Beige,17822,6328000,1200
VEH-02309,DB39PHFF8R6L30JMF,KH236I,Hyundai,Santa Fe,2009,Used,Petrol,Automatic,Red,49562,3738000,1500
VEH-02310,W1YC6U9XGS93NV5WU,KF108M,Subaru,Outback,2025,Used,Petrol,Manual,Black,74225,6235000,2400
VEH-02311,MC9ALND5ZZZ1PYM59,KH591V,Mazda,CX-3,2024,Used,Diesel,CVT,Black,64650,4000000,1500
VEH-02312,15U76RJX6TE8JW8AZ,KH778Q,Hyundai,Elantra,2009,Used,Petrol,Manual,Black,71935,1397000,2400
VEH-02313,PBJSDGSYAGT5SBGB0,KF776L,Volkswagen,Golf,2011,Used,Petrol,Manual,Beige,25738,786000,1000
VEH-02314,WJHMY6GGXZGYCFK3E,KJ773U,Toyota,Prado,2018,Used,Hybrid,Manual,White,76627,3195000,1500
VEH-02315,TPW64ZSYK65AXTDB1,,Hyundai,Elantra,2015,New,Hybrid,CVT,White,0,9437000,3000
VEH-02316,G7KY1M2THBCC2ZG1P,KB309M,Hyundai,i10,2023,Used,Petrol,CVT,Red,5763,3320000,1000
VEH-02317,87D83P302V6K5ZR8P,,Hyundai,Elantra,2018,New,Hybrid,Automatic,Grey,0,3241000,1000
VEH-02318,5F4GE6X8RYSEW1A0L,KB103Y,Volkswagen,Tiguan,2012,Used,Petrol,Manual,Blue,35385,3112000,1000
VEH-02319,5V7XK1XZUD4C5BFW2,KE405F,Subaru,Outback,2021,Used,Diesel,Manual,Grey,259,3587000,1800
VEH-02320,J426YK7XNG1WZW5TG,,Mitsubishi,Outlander,2014,New,Petrol,Automatic,Red,0,7664000,1300
VEH-02321,WC9A0HYDHSKTJM9XE,,Toyota,Corolla,2013,New,Petrol,Manual,White,0,4495000,1000
VEH-02322,7XLSJRN9JVHWK5HT2,KE164Z,Mitsubishi,L200,2023,Used,Petrol,Manual,Blue,17659,2562000,1000
VEH-02323,0L8N0G7D7J8G6AUX2,KJ475N,Honda,Accord,2026,Used,Diesel,CVT,White,20539,5157000,1300
VEH-02324,B4YP76005NVPUSB5E,,Isuzu,MU-X,2012,New,Petrol,Automatic,White,0,7570000,1500
VEH-02325,2VUFH5XA1CVZ6VHXG,KG981E,Subaru,Forester,2009,Used,Petrol,CVT,Blue,22701,2319000,2400
VEH-02326,NTR46MMCSS8VSWGBM,KE997I,Ford,Ranger,2018,Used,Petrol,Automatic,Grey,53503,1155000,2000
VEH-02327,KK1A0TA1ZNFT7B071,KB126N,Volkswagen,Polo,2009,Used,Hybrid,CVT,White,22137,2159000,1300
VEH-02328,PXXTA2U4DUUWN7LCC,KE833F,Volkswagen,Passat,2019,Used,Electric,CVT,Green,26795,3169000,1000
VEH-02329,2D01X4ZVRUE3YPL0P,KF698J,Hyundai,Elantra,2015,Used,Diesel,CVT,Green,12204,1088000,1500
VEH-02330,07662XSE06UR7GSUS,,BMW,X5,2024,New,Electric,Manual,Green,0,6147000,3000
VEH-02331,UHC81HLSNB948U80S,KF827T,Mitsubishi,Outlander,2013,Used,Petrol,CVT,Blue,21024,2985000,1200
VEH-02332,7DEZCYCF3UM58M23J,,Isuzu,D-Max,2012,New,Petrol,CVT,Silver,0,6233000,2000
VEH-02333,8W2EBCGZCW1X320UK,KE255Q,Toyota,Corolla,2024,Used,Petrol,Manual,Beige,11602,3878000,1000
VEH-02334,YK4PEPXT4B2EFHCSY,KC881W,Hyundai,Elantra,2022,Used,Diesel,CVT,Black,3420,5549000,3000
VEH-02335,5NXD15S4VU6F2YVGC,,Toyota,Corolla,2019,New,Petrol,Manual,Beige,0,3836000,1200
VEH-02336,9ZCPPUP9NYYKLVA17,,BMW,X5,2013,New,Petrol,Automatic,Grey,0,6673000,2400
VEH-02337,XC9883CZ7PMK9H8DE,KH863B,Isuzu,MU-X,2017,Used,Petrol,Automatic,Red,41622,2708000,1800
VEH-02338,4KWXCH1HSXP9MAXPB,KG363J,BMW,5 Series,2026,Used,Diesel,CVT,Grey,49646,5954000,1000
VEH-02339,0C8N1NBKVH9K3TYDL,KE397C,Mitsubishi,Pajero,2023,Used,Petrol,CVT,Silver,43480,6786000,2000
VEH-02340,MNSJ29NDSWVK2UCBP,KB102K,Mercedes-Benz,E-Class,2015,Used,Hybrid,CVT,Red,28020,1659000,1000
VEH-02341,JRS5RB8H5V3BFBDK0,,BMW,X5,2011,New,Diesel,Manual,Green,0,6830000,2000
VEH-02342,SGUYZ7JNA9XARHH07,KC799G,Toyota,Land Cruiser,2024,Used,Diesel,CVT,Silver,21496,3119000,1300
VEH-02343,Z9SBX1LY85XUFPP54,KH608M,Volkswagen,Tiguan,2014,Used,Petrol,CVT,Beige,89559,1573000,3000
VEH-02344,3TWE7NREMTUNRT229,KG576U,Honda,Accord,2008,Used,Petrol,CVT,Black,32942,1333000,3000
VEH-02345,36YJ5UC5C8A1ZGZKU,,Mazda,Mazda3,2008,New,Diesel,CVT,Blue,0,1845000,1300
VEH-02346,7C18K65RA21G2SV88,,Mazda,CX-3,2020,New,Petrol,Automatic,Grey,0,8880000,2000
VEH-02347,GZB2GVWJ3ZAXHVL3V,KB823X,Ford,Explorer,2021,Used,Petrol,Automatic,Grey,29355,4323000,1300
VEH-02348,4LGWXFFPWE2H16XF9,KG257R,Nissan,Note,2019,Used,Petrol,Automatic,Silver,1168,2207000,1200
VEH-02349,MBG1Y5SYL3CJEKG9G,KF729K,Isuzu,D-Max,2009,Used,Petrol,CVT,Red,18783,1232000,2000
VEH-02350,F9AMB9N2N5XJZ2H2H,KF709Z,BMW,5 Series,2015,Used,Petrol,CVT,Black,21525,1378000,3000
VEH-02351,0X4T2SN6BMYSSGKU6,,Ford,Focus,2023,New,Petrol,Automatic,Blue,0,4852000,3000
VEH-02352,UKBA5F37SF5GDGF5B,,Mercedes-Benz,C-Class,2019,New,Petrol,Manual,Red,0,2046000,1800
VEH-02353,ZJ33DK39S1Y4PB6HT,KJ489L,Toyota,Yaris,2019,Used,Petrol,Automatic,Black,22898,1674000,1000
VEH-02354,UD3ZF35A37CFLAWCS,KJ829O,Ford,Focus,2017,Used,Diesel,Manual,Blue,39055,1556000,3000
VEH-02355,GL4B73LCZ3YBWF42H,KA817J,Isuzu,D-Max,2008,Used,Diesel,Automatic,White,34322,1823000,3000
VEH-02356,1TNLSW35V81F4W5E3,KJ823T,Mitsubishi,L200,2008,Used,Petrol,Manual,Black,42131,652000,2400
VEH-02357,P8CTJAUKSLE03E8SK,,Ford,Explorer,2016,New,Diesel,CVT,Black,0,1792000,1200
VEH-02358,KUPBZ31TM74BFC5WG,,Isuzu,MU-X,2019,New,Electric,CVT,Grey,0,6163000,1000
VEH-02359,3AH3TMFDJSL47546E,KG187B,Ford,Focus,2021,Used,Petrol,Manual,Black,65145,1930000,1200
VEH-02360,3BE3LH61WNFK2YPYT,,Mercedes-Benz,GLE,2013,New,Petrol,Automatic,White,0,3881000,1500
VEH-02361,ME6F5P7WMT32LY1JJ,,Nissan,Note,2020,New,Diesel,Automatic,Red,0,4186000,1800
VEH-02362,XKYTNRC5DU554RX2X,KA113N,Mitsubishi,Pajero,2024,Used,Petrol,Manual,Silver,75445,2137000,1000
VEH-02363,S5LD6GX7X1K26ARLS,KJ691D,Volkswagen,Golf,2019,Used,Diesel,Automatic,Grey,56982,5077000,3000
VEH-02364,L0A1EDAG9SHPAKGHJ,KB876J,BMW,X3,2011,Used,Petrol,Manual,Blue,140075,927000,1200
VEH-02365,KASZLRXJLYWYHHDV6,,BMW,5 Series,2026,New,Diesel,Automatic,Beige,0,5487000,1300
VEH-02366,MZ0T8Z7TRUP8305TG,,Mitsubishi,Outlander,2022,New,Electric,CVT,Grey,0,1796000,3000
VEH-02367,7AM1MC4YXH7G4C36F,KA723C,Subaru,Forester,2013,Used,Diesel,CVT,Black,828,2744000,3000
VEH-02368,U4S8DWPU8V3RF0T1K,KE418D,BMW,3 Series,2010,Used,Petrol,Automatic,Red,9804,2788000,3000
VEH-02369,95UKUH73D828XNTZL,KD432F,Nissan,X-Trail,2023,Used,Petrol,Manual,Beige,341,3295000,1200
VEH-02370,VGBR0EL9JRL3CFBUF,KF201E,Mitsubishi,L200,2017,Used,Diesel,Automatic,Beige,46918,4133000,1300
VEH-02371,GBY7WEHZ57C34F09D,KJ360Y,Subaru,Outback,2012,Used,Petrol,CVT,Black,102738,1232000,1200
VEH-02372,HVT981FSTG7ARD8UJ,KJ478J,Mercedes-Benz,GLE,2017,Used,Petrol,Automatic,Silver,12556,1159000,3000
VEH-02373,DSD05LWRF7J5NLWPT,KF802R,Isuzu,MU-X,2024,Used,Diesel,Automatic,Silver,117799,6443000,3000
VEH-02374,BYH5NBTDDDBA0TY9S,,Mitsubishi,L200,2017,New,Petrol,CVT,White,0,6334000,2000
VEH-02375,B7VS8XPHEEL874RDP,KH544P,Ford,Focus,2022,Used,Hybrid,Automatic,Black,2797,1731000,2400
VEH-02376,5942UKXLYKBJXTP5H,,Hyundai,Elantra,2020,New,Petrol,CVT,Blue,0,4038000,2000
VEH-02377,TP8R98MF4DSUHGCNU,,Honda,Accord,2021,New,Petrol,Automatic,Red,0,2689000,1000
VEH-02378,UM1W7CKYN91VR0K3G,,Hyundai,Tucson,2017,New,Petrol,Manual,Beige,0,9259000,1000
VEH-02379,GG75L8PTDXAV81SFD,,Toyota,RAV4,2012,New,Diesel,Automatic,Beige,0,7881000,1200
VEH-02380,NXH09AD5Z3RX7XZSK,KJ110F,Ford,Focus,2020,Used,Hybrid,Manual,Grey,122612,3303000,2000
VEH-02381,JNR3HYUNRWC1X5LLD,KG870W,Ford,Fusion,2018,Used,Petrol,CVT,Blue,19497,3372000,3000
VEH-02382,KJE8JN8WG3MD7V0G4,KE704T,Isuzu,MU-X,2011,Used,Diesel,Manual,Blue,4812,503000,3000
VEH-02383,FA5TS8K98Z37BTU8H,KB621Q,BMW,5 Series,2023,Used,Petrol,CVT,Red,29937,4099000,1300
VEH-02384,KFB9D1BFZYLX8LC8C,KC215Z,Nissan,Note,2013,Used,Diesel,CVT,Blue,13354,1790000,2400
VEH-02385,7SVUE966DS6XB376S,KB713U,Volkswagen,Passat,2015,Used,Petrol,Manual,Green,15088,2999000,2000
VEH-02386,GN0BLMCBWPE8U4KKT,KA619V,Honda,CR-V,2014,Used,Petrol,CVT,White,16521,1922000,3000
VEH-02387,1W0B5S3U2J4WF38HJ,KJ490S,Volkswagen,Tiguan,2016,Used,Petrol,Automatic,White,73110,532000,1000
VEH-02388,PNG0TYZXVEZSEHKY6,KC658W,Ford,Fusion,2008,Used,Petrol,Manual,Beige,34861,1967000,1000
VEH-02389,XPNM8CYDXN2HEN7C8,,Volkswagen,Polo,2018,New,Diesel,Automatic,Black,0,8477000,1200
VEH-02390,3SU52FRBNHTXALJBN,,BMW,5 Series,2012,New,Diesel,CVT,Grey,0,2663000,2400
VEH-02391,J2H2ADTFGTBMDK2MR,KG823R,Toyota,Corolla,2023,Used,Petrol,Manual,Silver,16783,6103000,1000
VEH-02392,HFCX572L7EXTAAXAK,,Ford,Fusion,2016,New,Petrol,Manual,Blue,0,5284000,1200
VEH-02393,7H65P5HB96CGBSHNG,KB619F,Honda,HR-V,2019,Used,Petrol,Manual,Green,42410,4188000,3000
VEH-02394,P86VY2L9K3YJM6FDP,KC322V,Honda,Fit,2012,Used,Diesel,Manual,Blue,56669,2426000,3000
VEH-02395,9ETVMCSGM3W6W5U1A,KH618U,Nissan,Navara,2024,Used,Hybrid,Manual,Beige,14324,4600000,2400
VEH-02396,V16WLTAB6FCU7D47U,KB348R,BMW,5 Series,2014,Used,Diesel,CVT,Grey,24014,1219000,1500
VEH-02397,89VHLZ21XT3BKSG77,KB995A,Honda,Accord,2024,Used,Petrol,Manual,Black,5849,6116000,2400
VEH-02398,XS9PDUVRBJ7WDYEXW,,Nissan,Altima,2016,New,Petrol,Manual,Green,0,9465000,1300
VEH-02399,AZPPKZM9WNT3LUCYJ,KB446H,Nissan,Note,2010,Used,Diesel,CVT,Grey,8993,2999000,1200
VEH-02400,1Y2G05H6S82R14DW1,KB530K,Nissan,Sentra,2015,Used,Hybrid,Manual,Beige,51432,3482000,3000
VEH-02401,EJAPU6AZYM9KRJ588,KG785O,Mitsubishi,Outlander,2008,Used,Petrol,Manual,Beige,9009,2834000,1300
VEH-02402,W9GN1RJJGB1NA7G8H,KC241V,BMW,X5,2018,Used,Petrol,Automatic,Grey,33515,1309000,2400
VEH-02403,A35BRLB12J784KPNL,KB597V,Nissan,Note,2019,Used,Diesel,CVT,Grey,55556,1671000,1000
VEH-02404,3WY7JKL9BLYFXT5A0,KE374A,Toyota,Camry,2024,Used,Electric,Manual,Black,5086,7995000,1000
VEH-02405,7SB7046XLEZ4DPPZX,KC811Q,Mazda,Mazda6,2024,Used,Petrol,Automatic,Beige,37698,5316000,1500
VEH-02406,65SE6GCE8PM9WVLLD,KA136C,Nissan,Sentra,2018,Used,Diesel,Automatic,Blue,13341,4845000,3000
VEH-02407,TSVUTBB33H5U52RUW,,Mazda,Mazda3,2013,New,Petrol,Manual,Beige,0,4314000,1500
VEH-02408,020MHFEJE6C6KN80U,KD271B,Ford,Fusion,2019,Used,Hybrid,CVT,Black,148268,3606000,1300
VEH-02409,YY40CU2P0ETSA00YW,,Nissan,X-Trail,2014,New,Petrol,Automatic,Beige,0,2780000,3000
VEH-02410,Y0BFJRDHFJ739RK5S,KE347I,Honda,CR-V,2020,Used,Petrol,CVT,Black,29734,1873000,2000
VEH-02411,649NCDPJMVCKNS2JP,KJ769T,Isuzu,MU-X,2021,Used,Petrol,Automatic,Blue,73793,5322000,1000
VEH-02412,MNLWMWF291LPAP1KE,,Isuzu,D-Max,2009,New,Diesel,Manual,Red,0,9394000,3000
VEH-02413,R66B0AD10XAEGYJ0H,KH838I,Volkswagen,Jetta,2021,Used,Petrol,Automatic,Red,35955,1118000,2400
VEH-02414,LDF5HTJWNG8HXTK83,KD685N,Toyota,Yaris,2012,Used,Diesel,CVT,White,1997,2845000,2400
VEH-02415,5A8MBSXB84P4NZM0U,KB892L,Mitsubishi,Outlander,2022,Used,Diesel,Manual,Silver,45126,4613000,1000
VEH-02416,NJYYL0L80Z8B3JUP8,KF557V,Mitsubishi,L200,2013,Used,Petrol,CVT,Grey,136089,2675000,1300
VEH-02417,587R2XVPAGPVX4BLP,KC857J,Nissan,Navara,2020,Used,Diesel,Automatic,Silver,41414,4017000,1300
VEH-02418,MCFP98CYGRW5DRZVR,KC232S,Mercedes-Benz,C-Class,2024,Used,Petrol,Manual,Green,76963,2197000,2000
VEH-02419,KY1G9DSAZTGTSXUKJ,,Toyota,Corolla,2013,New,Diesel,Automatic,Silver,0,1700000,1000
VEH-02420,1PNWJAZ3EWDJL3ES7,KF870B,Isuzu,MU-X,2020,Used,Diesel,Manual,Silver,97017,3418000,1200
VEH-02421,H5K0664KAYKGJ6P64,KC428U,Hyundai,Tucson,2019,Used,Diesel,CVT,Beige,11649,4910000,1800
VEH-02422,GES55WFED9PL1N76T,KF858C,Nissan,Altima,2012,Used,Petrol,CVT,Green,10724,3662000,2400
VEH-02423,L93ARW2KN4AS8D4MX,KH570L,Mitsubishi,Outlander,2011,Used,Petrol,Automatic,Blue,42485,581000,1000
VEH-02424,GFJXJ95LAWUKLHUAL,KE610X,Subaru,Forester,2015,Used,Petrol,Manual,Beige,23821,3225000,1000
VEH-02425,NYPSV7UF1T0DS61D0,KG157M,Hyundai,i10,2016,Used,Electric,Manual,Beige,82427,2332000,1000
VEH-02426,PMMX4FH8P9LXEYVFM,,Mitsubishi,L200,2018,New,Petrol,Automatic,White,0,4197000,1200
VEH-02427,ABKLFUP8T0B1DXPHL,KB692P,Isuzu,D-Max,2011,Used,Diesel,Automatic,Grey,103626,2416000,1800
VEH-02428,4FTVZ475MTENDCA9R,,Mitsubishi,Pajero,2019,New,Petrol,CVT,Green,0,4320000,3000
VEH-02429,FE3PRM4YR50DZGNN6,KB509F,BMW,X5,2021,Used,Diesel,Manual,Red,19622,4270000,1300
VEH-02430,P5VCSW61ZSXJXXS8H,KF632X,Ford,F-150,2015,Used,Petrol,Manual,Beige,12164,2355000,1200
VEH-02431,Y9VKXRJMXKD86KPF3,KF150M,Volkswagen,Jetta,2026,Used,Diesel,Automatic,Silver,68243,5193000,1000
VEH-02432,M0HLE7PLTB5TRC6H1,,Hyundai,Santa Fe,2022,New,Petrol,Automatic,Grey,0,7170000,2000
VEH-02433,FPG25YCLSTRJ1PPKK,KG221W,BMW,X5,2024,Used,Hybrid,Automatic,Black,14459,2925000,2400
VEH-02434,8NU502AP4B7RRJ0J8,,Toyota,Corolla,2025,New,Petrol,Manual,Beige,0,3584000,1500
VEH-02435,1FCEEGB8H7B15UT02,,Nissan,Altima,2019,New,Petrol,Automatic,Black,0,3517000,1300
VEH-02436,9P5RM1N4VYJ1N5KUT,,Mitsubishi,Pajero,2008,New,Hybrid,Manual,Silver,0,2554000,1300
VEH-02437,EAGU4CA8DSD43W0PE,,Mazda,CX-5,2021,New,Diesel,CVT,Blue,0,3867000,1800
VEH-02438,C1G94ZCRM9PUU0V26,KH518F,Honda,HR-V,2019,Used,Petrol,CVT,Grey,77824,2857000,1800
VEH-02439,7G0S3SJEP0CFZMDM3,,Mercedes-Benz,GLE,2023,New,Petrol,Manual,Black,0,1342000,1300
VEH-02440,D7BN5WBZ5WA0VJ1JA,KD715B,Subaru,Outback,2026,Used,Petrol,Manual,Beige,24803,6330000,3000
VEH-02441,WBJBN82TFBJ6ZWX4X,,Honda,HR-V,2022,New,Diesel,Automatic,Blue,0,8577000,1300
VEH-02442,TA5EKGF3HC0B4H26Y,KC239M,Ford,Explorer,2023,Used,Petrol,Manual,Grey,49556,5993000,2000
VEH-02443,GDTLERUJM8877YXKL,KG714B,Hyundai,Elantra,2010,Used,Petrol,CVT,Grey,4518,1445000,2000
VEH-02444,7VUD4SBURWNBMAEN0,KB405Y,Hyundai,Tucson,2017,Used,Petrol,Automatic,Black,44000,3691000,1800
VEH-02445,L3CRT064X0V2XB65R,,Ford,Focus,2008,New,Petrol,Automatic,Red,0,3255000,1200
VEH-02446,E2S99437HUHT4RPPC,KG221K,Isuzu,D-Max,2024,Used,Diesel,Manual,Black,27047,6046000,2400
VEH-02447,B31X8T2C405ASRH8S,,Toyota,RAV4,2008,New,Petrol,Manual,Green,0,9432000,1500
VEH-02448,FYMYJRDVVJ111LHCT,KE678O,BMW,X3,2021,Used,Petrol,Manual,Silver,39751,3043000,2000
VEH-02449,J5AGF3LXR6DDBSN7G,,BMW,X3,2011,New,Diesel,CVT,Silver,0,1850000,2400
VEH-02450,T6NWCH6KEBGYGVDS0,,Honda,CR-V,2016,New,Petrol,Automatic,Red,0,6400000,1200
VEH-02451,VCG4R9YM45X9B6XNU,KE634C,Honda,CR-V,2023,Used,Petrol,CVT,Silver,8277,6181000,3000
VEH-02452,13LU3KG5DFZ51U1FD,,Honda,Accord,2010,New,Petrol,Automatic,White,0,3947000,2000
VEH-02453,L0Y6G7K01GBS9Y3L6,,Nissan,X-Trail,2014,New,Diesel,CVT,Blue,0,2491000,1000
VEH-02454,F79PJD8STC3HXMS2K,KF394V,Mitsubishi,L200,2010,Used,Petrol,CVT,Blue,60080,2028000,2400
VEH-02455,GT2DSDLH5AGBP9FYW,KC486Z,Honda,Fit,2016,Used,Petrol,Manual,Green,89383,1855000,1200
VEH-02456,R87GUTB70Y7SMG224,KF747A,Mercedes-Benz,C-Class,2019,Used,Petrol,Manual,Silver,10993,2967000,1000
VEH-02457,FJHD8Z78E551NDV6A,KJ679K,Toyota,Yaris,2011,Used,Hybrid,Automatic,Green,4527,2846000,2000
VEH-02458,DJBVDZEY9VAUFC1J0,,Subaru,Outback,2015,New,Hybrid,Automatic,Red,0,8184000,1300
VEH-02459,VR6VNBPKZLVA6M7M1,KG350Y,Ford,Explorer,2016,Used,Hybrid,Automatic,Black,1076,2652000,2400
VEH-02460,LS66YT7ZC84JEK09L,,BMW,X3,2015,New,Electric,CVT,Red,0,3753000,1200
VEH-02461,70NP2UF7MYAZV1G5Y,,Honda,Accord,2022,New,Diesel,Automatic,Green,0,5497000,2000
VEH-02462,WFUYD0R03DT95DEBT,,Hyundai,Tucson,2024,New,Petrol,Manual,Grey,0,4630000,2400
VEH-02463,9JXUS6VLJEA7NEBT4,KG149F,Mazda,Mazda3,2009,Used,Petrol,Automatic,Grey,46221,3615000,3000
VEH-02464,X9BXERFTN21WSVJ5U,KC868F,Mercedes-Benz,C-Class,2010,Used,Petrol,Manual,Silver,42038,2698000,3000
VEH-02465,RF062SU4L3809S1P7,KE272Q,Ford,Ranger,2008,Used,Petrol,CVT,Silver,35603,2084000,2000
VEH-02466,FK6M7XSSFVSFUVMR2,KF975K,Subaru,Outback,2020,Used,Hybrid,Automatic,Green,11875,4478000,2000
VEH-02467,GB78HDW4DYMZBY0N3,,Subaru,Outback,2024,New,Petrol,Manual,Grey,0,3453000,1000
VEH-02468,KNC5RSLPZ6D6RN1K3,KA728O,Hyundai,i10,2011,Used,Diesel,CVT,Green,22310,2134000,1200
VEH-02469,JYN69K5UMB1RG88YW,,Volkswagen,Jetta,2015,New,Petrol,Automatic,Grey,0,5147000,1800
VEH-02470,LTS9G46JN7J0C9SRS,,Mercedes-Benz,GLE,2010,New,Petrol,CVT,Grey,0,4794000,1000
VEH-02471,7XRBNF0CX6K7PA853,,Honda,CR-V,2010,New,Hybrid,Manual,Red,0,2457000,1000
VEH-02472,8CYPAPCDXANUSA1BB,,Isuzu,D-Max,2025,New,Petrol,Manual,Silver,0,1278000,2400
VEH-02473,MLBX20WKEMWEF8X42,,Mitsubishi,L200,2021,New,Petrol,Automatic,Blue,0,3555000,1500
VEH-02474,EY23ZSEM4SLY7PD00,KJ413V,Mazda,CX-5,2012,Used,Diesel,CVT,Blue,40615,3596000,3000
VEH-02475,VH8DZN9ZYU26JDNY7,KE443O,Isuzu,D-Max,2021,Used,Petrol,Automatic,White,30901,4638000,1200
VEH-02476,8DFX0H2UGMRCARYX0,KF942S,BMW,5 Series,2015,Used,Petrol,Manual,Red,198230,2446000,1500
VEH-02477,XF4NXW6YKKVAWLXYU,,Mazda,CX-5,2019,New,Diesel,CVT,Red,0,1315000,1800
VEH-02478,TXZ9E4DUTG8WJ399F,,Subaru,Outback,2021,New,Petrol,CVT,Green,0,1297000,1800
VEH-02479,XTR5KGVFH1ADBTZL7,,Subaru,Impreza,2019,New,Electric,Automatic,Grey,0,6176000,1300
VEH-02480,RWURUBV2BMZDR3WXG,,Hyundai,i10,2024,New,Diesel,Automatic,Grey,0,2534000,1800
VEH-02481,JNU1T63UDY4TUS667,,Mazda,Mazda6,2013,New,Petrol,Automatic,White,0,7802000,3000
VEH-02482,K39113AB2ABMEYLDX,,Nissan,Note,2011,New,Petrol,Manual,Silver,0,2693000,1800
VEH-02483,096P2BZ6XKYNMU3C1,KB576X,Subaru,Forester,2025,Used,Petrol,Automatic,White,6601,7268000,1200
VEH-02484,2ESEUPRN591KJTKHR,KD237E,Mercedes-Benz,C-Class,2014,Used,Petrol,Manual,Blue,53456,2140000,1000
VEH-02485,4ZNG3E8198J9K5B3A,,BMW,5 Series,2022,New,Petrol,CVT,White,0,4018000,2000
VEH-02486,0MG43NX6Y7VM70YRS,KB475I,Toyota,Land Cruiser,2014,Used,Petrol,CVT,Silver,23312,3673000,1300
VEH-02487,5RYHW2G7WTR09ZKD5,,Isuzu,MU-X,2009,New,Petrol,Automatic,Green,0,1769000,1000
VEH-02488,7PKZ27BTHYZX06CVW,,BMW,X5,2021,New,Petrol,Manual,Green,0,4950000,1000
VEH-02489,5YNE2JTW6P0L0MMLC,,Mazda,CX-3,2012,New,Petrol,Automatic,Silver,0,1831000,2000
VEH-02490,AU19CLVJZ456ZP8NJ,KC449J,Nissan,Sentra,2012,Used,Diesel,Manual,White,25153,2713000,1500
VEH-02491,S1162ALWZ5VZGGMBU,,Mitsubishi,Outlander,2021,New,Diesel,Automatic,Black,0,5978000,1200
VEH-02492,GB46P50Y7MN0VV44M,KH733D,Toyota,Prado,2022,Used,Diesel,Manual,Black,56899,7114000,1800
VEH-02493,H0MDMAZW6PRB38JYU,KC848P,Mercedes-Benz,GLE,2025,Used,Diesel,Manual,Beige,53058,6143000,1800
VEH-02494,CR7P8D1C17JNSX65Z,,Hyundai,Elantra,2009,New,Hybrid,Manual,Black,0,2222000,1300
VEH-02495,PWPVR4XAKFVR3SGAG,KB885C,Nissan,Altima,2011,Used,Petrol,Automatic,Red,213272,2128000,1000
VEH-02496,P6DSMM7XESR5R9B33,KC428S,Subaru,Impreza,2010,Used,Petrol,Automatic,Red,6183,2943000,1800
VEH-02497,ZTW7TLM3D0W4GTLDV,KB871V,BMW,X5,2012,Used,Petrol,Manual,Beige,4947,2987000,1000
VEH-02498,P9SCXB93FZTM76LS8,KA221K,Isuzu,D-Max,2020,Used,Petrol,CVT,White,57986,4609000,3000
VEH-02499,HTUV01RD8Z68VCKM5,KD283W,Nissan,Sentra,2020,Used,Petrol,Manual,Blue,38865,4102000,1200
VEH-02500,ZTD2NK6U38SGJR3GZ,,Nissan,X-Trail,2023,New,Petrol,Manual,Red,0,8751000,1000
VEH-02501,NPAUTPEB9V8H7BWSH,KF256R,Nissan,Sentra,2026,Used,Hybrid,Manual,Red,14419,1296000,3000
VEH-02502,ZFUM6CMT08L3HR2YB,KG219Q,Toyota,Yaris,2012,Used,Hybrid,Manual,Green,3723,1823000,1300
VEH-02503,GWWRS8GBGXNJLWV8T,KE633E,Ford,F-150,2024,Used,Diesel,CVT,Beige,4029,8204000,2000
VEH-02504,96YZA16C0HYF9UGPD,KG819F,Isuzu,D-Max,2014,Used,Petrol,Automatic,Blue,101075,806000,3000
VEH-02505,TE5UDDGRFV34SYDU6,KG583D,Volkswagen,Golf,2010,Used,Diesel,Automatic,Silver,9586,2471000,2400
VEH-02506,P9XBGYR4G172RFACS,,Isuzu,D-Max,2008,New,Petrol,Manual,Grey,0,8210000,1200
VEH-02507,T1MZFZA0TZ2AWJZ4K,KJ643F,Isuzu,MU-X,2019,Used,Petrol,CVT,Grey,17578,2535000,1500
VEH-02508,ZZ3WD0HK7S7FU3UAA,,Mazda,Mazda6,2022,New,Petrol,Manual,Beige,0,5175000,1800
VEH-02509,UPJ9HUJ2FMU899CE5,,Isuzu,MU-X,2012,New,Diesel,Manual,Green,0,4616000,2400
VEH-02510,T81FZGZNPRU3KRMYH,,Mazda,Mazda3,2019,New,Petrol,Automatic,Green,0,3404000,1000
VEH-02511,3PB3BB4MZMX2G7ZY6,KC936F,Mitsubishi,Outlander,2018,Used,Diesel,Manual,Blue,11566,2579000,2000
VEH-02512,J5W2CJHBDH30ZS9PX,,Mitsubishi,Pajero,2020,New,Diesel,CVT,White,0,9326000,1200
VEH-02513,Y98JCL7N2FERKBYR3,KJ402F,Mercedes-Benz,GLE,2010,Used,Diesel,Manual,Beige,19732,1770000,1200
VEH-02514,3VPR2JHKU64CS6WAT,KH806A,Volkswagen,Polo,2018,Used,Petrol,Manual,Red,3237,2368000,1200
VEH-02515,PFLJJC528FBHEPXVE,,Mercedes-Benz,E-Class,2025,New,Hybrid,CVT,Grey,0,8752000,3000
VEH-02516,PHV7H66A3FZFEANEJ,KH410X,Toyota,Prado,2023,Used,Petrol,Manual,White,32940,7390000,2400
VEH-02517,JZXX8W5FP0W446B9G,KC892Y,Nissan,Sentra,2024,Used,Petrol,CVT,Silver,3150,2220000,3000
VEH-02518,6HU0TLRB1NJX75UPG,,Mercedes-Benz,E-Class,2023,New,Diesel,Automatic,Red,0,7362000,1500
VEH-02519,26FRBXL22MHZ1JH6H,KG173N,Honda,Accord,2016,Used,Petrol,Automatic,Silver,72504,3033000,1500
VEH-02520,SZG0JKEAMEE9MPTU2,,Toyota,Prado,2025,New,Diesel,Manual,Beige,0,6812000,2400
VEH-02521,VSNYYXKB363AF0RS9,,Mitsubishi,Outlander,2015,New,Diesel,CVT,Red,0,7014000,1200
VEH-02522,AFGAZH59BABW4DVB8,KJ272D,Ford,Ranger,2008,Used,Diesel,Manual,Grey,11978,2121000,3000
VEH-02523,DT4RKBC3P15W76NHS,,Mercedes-Benz,C-Class,2018,New,Diesel,CVT,Black,0,3635000,2000
VEH-02524,71BVGEUSZ77LJXHJE,KE501M,Isuzu,MU-X,2013,Used,Petrol,Automatic,Silver,34944,1067000,1800
VEH-02525,4ADK2DBCYW11SB0AK,,Mercedes-Benz,GLC,2012,New,Hybrid,CVT,Grey,0,1399000,2000
VEH-02526,FHMKM829EH48ZYDCK,KD680X,Toyota,Land Cruiser,2008,Used,Hybrid,Manual,Red,95441,3301000,1500
VEH-02527,4E0NK4UDEVN3GNJXY,KB574V,BMW,3 Series,2019,Used,Diesel,CVT,Red,47354,2325000,1500
VEH-02528,01ML2NZCGA55N455E,KJ958N,Ford,F-150,2019,Used,Petrol,Manual,Blue,34260,1992000,1800
VEH-02529,TTWUN5UTKH4X716UM,KC427Y,BMW,X5,2009,Used,Diesel,CVT,White,17642,3733000,1800
VEH-02530,F9LV502H13C1CMEKT,KH446C,Subaru,Outback,2020,Used,Petrol,Manual,Black,18223,2680000,1300
VEH-02531,826DMFYKLTRN4V77J,,Isuzu,MU-X,2012,New,Petrol,CVT,Black,0,6130000,1200
VEH-02532,SZ6MYV7D8288BULD5,,Hyundai,Elantra,2025,New,Diesel,CVT,White,0,1354000,1500
VEH-02533,D9SS9JSGD7WY68SBG,,Toyota,Hilux,2011,New,Diesel,Automatic,White,0,5213000,2400
VEH-02534,XV2W0ZR8CV58Y0VDF,KE284P,Volkswagen,Passat,2025,Used,Diesel,CVT,White,49819,4852000,1000
VEH-02535,X6NKHCFAAJAZ2F9UF,,Honda,Fit,2011,New,Petrol,CVT,Green,0,8674000,1500
VEH-02536,ZPPJ4KY7DWC2N5XT9,KE229Y,Honda,Civic,2017,Used,Petrol,Manual,Grey,231277,1316000,1300
VEH-02537,F5MEX0T20DEBW56CZ,KE255W,Toyota,Corolla,2014,Used,Hybrid,Automatic,White,48790,552000,1300
VEH-02538,FFEDJG6W0LLLXK60Y,,Mazda,Mazda6,2023,New,Petrol,Automatic,Black,0,8717000,1800
VEH-02539,P5PWAAXBTSYP6R6HG,,Mercedes-Benz,C-Class,2014,New,Petrol,Manual,Blue,0,7861000,1800
VEH-02540,FE3M1G9KDVDRD1CUE,KG757C,Volkswagen,Golf,2016,Used,Electric,Automatic,Silver,36717,1513000,1500
VEH-02541,CGSS9WMMATYGA5LWH,KH388T,Ford,Ranger,2025,Used,Hybrid,CVT,Silver,59028,4026000,1000
VEH-02542,ST04A1YE6VC5B4F1K,KA479F,Subaru,Forester,2020,Used,Hybrid,Manual,White,28164,1547000,2400
VEH-02543,3VMG95TY22C934LVT,KC222I,Mitsubishi,Pajero,2023,Used,Petrol,Automatic,Silver,2791,1687000,3000
VEH-02544,L2WFRMV5279SFSRWY,KF739B,Honda,HR-V,2026,Used,Petrol,Manual,Blue,37179,3669000,1800
VEH-02545,N834M9SABRKSJVTLD,,Volkswagen,Golf,2022,New,Petrol,CVT,White,0,1672000,1500
VEH-02546,THWZV5ZX5N0NWZVBD,KA588H,Isuzu,D-Max,2010,Used,Diesel,Manual,Red,142254,2803000,1200
VEH-02547,6UBZC1TK2AY77PYVK,KH608W,Nissan,Altima,2023,Used,Electric,CVT,White,8673,2894000,1000
VEH-02548,MRU7W5CXC9BL4NWD3,KH692O,Honda,Accord,2025,Used,Diesel,Manual,Silver,52703,5332000,2400
VEH-02549,JNEZ14XXA1LAED004,,Subaru,Forester,2024,New,Diesel,Automatic,Green,0,6794000,2000
VEH-02550,7XAP68JEUCT74YHNE,KA330V,Honda,HR-V,2026,Used,Hybrid,Automatic,Blue,10094,7686000,3000
VEH-02551,DYDUG0H0U2S0A8REE,KA416I,Ford,F-150,2011,Used,Petrol,Automatic,Silver,34537,1725000,1000
VEH-02552,VXKZK3B7DU4WFP626,KD873Y,BMW,5 Series,2023,Used,Diesel,CVT,Green,4575,5076000,3000
VEH-02553,P1BF1W17THW8MNJSB,KJ603M,Nissan,Altima,2024,Used,Petrol,CVT,Grey,26933,3771000,2400
VEH-02554,GWUN77TSD51RG3KK0,KA189F,Mitsubishi,L200,2011,Used,Diesel,Manual,Black,63506,1682000,1800
VEH-02555,26JBMWFMLF6W1XANB,KA684M,Volkswagen,Jetta,2016,Used,Petrol,CVT,Grey,19217,968000,1500
VEH-02556,72GETTX0ZZ9E898VU,KF976D,Mercedes-Benz,C-Class,2021,Used,Petrol,CVT,Silver,49201,3540000,3000
VEH-02557,2254JCK2ZCGT41FXX,,Honda,Civic,2008,New,Diesel,CVT,Black,0,8286000,1000
VEH-02558,VCCUXCRZA2V9Y990F,,Mazda,Mazda6,2018,New,Petrol,Automatic,Black,0,6353000,1800
VEH-02559,2C3K672G7XRWC5BLA,KG996E,Volkswagen,Jetta,2017,Used,Diesel,Automatic,Black,71412,966000,2400
VEH-02560,BRPPXJX67ZNSNYXPF,KA825M,Subaru,Outback,2021,Used,Diesel,CVT,White,117888,2009000,1800
VEH-02561,1HHMAHNBFULBV9Z2C,KG628U,Honda,Fit,2019,Used,Diesel,CVT,Beige,12033,3969000,1500
VEH-02562,77JC7DBKM8SYJDATA,KJ179M,Honda,Fit,2015,Used,Petrol,Automatic,Black,22935,3278000,1200
VEH-02563,SF46Y3S2R5L026DFT,,Toyota,Yaris,2018,New,Hybrid,CVT,Red,0,7674000,1300
VEH-02564,E7A3LN7YGFWPDJ13E,KJ982V,Nissan,X-Trail,2017,Used,Diesel,Automatic,Red,7441,1142000,1300
VEH-02565,ZXUBZG5823TXVBMDS,KC659F,Mazda,Mazda6,2024,Used,Diesel,Manual,Beige,220079,7990000,1200
VEH-02566,X7Y7BPJ2C5BFB57F5,,Hyundai,Santa Fe,2015,New,Diesel,Automatic,Blue,0,4575000,3000
VEH-02567,T6T662P7AEMBDN7SY,KB320P,Ford,Fusion,2024,Used,Diesel,Manual,Black,117778,3355000,1800
VEH-02568,N5CJ3MUVPDZ41TZZ3,,Honda,CR-V,2023,New,Petrol,Automatic,Blue,0,6271000,1500
VEH-02569,32PT4LZ7N330MHNTS,,Nissan,Altima,2019,New,Diesel,Automatic,Red,0,3138000,1000
VEH-02570,AT5LA4VF7ZKPWF0KH,,Mazda,CX-3,2012,New,Petrol,Automatic,Red,0,2032000,3000
VEH-02571,N6MAFZB0SF7Z25UNV,,Ford,Ranger,2014,New,Petrol,CVT,Red,0,7438000,1000
VEH-02572,Y9HKAFH78DYBDCE8J,,Nissan,Altima,2021,New,Petrol,Automatic,Blue,0,5976000,2400
VEH-02573,8KT5Z693G6CAG7YP7,KG684B,Hyundai,i10,2024,Used,Petrol,Manual,Green,34939,2539000,1800
VEH-02574,631JECCPAXBMXBF23,,Mitsubishi,L200,2016,New,Petrol,Automatic,Black,0,7502000,3000
VEH-02575,L7J26PUVFUBCLJX5T,,Honda,Civic,2016,New,Petrol,CVT,Red,0,8169000,3000
VEH-02576,88DJT06RM2PZ48FMX,KA798A,Isuzu,D-Max,2018,Used,Electric,Manual,Green,83041,2074000,3000
VEH-02577,78E8R4UVGX766HMY4,KJ207Y,Mitsubishi,L200,2017,Used,Petrol,Manual,Black,33118,4126000,1300
VEH-02578,KW5CCJC5ADND026LP,KB158N,Honda,Fit,2008,Used,Petrol,Automatic,Green,43967,2844000,2400
VEH-02579,X4SDS8FUL8YU5BMEW,,BMW,3 Series,2013,New,Petrol,CVT,Green,0,5636000,1500
VEH-02580,LS0UX8L17ECY9WD7G,KA753K,Honda,HR-V,2019,Used,Petrol,Automatic,Silver,4200,3919000,2400
VEH-02581,3V6PR23BSF3D4ADJW,KG377V,Subaru,Outback,2021,Used,Petrol,CVT,Beige,63342,4280000,1000
VEH-02582,H5CM15BUAZSL7T19N,,Volkswagen,Jetta,2015,New,Diesel,CVT,Blue,0,1224000,1500
VEH-02583,B33EVYYJJRHGV8JFS,KB233Z,Ford,Focus,2011,Used,Petrol,Automatic,Red,6148,3768000,3000
VEH-02584,KVBNC0RJCJK1Y3HUK,,Volkswagen,Tiguan,2010,New,Petrol,Manual,Red,0,9080000,3000
VEH-02585,TEYSHB8H1BR6UF01X,,Subaru,Outback,2009,New,Diesel,Automatic,Grey,0,8266000,1500
VEH-02586,NV6LC4CB4MLDU7FPX,KD488Y,Ford,F-150,2018,Used,Petrol,CVT,Grey,78708,3679000,1800
VEH-02587,EB7VELNZZCGTNMPKB,KE953Q,Mitsubishi,L200,2020,Used,Hybrid,Automatic,Black,68552,2548000,1300
VEH-02588,A26P7J0198R7RACHL,KC289A,Subaru,Outback,2010,Used,Petrol,Manual,Red,55509,2271000,3000
VEH-02589,R53W4NJ30E6WL234J,KA196U,Hyundai,Elantra,2015,Used,Hybrid,CVT,Blue,1657,2646000,1300
VEH-02590,E63MD8JHUKHBBLBRK,KH546T,Hyundai,i10,2015,Used,Petrol,Manual,Grey,16251,3486000,2000
VEH-02591,994ZSTSCRXWT3C40U,KD932H,Subaru,Forester,2010,Used,Petrol,Manual,Green,13739,2183000,2000
VEH-02592,M0A677RRYSYB3UV24,,Mazda,Mazda6,2020,New,Petrol,Manual,Beige,0,4185000,1300
VEH-02593,VHZDTRJKNZY2A6AML,KD240T,Isuzu,MU-X,2025,Used,Petrol,CVT,Red,20092,5831000,1000
VEH-02594,TL2RJYFW65FAJN5DG,KJ372Q,Subaru,Impreza,2018,Used,Diesel,Manual,White,4127,1403000,1800
VEH-02595,R19B5GM1XWGGCHZXF,,Honda,HR-V,2016,New,Diesel,Manual,White,0,9407000,1300
VEH-02596,H72Y4XHECR5E46R5S,,Isuzu,D-Max,2025,New,Diesel,Automatic,Green,0,3507000,1200
VEH-02597,YV0SPLYXTFPNS7BAE,KB197T,Toyota,Hilux,2012,Used,Petrol,Manual,Red,124377,2050000,1500
VEH-02598,2YKY4M0N4E67RZ589,KD282Y,Hyundai,Tucson,2018,Used,Petrol,Manual,Grey,36314,2624000,3000
VEH-02599,TG2KVAAKHKN74T034,,Ford,Focus,2014,New,Petrol,Automatic,Silver,0,6843000,3000
VEH-02600,RZJ73JH497EVEZVLV,,Ford,Explorer,2015,New,Diesel,CVT,Beige,0,5123000,2000
VEH-02601,T26122JDHAT23RBEM,KB503S,Subaru,Forester,2019,Used,Petrol,Manual,Silver,16406,3378000,1800
VEH-02602,L56NYM0AYTYK1C61W,KB972Y,Mitsubishi,Pajero,2020,Used,Petrol,CVT,Grey,22761,3885000,1800
VEH-02603,WY9K2KKRZWLRBS3JK,KF624O,Mitsubishi,L200,2018,Used,Petrol,CVT,Black,26674,4137000,2000
VEH-02604,WCUN9W7TC0M4ZXLCU,,Isuzu,D-Max,2013,New,Petrol,CVT,Black,0,7329000,2000
VEH-02605,B1ZR2WUA0NTTFV1W9,KE234Y,BMW,X3,2025,Used,Diesel,Automatic,Beige,41299,1364000,1800
VEH-02606,CMLGYXHTWL77Z7EJB,,BMW,X3,2013,New,Petrol,Automatic,Silver,0,7825000,2400
VEH-02607,2S198LX6T8S8NY5LM,KH469W,Volkswagen,Polo,2019,Used,Petrol,CVT,Silver,32625,3808000,1200
VEH-02608,T4PMF70U9MBVGR3E4,,Mercedes-Benz,C-Class,2016,New,Hybrid,Automatic,Silver,0,3552000,2400
VEH-02609,DSH6KN1J0ZV4LMRC8,,Toyota,Camry,2016,New,Petrol,Manual,Grey,0,7123000,2000
VEH-02610,1N0DB49ETYFDDBC8T,,Mitsubishi,Pajero,2008,New,Hybrid,Automatic,White,0,7041000,1800
VEH-02611,FBFZEXTMPTUZTENDN,,Subaru,Outback,2020,New,Petrol,Automatic,Beige,0,6590000,2400
VEH-02612,UZGADBZJWMMJ51GZ9,,Toyota,RAV4,2009,New,Hybrid,CVT,Grey,0,2120000,1800
VEH-02613,KKTWRF0ZWCP21PYNN,KD288N,Mitsubishi,Pajero,2023,Used,Petrol,CVT,Black,113317,6729000,1300
VEH-02614,2N0ENYTLN67RM2KTK,KC406A,Subaru,Forester,2024,Used,Diesel,Automatic,Black,30919,7411000,2400
VEH-02615,FZ2SY3BGR7LKF86D7,,Mercedes-Benz,E-Class,2014,New,Petrol,Manual,Silver,0,3425000,1000
VEH-02616,A1XAJE75RZJYPGXUE,KJ433V,Mitsubishi,Pajero,2024,Used,Electric,CVT,Red,218171,2232000,1000
VEH-02617,1FSWTNVPXCC75VAFD,,Volkswagen,Golf,2012,New,Petrol,CVT,Grey,0,3105000,1000
VEH-02618,ET3FCV3XX3TGAASEZ,,Volkswagen,Golf,2020,New,Petrol,Manual,Red,0,7212000,1500
VEH-02619,TGX4CNGW49CYD42EJ,KD336Z,Toyota,Prado,2021,Used,Petrol,Automatic,Green,85799,5909000,1200
VEH-02620,M7Y3X66Z1SBVMMNJ1,KG288L,Volkswagen,Polo,2014,Used,Petrol,Automatic,Blue,10522,862000,1000
VEH-02621,H70N7S6DE7VAYJSVA,KF365E,Isuzu,D-Max,2014,Used,Petrol,Manual,Black,120050,2406000,3000
VEH-02622,TF7X0ZZV6TF2TFNA5,KD180X,Isuzu,D-Max,2012,Used,Petrol,Manual,Red,5567,3517000,1800
VEH-02623,HND982WGEMVGH9WXH,KB446T,Mercedes-Benz,E-Class,2021,Used,Diesel,CVT,Black,76532,2710000,1000
VEH-02624,BS2SETD1WVTAUVB7H,KJ955U,Mazda,Mazda3,2025,Used,Diesel,Manual,Grey,21556,3771000,1300
VEH-02625,AHK859P4R3T7WZ43R,,Toyota,Camry,2020,New,Petrol,Manual,Black,0,4516000,1000
VEH-02626,R1Y1T3J5ATVCWJFLZ,KC161F,Ford,Fusion,2010,Used,Petrol,Manual,White,94658,1289000,1800
VEH-02627,L2D7KADC5T36ECSJL,KF878V,Subaru,Outback,2023,Used,Electric,CVT,Silver,91142,1218000,1500
VEH-02628,MUXEVN4GVJU5PTKPY,KJ446I,Hyundai,Santa Fe,2014,Used,Diesel,Manual,Grey,73778,2087000,1000
VEH-02629,SXKN75CL4RPVEG2DT,KB385M,Honda,Fit,2011,Used,Hybrid,Automatic,Grey,70235,3682000,1000
VEH-02630,RBDJYA24NYYVZE2KK,,Honda,CR-V,2023,New,Hybrid,CVT,Grey,0,4179000,1300
VEH-02631,JBT6E9SZSKP009GM4,,Nissan,X-Trail,2008,New,Petrol,Manual,Beige,0,3974000,1800
VEH-02632,D721S7FCE22W7K4C5,KG358R,Honda,CR-V,2008,Used,Petrol,CVT,Silver,16352,1717000,1000
VEH-02633,MA22NUG6ZS6GBTGD9,KE928Q,BMW,X3,2012,Used,Petrol,CVT,Green,3797,2153000,3000
VEH-02634,DUSM5S9YLGD3KZC4Y,KE572X,Nissan,X-Trail,2011,Used,Petrol,Automatic,White,23211,969000,1200
VEH-02635,NXDJF7HEVBRT99JLH,,Mazda,Mazda6,2019,New,Petrol,Manual,Silver,0,2077000,1200
VEH-02636,TW6HL7X9BW0J2KMNT,KD409I,Volkswagen,Passat,2025,Used,Petrol,CVT,White,8576,5348000,1200
VEH-02637,CRADC23WV1BJ7N7RA,KG668F,Subaru,Forester,2008,Used,Hybrid,Manual,Beige,53427,1706000,1800
VEH-02638,5VJNE9LSEUL0LKKWT,KH802T,Mitsubishi,Outlander,2020,Used,Petrol,CVT,Beige,19116,4626000,1000
VEH-02639,042ZZE71423TG6LAJ,KA838S,Toyota,RAV4,2020,Used,Electric,CVT,Black,167111,1086000,3000
VEH-02640,L9X0AF05JAWL3DTGH,KH101J,Mitsubishi,Outlander,2020,Used,Diesel,CVT,Grey,46095,1996000,2000
VEH-02641,HC3HT3YT6LR33MYPJ,KH826Z,Hyundai,Tucson,2013,Used,Diesel,Automatic,Red,77790,638000,1300
VEH-02642,C446PJW0V75N72ZK9,,Mazda,CX-3,2012,New,Diesel,Manual,Red,0,5062000,1500
VEH-02643,KX020DAAXUSYNZMXL,KB305P,BMW,X3,2016,Used,Petrol,Manual,Green,6397,664000,2400
VEH-02644,GSAWTHD91X4XTTDV3,,Hyundai,Santa Fe,2024,New,Petrol,Automatic,White,0,5646000,1000
VEH-02645,D37HC7UBJ7UEMNPGU,KC876J,Ford,F-150,2020,Used,Petrol,CVT,Silver,89127,4694000,3000
VEH-02646,6BL3BUB9VYYSGAEZM,KJ608S,Mitsubishi,Outlander,2022,Used,Petrol,Manual,Silver,115236,2761000,1000
VEH-02647,23JHMRA6M22JZFGRP,KE297Y,Mazda,Mazda3,2008,Used,Petrol,Manual,Green,30042,3093000,1500
VEH-02648,WVP1RBTMJ1DTRWYXA,,Ford,Focus,2018,New,Diesel,Automatic,Black,0,7092000,1300
VEH-02649,GBGMZKAY7GT7J15PK,,Mazda,CX-3,2023,New,Hybrid,Manual,Red,0,4767000,1800
VEH-02650,VD15Z4RMZSH1AFYSL,KH810E,Isuzu,MU-X,2011,Used,Diesel,Automatic,White,41942,2425000,2400
VEH-02651,0TS5VECJ8RH0G6Y19,KA121B,Subaru,Forester,2014,Used,Diesel,CVT,Red,65131,3511000,1800
VEH-02652,BGPASRNJ8BFNM3FAJ,,Toyota,Land Cruiser,2023,New,Petrol,Automatic,Green,0,4175000,1200
VEH-02653,EHT2GSEDTXYVZ60LH,,Mitsubishi,L200,2009,New,Electric,CVT,Beige,0,5481000,1300
VEH-02654,P4UVBKC8W4L85WYHC,KE819U,Isuzu,D-Max,2016,Used,Diesel,Automatic,Green,8647,3249000,2400
VEH-02655,59A183MPPMGECDZZ8,KG356V,Volkswagen,Golf,2017,Used,Petrol,CVT,White,31423,2693000,3000
VEH-02656,TAVHF9FEX8E5MEJ4L,,Mercedes-Benz,C-Class,2023,New,Petrol,CVT,Black,0,5096000,1500
VEH-02657,RWTBLWSTEHAS64W8R,KD563Q,Ford,Fusion,2018,Used,Diesel,Automatic,Red,22886,1019000,3000
VEH-02658,ZDK0Z08X3G1W12U4B,KF130Y,Isuzu,MU-X,2022,Used,Petrol,Manual,Red,7121,3678000,2400
VEH-02659,LUY3BX64W2JZX9M6T,KC856N,Isuzu,MU-X,2014,Used,Diesel,Manual,White,20615,2818000,2000
VEH-02660,E5GA28LYUJMUG82AW,KA739D,Hyundai,Tucson,2019,Used,Petrol,Manual,Beige,3177,2850000,3000
VEH-02661,SBKH23Z6ZE46NZTC0,KH514T,Ford,Ranger,2012,Used,Diesel,CVT,Red,1176,2176000,1500
VEH-02662,AWRCFZVZ678NLW5MK,,Subaru,Forester,2012,New,Petrol,CVT,Red,0,7563000,1300
VEH-02663,7C9NWSV0G713DEFZF,KJ717X,Honda,CR-V,2021,Used,Petrol,Automatic,Black,6534,1293000,2000
VEH-02664,PAMNXG1N8C71Y1M8S,KE695D,Hyundai,Santa Fe,2016,Used,Petrol,Manual,Grey,148497,3014000,1300
VEH-02665,FPVUAC690PS7SVHST,,Mazda,Mazda6,2020,New,Petrol,Manual,Silver,0,1461000,3000
VEH-02666,6EWDTX2JNF2FUPBDD,,Honda,CR-V,2010,New,Petrol,Automatic,Black,0,9171000,2400
VEH-02667,XPUFUHGC9JUKT0DEA,KD198J,Isuzu,MU-X,2016,Used,Petrol,Automatic,White,35885,2010000,2400
VEH-02668,HPRKD36KXM5SMJ3RZ,KF421M,Honda,Fit,2017,Used,Petrol,Automatic,Silver,151928,2537000,1500
VEH-02669,D6W503AU8D3GEUBJC,KF729B,Volkswagen,Jetta,2026,Used,Petrol,Manual,Green,25492,3884000,3000
VEH-02670,N40VNDT5BT7TGFWC4,,Honda,CR-V,2010,New,Diesel,CVT,Silver,0,8420000,3000
VEH-02671,8EH2W8UMXWU117FBM,,Subaru,Outback,2017,New,Diesel,Automatic,Red,0,6629000,2000
VEH-02672,4S0HM1URXME610MGP,KJ417Q,Toyota,Camry,2011,Used,Petrol,CVT,Silver,16816,1274000,1800
VEH-02673,YDYC1MHWUB2MX8YKG,KC249S,Honda,Civic,2016,Used,Diesel,Manual,White,31747,535000,3000
VEH-02674,J2BV7UPKB85E6GR00,,Nissan,X-Trail,2014,New,Petrol,Automatic,Silver,0,6272000,1300
VEH-02675,F3WDWC6NKCHTNCYBC,KF665U,Ford,Explorer,2026,Used,Diesel,CVT,Black,26052,5578000,1200
VEH-02676,Y8JYCMNGMLNGAGTML,,Nissan,Note,2015,New,Petrol,CVT,Black,0,7851000,1200
VEH-02677,WKBEE5ZX72TAT6SJC,KE457J,Ford,F-150,2017,Used,Diesel,CVT,Red,5025,3304000,2400
VEH-02678,RS2GC1UN6GRN6ZGFB,KE422C,Ford,Ranger,2019,Used,Diesel,Automatic,Red,46077,5420000,1200
VEH-02679,2EHZ77BDFSCW75EZR,KC362E,Mazda,Mazda3,2023,Used,Petrol,Manual,Blue,10952,4710000,1800
VEH-02680,FE1B2HAA99HE5YK6K,KF203G,Mitsubishi,Outlander,2009,Used,Diesel,Automatic,Blue,43492,885000,3000
VEH-02681,UBSFLFV4LH80UFG43,,Toyota,RAV4,2018,New,Petrol,Manual,Red,0,8866000,1500
VEH-02682,2HFBT091NPK9BTSRY,KB328U,Isuzu,D-Max,2024,Used,Diesel,CVT,Blue,47267,2407000,3000
VEH-02683,3T6GZ94ZTF58966HY,,Isuzu,D-Max,2017,New,Petrol,CVT,Beige,0,8092000,1500
VEH-02684,MRYP2H35AGWXW2R5E,KB568Y,BMW,3 Series,2015,Used,Petrol,CVT,Black,7420,2277000,1000
VEH-02685,R8F8PEF38UP1SGHCD,,Mazda,CX-5,2018,New,Diesel,CVT,Green,0,2069000,2400
VEH-02686,93CGU7UTU4TSCAWBW,,Toyota,Hilux,2013,New,Electric,CVT,Silver,0,2994000,1000
VEH-02687,HNN7ELYCPXMY3XAA3,KG542O,BMW,X5,2013,Used,Diesel,CVT,White,2849,2095000,1300
VEH-02688,X32762G0650PSYMPM,KH817H,BMW,5 Series,2015,Used,Diesel,Automatic,Beige,68291,2478000,1800
VEH-02689,0F7JDJW9WZ3C01598,KG290D,Nissan,X-Trail,2015,Used,Petrol,Manual,Beige,27711,2050000,2000
VEH-02690,1BT5YGKTCF8WNK8C9,KA330Q,Subaru,Forester,2017,Used,Hybrid,Manual,Silver,2696,2297000,1200
VEH-02691,PGBVHVWWXFTL7HX2H,KJ313T,Subaru,Impreza,2016,Used,Hybrid,Manual,Green,237236,1453000,1800
VEH-02692,GHEHAXLV10C5GB3LF,,Toyota,Corolla,2018,New,Diesel,Automatic,Black,0,4430000,1300
VEH-02693,8M0KVPZ321MW0HG5K,KD227U,Nissan,X-Trail,2012,Used,Petrol,Automatic,Grey,2678,3399000,1800
VEH-02694,JSG3X8B5FYDCD20JH,KG881L,BMW,X5,2019,Used,Petrol,CVT,Blue,53440,3790000,1500
VEH-02695,YRWX7VSXDS9YKB03J,,Volkswagen,Polo,2012,New,Petrol,Automatic,Red,0,2101000,1200
VEH-02696,L9NBVRYVVCV54JT9M,KD180M,Isuzu,MU-X,2023,Used,Petrol,Automatic,Beige,185188,7715000,1000
VEH-02697,NC2B3EX6ERHPPPZAV,KE519D,Hyundai,i10,2026,Used,Diesel,Automatic,Red,12301,7274000,1800
VEH-02698,2LWU9YUDMA6YL60MP,KC319A,Mazda,Mazda3,2011,Used,Petrol,Automatic,Blue,6904,2113000,1800
VEH-02699,HL25WZTS660U2T889,KB539S,Volkswagen,Polo,2017,Used,Petrol,CVT,Red,5823,2802000,3000
VEH-02700,KA10M9Z32P02STVVV,KD827N,Mitsubishi,Pajero,2012,Used,Diesel,Automatic,Green,16261,2460000,1200
VEH-02701,AH5DHBB835LC2E74L,,BMW,X5,2013,New,Electric,Manual,White,0,6545000,1500
VEH-02702,K3HM6PZ3LUV37ASWZ,,BMW,5 Series,2012,New,Petrol,Manual,Red,0,2552000,2000
VEH-02703,N8ZD539SADYDVT468,KE694Y,Mazda,Mazda6,2016,Used,Diesel,Automatic,Black,4793,966000,2000
VEH-02704,EN4062BYY8F3TECDT,KF138Y,Mercedes-Benz,GLC,2024,Used,Electric,Automatic,Beige,53018,4801000,1500
VEH-02705,LESXUPSY5F940VV0U,KA660W,Honda,Accord,2013,Used,Hybrid,CVT,Beige,2894,777000,1000
VEH-02706,M7W1SYUHXT0W3V3GD,,BMW,X3,2023,New,Petrol,Manual,Green,0,1652000,1000
VEH-02707,WLADUHPEC45JZE4JL,KB874A,Isuzu,MU-X,2015,Used,Diesel,CVT,Beige,32047,2259000,2000
VEH-02708,7793FBS2ZWFNE7Z0T,KH907K,Isuzu,MU-X,2008,Used,Petrol,Manual,Green,257079,3107000,1200
VEH-02709,H7CZRBXK3MKHU6C6N,KG417K,Isuzu,MU-X,2009,Used,Petrol,Automatic,Red,75683,2687000,2400
VEH-02710,U8ZW7873P6K6AT06E,,Subaru,Impreza,2016,New,Diesel,CVT,Silver,0,3091000,1800
VEH-02711,GH58XYLXYC8K6BU85,KA114Y,Mercedes-Benz,GLE,2017,Used,Diesel,Automatic,Beige,42978,3987000,1800
VEH-02712,9BYD15Z1EU5BM1K50,KA767W,BMW,3 Series,2026,Used,Diesel,CVT,Beige,16454,9191000,1000
VEH-02713,28XFA52PYDZVSMF5S,KA551R,Mitsubishi,L200,2023,Used,Petrol,Automatic,Blue,44005,6547000,1800
VEH-02714,0DEVP20LWABXGN8LC,,BMW,5 Series,2019,New,Petrol,Automatic,Blue,0,2302000,1200
VEH-02715,DZ0LBR8EGYUSWDRF7,KE109E,Mazda,Mazda3,2015,Used,Diesel,Manual,Red,33693,3165000,2400
VEH-02716,MVDBP39P6SBG9UVEM,KJ297V,Mercedes-Benz,GLE,2026,Used,Petrol,Manual,Black,24987,4338000,3000
VEH-02717,A5VNNGP5JG8847MT3,KG618F,Toyota,RAV4,2022,Used,Petrol,Manual,Blue,6303,1180000,3000
VEH-02718,R9XWWVUP5MYBSTHAH,KF275G,Toyota,Hilux,2012,Used,Hybrid,CVT,Black,97959,1425000,2400
VEH-02719,BVJ7V5W0UG23CZWSV,KB240H,Ford,Ranger,2023,Used,Petrol,CVT,Red,26885,7179000,2000
VEH-02720,5WZ4UXT1K6L9Y9XD5,,Volkswagen,Passat,2019,New,Petrol,CVT,Beige,0,8635000,1300
VEH-02721,SEGCH0GD8KL6U6TYD,,Nissan,Altima,2018,New,Petrol,Automatic,Beige,0,3312000,1500
VEH-02722,8NL2FBSW5CKSN94PN,,Mitsubishi,Outlander,2014,New,Petrol,Automatic,Beige,0,8713000,1000
VEH-02723,W7X105SNRPVCKVMJC,,Honda,Accord,2021,New,Petrol,Automatic,Black,0,3367000,1500
VEH-02724,8TCLH1P8P4ZYGF35V,KJ568I,Ford,Ranger,2011,Used,Petrol,Automatic,Grey,9739,3149000,2000
VEH-02725,5K60CEGWGW96MUEV5,,Honda,Fit,2010,New,Petrol,CVT,Blue,0,7525000,2400
VEH-02726,8MWY7CR4VWC1VZVX8,,Volkswagen,Tiguan,2024,New,Petrol,Manual,White,0,4697000,1500
VEH-02727,ZH93G9MSNWMJB7L4F,KH767K,Mitsubishi,L200,2008,Used,Petrol,CVT,Blue,20631,1065000,1800
VEH-02728,02Z46XV00MUXZP3U9,KE705C,Hyundai,Santa Fe,2020,Used,Hybrid,Automatic,Black,24059,1368000,2400
VEH-02729,4HZW18MHUTEJ014BW,,Mercedes-Benz,GLE,2008,New,Petrol,Automatic,Blue,0,4176000,1300
VEH-02730,Z4FZ8S6TK0MJYYE48,KE682U,Ford,Focus,2025,Used,Diesel,Manual,Red,79090,2685000,3000
VEH-02731,UB6PK4WJMN3XTJT76,KJ731O,Volkswagen,Tiguan,2026,Used,Diesel,Manual,Red,59526,2568000,3000
VEH-02732,PLJVMHJR53RA4BYBN,KG456U,Subaru,Outback,2009,Used,Petrol,Manual,Beige,65999,1938000,1300
VEH-02733,TC0ET2JDEHHAFVRAV,KH591K,Subaru,Impreza,2021,Used,Electric,Automatic,Beige,499,5823000,1500
VEH-02734,9FZ7ML2FBRPFH0YLF,KJ147Y,Mazda,CX-3,2017,Used,Petrol,Manual,Beige,24215,1486000,2400
VEH-02735,T5LZGA16NE37SYN4B,KA915Z,Subaru,Forester,2020,Used,Diesel,Manual,Silver,29543,4147000,3000
VEH-02736,PLCELVSW57J8B4CW7,KA510J,Volkswagen,Golf,2015,Used,Petrol,Automatic,Beige,872,3048000,3000
VEH-02737,YS3F24BMHVF5N1Z6D,,Mitsubishi,L200,2017,New,Diesel,CVT,Green,0,5017000,3000
VEH-02738,UPW5RJV1EGES4DSWM,,Mitsubishi,L200,2022,New,Petrol,CVT,Green,0,1449000,1000
VEH-02739,MF5RXW711SNJ7BT84,KB123W,Isuzu,D-Max,2008,Used,Petrol,Automatic,Red,13538,1523000,1300
VEH-02740,R0A60Z0G2ZRZV51D9,KG587S,BMW,X3,2019,Used,Petrol,CVT,White,64274,1393000,2400
VEH-02741,ZWPF2G95CSV5SBZFG,KJ544I,Mercedes-Benz,GLC,2022,Used,Petrol,Manual,Blue,6636,3078000,3000
VEH-02742,GUUU8PJFNVCPMM5HF,KH318C,Nissan,Navara,2010,Used,Petrol,Manual,Black,34487,2398000,2000
VEH-02743,Y1E4DLDNW6KCFVZVC,KA613T,Subaru,Impreza,2016,Used,Petrol,Manual,Beige,10904,1843000,1200
VEH-02744,JUGH84XSKPTEWVDH7,KH726M,Honda,CR-V,2024,Used,Petrol,Automatic,Beige,548,7023000,1300
VEH-02745,YZG17E1N3HSAX7Z7R,,Nissan,X-Trail,2023,New,Petrol,Automatic,Green,0,7018000,1200
VEH-02746,TW4MG982RE5TDYK54,,Volkswagen,Golf,2025,New,Diesel,CVT,Blue,0,3645000,1500
VEH-02747,NE0G7PW70TT6RBCKT,,Subaru,Outback,2023,New,Petrol,Manual,Black,0,3007000,1000
VEH-02748,HCWRXY4MT98ZPNG7E,KC307P,Volkswagen,Jetta,2015,Used,Petrol,Manual,Beige,12420,1202000,1500
VEH-02749,PDXZUVJ9HV2R044ML,KJ254O,Honda,Accord,2009,Used,Petrol,CVT,Red,167600,1919000,1800
VEH-02750,V64DT287FXTYXL8WW,KH252D,Mercedes-Benz,C-Class,2021,Used,Hybrid,CVT,Red,72771,2470000,2400
VEH-02751,TZTYT66YB4TJ236X1,,Volkswagen,Passat,2018,New,Diesel,Automatic,Grey,0,8469000,1200
VEH-02752,ZM820ANYJWPM6N0MS,KB835Y,Volkswagen,Passat,2011,Used,Diesel,Manual,Beige,144375,997000,2000
VEH-02753,J2ZT9RDWUKAV2AYW6,KC845V,Volkswagen,Jetta,2024,Used,Diesel,Manual,White,30111,4491000,3000
VEH-02754,X9AD8WXGUFFMVM1A2,KJ175Z,Subaru,Forester,2015,Used,Petrol,Manual,Grey,5230,1797000,1500
VEH-02755,Z2YT3SNGB74MUU8AB,KA386V,Mercedes-Benz,E-Class,2025,Used,Petrol,CVT,Grey,35729,3641000,2000
VEH-02756,SM011HGS0WPBEUZPZ,KB458E,Ford,Explorer,2011,Used,Petrol,Manual,Black,27262,664000,1300
VEH-02757,EW2YS7JJ0L6PCE44R,,Mitsubishi,Pajero,2016,New,Diesel,Manual,Silver,0,2159000,1200
VEH-02758,U24PZWESRN9HNPE0D,KC321O,Mitsubishi,L200,2015,Used,Hybrid,CVT,Silver,83708,1642000,1200
VEH-02759,8T0MTJKJY4AJJ0U14,,Nissan,Sentra,2009,New,Petrol,Automatic,Black,0,7587000,1200
VEH-02760,J51MUVFKPH7FCXJB5,KB606E,Mazda,CX-5,2023,Used,Diesel,Manual,Green,4645,2064000,1500
VEH-02761,ZD5YSRH6NRDH5BR97,KD134E,Isuzu,D-Max,2026,Used,Electric,Manual,White,30145,8798000,2400
VEH-02762,6W89XT7UNZPENJMPY,KC637E,Hyundai,Tucson,2013,Used,Petrol,Manual,Beige,7315,1996000,3000
VEH-02763,W79G0JVS044SXVYBN,KG487Y,BMW,5 Series,2021,Used,Petrol,Automatic,Red,17665,5248000,1000
VEH-02764,GNFGVC5B89VM47K6N,KG154G,BMW,X3,2020,Used,Petrol,CVT,Silver,60163,3019000,1500
VEH-02765,N8CW6GYM7YSSBEGN6,,Isuzu,D-Max,2012,New,Hybrid,Manual,White,0,3911000,1800
VEH-02766,P121C5YJSUWM2HN26,KD922Y,Ford,Explorer,2016,Used,Diesel,Manual,Silver,29083,3248000,1200
VEH-02767,N9DVWRJ64A014UFSW,,Honda,HR-V,2011,New,Diesel,CVT,Silver,0,8764000,1300
VEH-02768,A208C8FFX6G19WW07,KA863Q,Subaru,Forester,2025,Used,Petrol,Automatic,Grey,21214,7221000,1300
VEH-02769,N3777DU2XWE6SPLWM,KD373Y,BMW,X5,2022,Used,Diesel,Automatic,Red,22574,3186000,3000
VEH-02770,XMVMMM4EFCVK99A4Y,,Nissan,Note,2018,New,Petrol,CVT,Red,0,2103000,3000
VEH-02771,E92TE48VMMKWSRJJU,KE202X,Honda,Fit,2010,Used,Petrol,Automatic,Silver,27682,3627000,1500
VEH-02772,9PWKN7MSHEKZ9EUFP,,Toyota,Land Cruiser,2020,New,Diesel,Automatic,Green,0,2371000,1500
VEH-02773,S68F97KSJNY8UM995,KE703V,BMW,X5,2024,Used,Diesel,CVT,Blue,69173,4949000,3000
VEH-02774,SJUGZWF4P69HTYY5P,KB372G,Hyundai,i10,2013,Used,Petrol,Automatic,Red,100188,2304000,1500
VEH-02775,ZKXZW8XDFFLKRJX9W,KD906C,BMW,X5,2024,Used,Diesel,Manual,Green,139885,7972000,1800
VEH-02776,49FCJKJXT3S5EDEVC,KH291X,Subaru,Outback,2013,Used,Hybrid,Manual,White,69570,2402000,1200
VEH-02777,E8XA2J1M8N91J407E,KH211I,Toyota,Camry,2013,Used,Petrol,Automatic,Beige,17051,2286000,1500
VEH-02778,BTR892DD2N1NGCAVY,KJ300W,Subaru,Outback,2021,Used,Diesel,Automatic,Grey,52433,2841000,2000
VEH-02779,KG02AJJK44GHR4W30,KH225V,Ford,Ranger,2014,Used,Petrol,CVT,Red,25899,2092000,1200
VEH-02780,LMWRWJSDSY0236MMD,,Isuzu,D-Max,2021,New,Petrol,Automatic,Blue,0,2912000,2000
VEH-02781,WZW8LNFXU9GKVGD39,KJ395Z,BMW,3 Series,2013,Used,Petrol,Manual,Beige,13226,2356000,2000
VEH-02782,VHX2R7U26V6ZEDVNR,KC549D,Subaru,Impreza,2021,Used,Petrol,Automatic,White,82711,2685000,1200
VEH-02783,1B4NSCGY8Y7FUCNJG,KA814Y,Nissan,Navara,2015,Used,Petrol,CVT,White,1763,3010000,1500
VEH-02784,5N2NYY3MVJ3G24LAP,,Mitsubishi,L200,2020,New,Hybrid,Manual,Silver,0,2909000,1300
VEH-02785,EE50WWMBMJZ6M0EX1,,Mazda,Mazda3,2021,New,Diesel,CVT,Green,0,9016000,3000
VEH-02786,MT962S364HYYZ8F3S,,Subaru,Outback,2017,New,Hybrid,CVT,Black,0,1296000,1800
VEH-02787,4BD3128L26YR894LB,KH702D,Toyota,Yaris,2013,Used,Petrol,CVT,Beige,104416,1945000,1000
VEH-02788,HFR9FH77FLVGC8NKM,,Mazda,Mazda6,2011,New,Electric,Automatic,Red,0,9226000,1300
VEH-02789,AT3GS744B15DS5TDC,,Toyota,Yaris,2011,New,Petrol,Automatic,Green,0,2637000,1000
VEH-02790,D2FENYS24FJ1FRH9B,,Mercedes-Benz,E-Class,2025,New,Electric,CVT,Grey,0,8140000,1000
VEH-02791,C9CAUUYE5RX2A5RUT,KD291K,Mercedes-Benz,GLC,2025,Used,Petrol,Automatic,Red,27851,7076000,1500
VEH-02792,82MZ5LTYWEAFTLLR7,KF393J,Honda,Fit,2013,Used,Hybrid,Manual,Green,45625,923000,1200
VEH-02793,CFJW8GY3TEWN9W4DG,KA441Q,Mercedes-Benz,C-Class,2023,Used,Petrol,Automatic,Blue,48461,2293000,2000
VEH-02794,XPK8YPGAWKSAVBCNH,KJ273D,Mercedes-Benz,C-Class,2016,Used,Petrol,Automatic,Beige,101471,3019000,1500
VEH-02795,EPSM48KLMMEPCHKLS,KE107J,Volkswagen,Jetta,2009,Used,Hybrid,CVT,Silver,45559,1594000,3000
VEH-02796,GVU9Z6VJC2PRG944K,KJ660B,Honda,Civic,2009,Used,Diesel,Manual,Silver,42828,3122000,2000
VEH-02797,H6760WN4AKZEKM49S,,Mitsubishi,Outlander,2009,New,Petrol,Automatic,Blue,0,9255000,2000
VEH-02798,L6TPDZNVGYG3ZLUSP,KE832V,Ford,F-150,2015,Used,Petrol,Manual,Green,3103,742000,1500
VEH-02799,E58RT0TY10EPS9KUG,KE866W,Ford,Fusion,2018,Used,Petrol,Automatic,Beige,32879,1603000,1800
VEH-02800,U2H2BS4ZD5GB1CH2Y,KC965Y,Ford,Ranger,2018,Used,Diesel,Manual,Grey,7322,3249000,1800
VEH-02801,AJ4HW73RWX0V1A61L,KJ832Q,Hyundai,Tucson,2011,Used,Petrol,Manual,Black,60176,2540000,3000
VEH-02802,JPJAMZBVT8FEBBG6V,KC799W,Nissan,Altima,2012,Used,Petrol,Automatic,Blue,32305,969000,2400
VEH-02803,LJPYM6L224Z3V66M4,KJ544H,Isuzu,MU-X,2019,Used,Petrol,Automatic,Black,51306,3779000,1500
VEH-02804,NAUD7BXT45F9ZPW0U,KJ109F,Ford,F-150,2018,Used,Petrol,Manual,Beige,1915,776000,1800
VEH-02805,J6HLAJD4932UHZ6GV,KC386T,Volkswagen,Tiguan,2010,Used,Diesel,Automatic,Beige,3987,3366000,1500
VEH-02806,RAHNYNZ5UNXFMSWRN,KF757Y,BMW,5 Series,2018,Used,Petrol,Manual,Silver,56696,2584000,3000
VEH-02807,DEK88H42F2BBFZW7X,KF259R,Mercedes-Benz,E-Class,2016,Used,Petrol,Manual,Beige,3366,3212000,3000
VEH-02808,L00ES0MEMWP9GX6SB,,Honda,HR-V,2024,New,Diesel,Automatic,Grey,0,5644000,1500
VEH-02809,53DAVBC4ZYBYAGTYJ,KE375B,Isuzu,D-Max,2010,Used,Petrol,CVT,White,3326,3339000,1300
VEH-02810,KKEY8SYJCSFH1RD80,,Honda,Fit,2022,New,Diesel,CVT,Beige,0,5035000,1000
VEH-02811,GVVS72NX3671CP605,KE900X,Nissan,Sentra,2018,Used,Petrol,CVT,Blue,548,3273000,3000
VEH-02812,VJRXPD32A0R88J2WB,KF599H,Hyundai,Tucson,2026,Used,Diesel,Automatic,Red,141076,3374000,1300
VEH-02813,Y1L8SPTNL3E6UN3M4,,Volkswagen,Golf,2026,New,Petrol,Automatic,Grey,0,3350000,1200
VEH-02814,FAZWB9CS3LNCHGL1K,,Mercedes-Benz,C-Class,2017,New,Petrol,Automatic,Grey,0,9217000,1200
VEH-02815,3JGJ9BCS2BL6U2HR6,KH892O,Isuzu,D-Max,2018,Used,Diesel,Manual,Silver,60189,1234000,1300
VEH-02816,3FXC0XJNV7M1PM06D,KF241H,Toyota,Land Cruiser,2020,Used,Diesel,Manual,Grey,19610,3494000,3000
VEH-02817,MXC53JNM9PJ8GD33W,,BMW,X3,2015,New,Petrol,CVT,Silver,0,3359000,1000
VEH-02818,GNYAJDATLD49Z8G1U,,Isuzu,MU-X,2023,New,Petrol,Automatic,Red,0,7883000,2000
VEH-02819,8UBNT0VK7R6FHP47A,,Honda,Accord,2025,New,Petrol,CVT,Grey,0,1781000,1000
VEH-02820,N1737EKN2GUHKRPDK,KF332Q,Ford,Explorer,2025,Used,Hybrid,Automatic,Beige,15828,8353000,3000
VEH-02821,CFKZNVAXZPFE7CUDB,,Isuzu,MU-X,2017,New,Hybrid,Automatic,White,0,3136000,3000
VEH-02822,9XL862R0Z4Z27UJW2,KG580C,Mercedes-Benz,GLC,2014,Used,Petrol,CVT,Grey,19364,2872000,2400
VEH-02823,U48ZS19T4VN9TPYYE,KB230J,Nissan,Sentra,2025,Used,Petrol,Manual,Silver,67055,4855000,2000
VEH-02824,RKATVBWB0AGVZTHGY,KG942U,Subaru,Outback,2020,Used,Electric,Automatic,Black,48728,1237000,1800
VEH-02825,DT23Z1E7159FT50R4,KC979E,Hyundai,i10,2009,Used,Hybrid,Manual,Beige,9216,3044000,1000
VEH-02826,SVJ4YWC2JVUVB1HPT,KG524O,Isuzu,MU-X,2009,Used,Diesel,Manual,Green,8608,1598000,2400
VEH-02827,SNEFJ6RC1VE3MGNRR,,Mitsubishi,Outlander,2025,New,Petrol,CVT,Red,0,3442000,1800
VEH-02828,UEL7FZS76VMLRZ9BC,KJ379R,Nissan,Navara,2018,Used,Petrol,Automatic,Blue,4661,2470000,1000
VEH-02829,DMKBUGFZMGU7DZERJ,KE332B,Volkswagen,Tiguan,2020,Used,Diesel,Manual,Silver,48586,3046000,1000
VEH-02830,DJXSDJTV1ZJBZBE9F,,Hyundai,Elantra,2025,New,Petrol,Automatic,White,0,6261000,1800
VEH-02831,B68YC989ZYEK33CRG,,Subaru,Impreza,2011,New,Petrol,Automatic,Red,0,5666000,1800
VEH-02832,AE113ZJBTJFZ8J7LG,KE625P,Mercedes-Benz,GLC,2011,Used,Petrol,CVT,Grey,65047,838000,2000
VEH-02833,X1WJ6UR5F8YJFFL50,KF312X,Isuzu,MU-X,2023,Used,Electric,CVT,Green,13857,4061000,3000
VEH-02834,EDA9T1VCRZBK5P4XA,KH995V,BMW,X3,2015,Used,Petrol,Manual,Black,952,3701000,1800
VEH-02835,BCJV2GKRXHU9YRKCB,KG607Z,BMW,X3,2019,Used,Diesel,Automatic,Beige,3858,4797000,2400
VEH-02836,61SX1EUHBF26HX4AJ,KB486U,Toyota,Prado,2020,Used,Petrol,Manual,Blue,154694,3559000,1000
VEH-02837,J5Y5R70A59PBNNSV1,,Nissan,Sentra,2012,New,Petrol,Manual,White,0,2578000,1000
VEH-02838,2NZTSNRMHDZXETMMW,,Volkswagen,Passat,2011,New,Electric,CVT,Grey,0,7662000,2400
VEH-02839,JKL6ZP9G890B35C24,KJ510T,Honda,Civic,2014,Used,Petrol,CVT,Silver,15758,1563000,3000
VEH-02840,CZMGVH99LLCA4VGU2,KA686R,Volkswagen,Polo,2008,Used,Diesel,Automatic,Grey,65983,3069000,1500
VEH-02841,MHR3LD6UADWTZGEFK,KE992D,Mitsubishi,Outlander,2020,Used,Electric,CVT,Silver,44096,5954000,1500
VEH-02842,SM90LMX95K29XRDX8,,Nissan,Sentra,2013,New,Petrol,CVT,White,0,3685000,1300
VEH-02843,3C6D78UV0TL18DW86,KE261J,Honda,Accord,2024,Used,Petrol,Manual,Beige,21652,3981000,1800
VEH-02844,LHYGXBBFW0C1XJA66,,Hyundai,Elantra,2024,New,Hybrid,Automatic,Grey,0,8095000,1500
VEH-02845,GBXP7CX9CVM6UP9SN,KB923X,Honda,CR-V,2022,Used,Diesel,Automatic,Silver,10362,4080000,1500
VEH-02846,A8CNMHKDYRF2PHX2P,KD375K,Mitsubishi,Pajero,2012,Used,Electric,Automatic,Silver,5823,2519000,2400
VEH-02847,0YF0JUBRP2872VPLL,,Volkswagen,Tiguan,2014,New,Diesel,CVT,Silver,0,2251000,2000
VEH-02848,C9K81HSVU73PAB7X4,,Nissan,Note,2026,New,Diesel,Automatic,White,0,8609000,2400
VEH-02849,8CXF8M7F3UB2YPNA2,KC639Q,Subaru,Impreza,2025,Used,Diesel,Manual,Green,42954,2009000,2000
VEH-02850,4UJX12UV5YT7PMAK9,KD826B,BMW,X5,2009,Used,Petrol,Manual,White,67051,1643000,3000
VEH-02851,Z1VB26U8TZWHSR7XA,KF938C,Isuzu,D-Max,2013,Used,Petrol,Automatic,Grey,46465,1007000,3000
VEH-02852,85KMURUBZMTTJW9N2,KA853Y,Mercedes-Benz,GLC,2024,Used,Electric,Manual,Black,34004,1505000,1800
VEH-02853,LB2RM65V959RAZ01T,KJ212B,Subaru,Outback,2024,Used,Petrol,CVT,Black,1928,2636000,1500
VEH-02854,JAGPW99C10VG6PC9X,,Toyota,RAV4,2022,New,Petrol,CVT,Blue,0,8543000,1300
VEH-02855,9RLHLM8R8272DSMRU,KC631L,Isuzu,D-Max,2024,Used,Petrol,Manual,Grey,155583,3320000,1200
VEH-02856,ZJ38URYTUL4TJ4AN9,,Subaru,Forester,2011,New,Petrol,Automatic,Grey,0,9400000,1200
VEH-02857,5D6A926KYTYXKPM38,,Toyota,Land Cruiser,2012,New,Diesel,Automatic,Beige,0,6564000,1800
VEH-02858,59KHM7UYTSC33H6JS,KJ557H,Honda,CR-V,2019,Used,Petrol,Manual,Beige,72136,4433000,2000
VEH-02859,04G44J54Z5HJ4HWV4,,BMW,X3,2015,New,Petrol,CVT,Silver,0,6650000,1300
VEH-02860,NJM02YL3E5T6BZY1D,,Isuzu,MU-X,2015,New,Electric,CVT,Red,0,6797000,1500
VEH-02861,ZWR3PJ5U5VLJGS4FC,KA626S,Honda,HR-V,2019,Used,Diesel,CVT,Beige,15591,4411000,1800
VEH-02862,B04935ZH30Y1DWKRT,KH332A,Mercedes-Benz,GLC,2017,Used,Petrol,CVT,Green,175974,1197000,1300
VEH-02863,J8C3ZCKYSG0JE9661,KE220Q,Hyundai,Tucson,2015,Used,Diesel,Automatic,White,41445,1084000,1200
VEH-02864,3GWY2LRGVM50EESKR,KE878M,Isuzu,MU-X,2016,Used,Petrol,Manual,Beige,39297,2802000,1500
VEH-02865,C32YFZAA33VVCFWGF,KG312L,Isuzu,MU-X,2022,Used,Petrol,CVT,Grey,62037,5230000,1300
VEH-02866,T6EC6833427DRDNXY,KF682J,Mazda,Mazda6,2025,Used,Petrol,CVT,White,75154,8419000,3000
VEH-02867,DKMZE9WJ1S7WD62R3,KD728M,Nissan,Altima,2014,Used,Petrol,CVT,Grey,48082,3284000,1300
VEH-02868,270153C7N6GTYR0LC,KG268D,Honda,Fit,2021,Used,Petrol,Automatic,Green,6168,4999000,1300
VEH-02869,H2CLPSNTT23VU9AA6,,Hyundai,Tucson,2014,New,Petrol,CVT,Grey,0,5886000,1800
VEH-02870,N4VD5FCKMGZWAFHDK,KJ785A,Mercedes-Benz,GLC,2011,Used,Petrol,Automatic,Red,18580,2523000,1300
VEH-02871,HK45PPB54Y8JFUHPU,KJ487M,BMW,X5,2024,Used,Petrol,Manual,Red,118451,7571000,1300
VEH-02872,PK8FZ75MZCJ5XUNMB,KH737N,Isuzu,MU-X,2011,Used,Hybrid,Automatic,Silver,11447,1963000,2000
VEH-02873,YEPX61386ECT5TPU6,,BMW,X5,2021,New,Electric,Automatic,Red,0,4353000,2400
VEH-02874,HSD9Y0YPCTR6NDUMS,,Mercedes-Benz,C-Class,2013,New,Diesel,Automatic,Black,0,4760000,3000
VEH-02875,JAP6VAPV4SLN7NRPZ,KF993L,Toyota,Prado,2025,Used,Petrol,CVT,Black,20946,1671000,1000
VEH-02876,JZGU02ZJBAL2Z5V30,KD253U,BMW,X3,2019,Used,Petrol,Manual,Beige,25459,2944000,1800
VEH-02877,P41T9V68CG1GY608Y,KH488I,Honda,CR-V,2010,Used,Petrol,CVT,Grey,26044,1831000,1300
VEH-02878,2K0DJKURU1ZMBNBNV,KE237C,BMW,5 Series,2022,Used,Petrol,Manual,White,42712,3297000,1200
VEH-02879,M7PC5YU4P1BA0EVV0,KA362I,Mercedes-Benz,GLC,2022,Used,Petrol,CVT,Beige,128971,6083000,2000
VEH-02880,VDTXPBHYT333UK8UV,,BMW,3 Series,2021,New,Electric,Automatic,Silver,0,8752000,2000
VEH-02881,VFVJ04ZX0UGA459S0,KF565K,BMW,X3,2021,Used,Diesel,CVT,Blue,12390,3447000,2400
VEH-02882,AVG5TYE5VL285FCP1,,Volkswagen,Tiguan,2014,New,Diesel,CVT,Beige,0,2705000,2400
VEH-02883,5CT0JXFYX58TZ58U5,KF312P,Hyundai,Santa Fe,2010,Used,Petrol,CVT,Red,5829,3284000,1200
VEH-02884,LKCK4X5RX95VBEH0K,,Subaru,Forester,2019,New,Petrol,Automatic,White,0,3670000,1000
VEH-02885,1N3ZJWVFBW7WRLLFN,KC516W,Toyota,Corolla,2019,Used,Petrol,Manual,Beige,9899,3463000,3000
VEH-02886,WHZGUEN1SUF8Z13JV,KH993X,Honda,CR-V,2022,Used,Diesel,CVT,Blue,98086,4327000,3000
VEH-02887,GB624XMEYUH1BV2AM,,Hyundai,Tucson,2012,New,Petrol,Automatic,Silver,0,5141000,1500
VEH-02888,ZEK8ST3FTP8N1AMEK,KA406J,Nissan,Sentra,2017,Used,Petrol,Automatic,Silver,46706,3454000,1800
VEH-02889,HKBM92JY3N93UGYYL,,Hyundai,Santa Fe,2019,New,Diesel,Automatic,Red,0,1531000,1500
VEH-02890,MZ1M5TAF6KB9D2G2L,,Mercedes-Benz,GLC,2013,New,Electric,CVT,White,0,6265000,1500
VEH-02891,URLCM0NV2V7889SU3,KJ484O,BMW,5 Series,2011,Used,Diesel,Automatic,Blue,15153,2341000,1300
VEH-02892,L18YZZDF5Z2NVWLMN,KD557J,Ford,F-150,2015,Used,Petrol,CVT,Black,76163,1052000,1200
VEH-02893,7DSR74T5FXFFL2LHX,KD757I,Ford,Focus,2015,Used,Electric,Automatic,Red,88917,3348000,1800
VEH-02894,T29AX1A3FMMX1YM5H,,Volkswagen,Polo,2016,New,Petrol,CVT,Black,0,6579000,1800
VEH-02895,SB36P3FWN3U3WCDEC,KH942Z,Ford,Explorer,2020,Used,Petrol,Manual,Green,84336,1890000,1800
VEH-02896,GJPAUVE5TUSUH33HJ,KC208Y,Honda,Civic,2010,Used,Hybrid,Manual,Grey,113057,937000,1300
VEH-02897,S9TNN0DUY70C60G0A,KH795H,Mitsubishi,L200,2023,Used,Diesel,CVT,Red,13080,1762000,2000
VEH-02898,R6F3WD1KJ9HP3A084,KA311D,Mercedes-Benz,E-Class,2010,Used,Electric,CVT,Green,63300,561000,1000
VEH-02899,NNM0BVPELMG69ZXJV,KJ471M,Subaru,Impreza,2026,Used,Petrol,Automatic,Black,27773,4591000,1500
VEH-02900,JM4KA9G91KXW6FJ3Y,KG275V,BMW,X5,2013,Used,Petrol,CVT,Beige,83031,3290000,2000
VEH-02901,LS6DN5AWK7ET9N32Y,KG376Y,Mazda,CX-3,2022,Used,Electric,Automatic,Green,58669,949000,1500
VEH-02902,X7WU9YGMW8AVT6LZM,KF616D,Honda,HR-V,2024,Used,Petrol,Automatic,Black,67414,1902000,1300
VEH-02903,HBW9MZJCEWDCD285W,,Ford,Explorer,2011,New,Diesel,CVT,Silver,0,4058000,1500
VEH-02904,680A2GJR94NV0TU72,,Isuzu,MU-X,2013,New,Petrol,Automatic,Green,0,3711000,2000
VEH-02905,PEE9N621MBA5VWDVM,,Hyundai,i10,2019,New,Diesel,Automatic,Black,0,5649000,2400
VEH-02906,9YXXDS7H50TTHSRB4,KF831U,Mazda,Mazda3,2010,Used,Petrol,CVT,Red,48041,3375000,1300
VEH-02907,XNX0WLYDLDTPDN9MK,,Subaru,Impreza,2015,New,Petrol,Automatic,Silver,0,8425000,1000
VEH-02908,FFPG6FBVSHHWER24S,,Ford,Focus,2015,New,Petrol,CVT,Beige,0,5872000,2000
VEH-02909,L8GDDKUPCM054T07W,KJ858B,Mercedes-Benz,GLE,2013,Used,Diesel,Automatic,Red,8789,2346000,1000
VEH-02910,V5X7Y2AP6CW82NT1H,,Nissan,X-Trail,2015,New,Petrol,Manual,Green,0,7437000,1000
VEH-02911,TC0M08Z738VRW07T9,KB813N,Hyundai,Santa Fe,2010,Used,Petrol,CVT,Beige,35438,1778000,1800
VEH-02912,0VRU8KS02ZRMBLMTX,,Mazda,CX-5,2019,New,Petrol,Automatic,Grey,0,9446000,1500
VEH-02913,8Y254TNRBG3FKMUB0,KH892B,Ford,Explorer,2018,Used,Diesel,Manual,Blue,188006,3281000,1000
VEH-02914,VSL7F591ZVR2D7CRP,KA190L,Ford,Explorer,2011,Used,Diesel,CVT,Red,124685,2101000,1200
VEH-02915,JZMGKLCXUEXXNM7KN,KA722P,Toyota,Corolla,2011,Used,Diesel,CVT,Black,1986,2997000,3000
VEH-02916,BRB80F245N46FUTYT,,BMW,X5,2021,New,Petrol,Automatic,Beige,0,6979000,2000
VEH-02917,B2U30A3EDZ6CSN4RC,KH436T,Mazda,Mazda3,2017,Used,Hybrid,Manual,White,8104,2670000,1000
VEH-02918,XKJ5C5Y2BCN0T9JWD,KJ899I,Hyundai,Elantra,2022,Used,Petrol,CVT,White,6356,5031000,1200
VEH-02919,SK98JWXHE0KW5AA7V,,Volkswagen,Golf,2015,New,Petrol,Automatic,Blue,0,5838000,1000
VEH-02920,H9XN6192AXX85KJZC,KF286S,Honda,HR-V,2013,Used,Hybrid,CVT,Black,58254,1898000,1800
VEH-02921,P50P1W089RVCN3NJ4,,Volkswagen,Golf,2009,New,Petrol,Automatic,Blue,0,1459000,1800
VEH-02922,MHM26W84939TFAX14,KF576O,Toyota,Yaris,2020,Used,Petrol,Automatic,Grey,76615,879000,1800
VEH-02923,JM5ADBF16ZNRHR9Z8,,Honda,Accord,2022,New,Petrol,Automatic,Silver,0,6482000,1000
VEH-02924,NRKN1N2DC0BH1PJH7,KH647L,Mazda,Mazda3,2016,Used,Petrol,Automatic,Red,10807,3506000,1300
VEH-02925,4JXGTSLDHY6LZNVDL,KC608N,Volkswagen,Passat,2019,Used,Hybrid,Manual,Red,31721,4380000,2400
VEH-02926,7SB1MDD1HUJH70PC4,,Isuzu,MU-X,2010,New,Petrol,CVT,Blue,0,2327000,2000
VEH-02927,XRM2XU4A7CCDMAFMV,,BMW,X5,2018,New,Diesel,CVT,White,0,2587000,1300
VEH-02928,B79T47VTMJSYHF8HB,KD872B,Honda,Civic,2022,Used,Petrol,Manual,Green,82664,5276000,1200
VEH-02929,2Y0CV9GS742Z4CY2F,,Hyundai,Elantra,2012,New,Diesel,Manual,Silver,0,4981000,1200
VEH-02930,JXG7RF5EABZ4KFXKJ,KH344R,Volkswagen,Jetta,2014,Used,Petrol,Manual,Grey,59389,2184000,2400
VEH-02931,8UZ2WW3AE48LVK4R2,KB118B,BMW,3 Series,2022,Used,Petrol,Automatic,Beige,35163,5592000,2400
VEH-02932,DKB8L5GTV5LY6S95H,KH268W,Mercedes-Benz,GLE,2023,Used,Petrol,Manual,Beige,40160,7616000,2000
VEH-02933,5ZX5G3JNBV3T8958F,KC238K,BMW,5 Series,2011,Used,Petrol,Automatic,Grey,31950,2348000,2400
VEH-02934,DS5N8A39LZV3WSWU3,KE563D,Isuzu,D-Max,2012,Used,Hybrid,Automatic,Beige,15893,2377000,2000
VEH-02935,TYL9J9A3T1VLBNK3H,KF766M,Mitsubishi,Pajero,2026,Used,Diesel,Automatic,Blue,37460,7608000,1000
VEH-02936,C1WS9ZVNB9XPLNCPS,,Mercedes-Benz,GLC,2026,New,Diesel,Manual,Beige,0,3876000,2400
VEH-02937,F374N4BZAFB7CREAJ,,BMW,5 Series,2011,New,Diesel,CVT,White,0,1977000,2000
VEH-02938,2JLRBYNMZNUD46DYS,KH644E,Volkswagen,Polo,2012,Used,Diesel,Manual,Beige,52541,2469000,2400
VEH-02939,PMJZMSYFR4M1SJYF2,KH462I,Nissan,X-Trail,2026,Used,Electric,CVT,White,92975,1473000,1000
VEH-02940,UEVYBBJGC653ANL6V,,Mazda,Mazda6,2022,New,Diesel,Manual,Blue,0,8309000,1200
VEH-02941,W9EM0XPYEGSB5S1XH,KH132P,Mazda,Mazda6,2016,Used,Petrol,CVT,Red,45513,2573000,2400
VEH-02942,YWY0WJWRRVTBTN1N3,,BMW,X3,2025,New,Petrol,Automatic,Grey,0,9035000,1800
VEH-02943,64X93CEB2TF7434DZ,KC145E,Nissan,Sentra,2017,Used,Diesel,Manual,Red,64431,3356000,3000
VEH-02944,LKHL2FEH5DTN2DK41,KJ465I,Mazda,CX-5,2013,Used,Diesel,Manual,Silver,7849,1074000,1800
VEH-02945,BBMPDGSZLTW003PLL,KB903C,Mitsubishi,L200,2021,Used,Hybrid,Manual,Beige,27858,6095000,1300
VEH-02946,T689SGHYPR4WNEE94,,Toyota,Hilux,2023,New,Petrol,Automatic,Red,0,8272000,1300
VEH-02947,HTJ18W1B902SATG8G,KB831M,Subaru,Forester,2026,Used,Diesel,CVT,Red,421,6525000,1000
VEH-02948,17VXDGLPPMEUSMHJ3,KG674R,BMW,5 Series,2024,Used,Petrol,Manual,White,12746,7366000,1300
VEH-02949,WRP8XRCR6UP3X99S8,KA989K,Mazda,Mazda6,2026,Used,Petrol,Manual,Grey,58334,6409000,1800
VEH-02950,EWLK6S4UWAF8PVUEY,,Mercedes-Benz,GLC,2008,New,Petrol,CVT,Red,0,7917000,2000
VEH-02951,RU14MA4MYLNH5A6BZ,KB125Y,Volkswagen,Passat,2013,Used,Hybrid,Automatic,Black,216217,1721000,1300
VEH-02952,BCURXW3ZLYKRN29P2,KG391B,Hyundai,Elantra,2008,Used,Petrol,Manual,Green,4700,780000,1500
VEH-02953,J0LLSPBTBLR8WUW7V,KB182P,Isuzu,D-Max,2024,Used,Diesel,Manual,Black,23099,2735000,2000
VEH-02954,ZYHJNGNZL2EVZGT41,,Mercedes-Benz,GLE,2015,New,Diesel,Manual,Black,0,3887000,1000
VEH-02955,T123T5J0NTX02YFP4,KA644F,Toyota,Prado,2011,Used,Electric,Automatic,Black,72440,918000,2000
VEH-02956,CP7V0WZCV8S4YD7W7,KH558A,Nissan,X-Trail,2015,Used,Diesel,Automatic,Blue,10269,2434000,1500
VEH-02957,7E47ZH3DMAP0YZXAK,KG411Y,Isuzu,MU-X,2023,Used,Petrol,CVT,Red,36444,4471000,2000
VEH-02958,W8KEBYVKYM94HYVG6,KH984R,Ford,Explorer,2013,Used,Petrol,Automatic,Silver,59434,2756000,1300
VEH-02959,26G9U583LXAAXWTUL,KF600F,Nissan,Note,2011,Used,Petrol,CVT,Silver,43068,1418000,2000
VEH-02960,A41PRRA4PKEH0A2YC,KF167X,Subaru,Outback,2023,Used,Petrol,Automatic,Black,9372,7726000,3000
VEH-02961,4CF44YT4NFX6C56HF,KG890Y,BMW,X3,2023,Used,Petrol,Manual,Beige,19759,4527000,2400
VEH-02962,X25E121VXU6J0EDL7,,Volkswagen,Golf,2022,New,Petrol,Automatic,Black,0,6476000,3000
VEH-02963,6B305PDXMSJCCCHV0,KA909G,Toyota,RAV4,2025,Used,Diesel,Manual,White,68918,2824000,2000
VEH-02964,21RWZDR0NH89E4DGH,KJ246U,Honda,HR-V,2020,Used,Petrol,CVT,Blue,36357,1218000,1300
VEH-02965,HKB4LWL9PZPNJ6EDY,KA737N,Subaru,Forester,2011,Used,Hybrid,Automatic,Beige,235,1737000,1800
VEH-02966,FFMFLG0YNFBL76U8T,KE859L,Toyota,Yaris,2010,Used,Petrol,Manual,Blue,64406,1366000,2400
VEH-02967,1ZXVJ40CWR7SRAFW2,KH263J,Isuzu,MU-X,2012,Used,Petrol,Automatic,Blue,1617,2093000,1200
VEH-02968,B2BLWJYVC6KW6S8U8,KE424M,Mazda,CX-5,2020,Used,Petrol,CVT,Black,61621,5615000,1500
VEH-02969,NSLBG297XUUGNGXS1,KG872P,Nissan,Sentra,2014,Used,Petrol,CVT,White,10181,2907000,1200
VEH-02970,J9D94FL96KJXASECC,,Subaru,Forester,2013,New,Diesel,Manual,Silver,0,1998000,2000
VEH-02971,RV0PEX0HCHP8HMT1S,KJ715Y,Subaru,Forester,2020,Used,Petrol,CVT,Beige,142732,5069000,2400
VEH-02972,PD2ZF13DBVWAJTCXP,KC136N,Honda,Accord,2022,Used,Petrol,Automatic,Black,20644,5883000,1000
VEH-02973,KD3TU3WJSCD1PAA9M,,Ford,Focus,2010,New,Petrol,Automatic,White,0,4983000,2400
VEH-02974,DNC97EYP9LWUDX0BX,,Honda,Accord,2016,New,Petrol,CVT,Blue,0,4158000,1000
VEH-02975,VTJGCAK00ET1L3L80,KJ880M,Nissan,Note,2022,Used,Diesel,CVT,Blue,17815,5834000,1800
VEH-02976,8C0L5DUCAJJGLYS71,KC451J,Volkswagen,Golf,2012,Used,Petrol,CVT,Silver,7254,2547000,1200
VEH-02977,V864K8ZXNY15JPMMT,KH370Z,Nissan,Navara,2009,Used,Petrol,Automatic,Grey,16412,2075000,1200
VEH-02978,GFZ9YJ8EGSKLC0CRS,KD260E,Volkswagen,Jetta,2021,Used,Diesel,Automatic,Black,94173,1580000,1500
VEH-02979,2ES8Z07PSMFME4KWE,,Mercedes-Benz,C-Class,2017,New,Petrol,CVT,Red,0,6897000,1300
VEH-02980,3SW4TD2H2R60E702R,,Mitsubishi,Outlander,2024,New,Petrol,Manual,Silver,0,6883000,3000
VEH-02981,00KVMM9XUCB5WDWHW,KD472L,Mercedes-Benz,C-Class,2019,Used,Petrol,Manual,Grey,252393,2857000,1500
VEH-02982,MHUXAKJ6VYDCYEBBZ,KC206T,Mazda,Mazda6,2013,Used,Diesel,CVT,Grey,20671,3242000,2400
VEH-02983,DNZN86BEJBJWUUJ9K,KC208P,Mitsubishi,L200,2009,Used,Diesel,Manual,Black,26789,1118000,2000
VEH-02984,Y2C8X3GSN0MVF9JF9,,Ford,Fusion,2014,New,Petrol,Automatic,Blue,0,5712000,3000
VEH-02985,4F2UPD7LUZ3URFRJU,KC253J,Mazda,CX-3,2023,Used,Diesel,Manual,Black,57617,3049000,2400
VEH-02986,V6KYRYUFG34XWA16X,KE239K,BMW,5 Series,2009,Used,Hybrid,Automatic,Red,97797,2905000,2400
VEH-02987,NHGJWRDXMZ2DN7ZG8,KE882N,Isuzu,D-Max,2026,Used,Diesel,Automatic,Red,40457,4028000,1500
VEH-02988,9VF1RC7G0N641XTP1,KA378W,Mercedes-Benz,GLC,2022,Used,Hybrid,Automatic,White,22356,3370000,3000
VEH-02989,AR1N5ZYBR7FB07UG6,,Ford,F-150,2017,New,Diesel,CVT,Green,0,2220000,2000
VEH-02990,XTMHPA2GKA5GSAHV3,KF758I,Mercedes-Benz,C-Class,2009,Used,Diesel,Manual,Grey,23943,3221000,1800
VEH-02991,P9TLPU29XGYPKTJ1C,KB756B,Mercedes-Benz,E-Class,2023,Used,Diesel,Manual,White,53526,6308000,1200
VEH-02992,DP89LAX84XYBYJ9WC,KF845Z,Hyundai,Tucson,2019,Used,Diesel,Automatic,White,145,2411000,1200
VEH-02993,A8KXZL50LU59DLDFY,KE107A,BMW,X5,2017,Used,Diesel,CVT,Grey,43492,1935000,3000
VEH-02994,74NP2GPGTBS6R45F4,KJ402Q,Mazda,CX-3,2025,Used,Petrol,Automatic,Blue,19767,4268000,2000
VEH-02995,WCNSY0TF3WCGM7ZR8,KH210U,Mazda,CX-3,2025,Used,Diesel,Manual,White,71137,7355000,1300
VEH-02996,B8PVHA58FWD4XX1F7,KA940B,Isuzu,D-Max,2017,Used,Diesel,CVT,Silver,4392,1957000,2400
VEH-02997,39263BB6EMZPG0JG8,KC755D,Isuzu,D-Max,2010,Used,Petrol,Automatic,Black,39925,1052000,1200
VEH-02998,79BZERGJCYLBKTA66,,Subaru,Outback,2015,New,Petrol,Automatic,White,0,8754000,2000
VEH-02999,LLPNAF0DZ5DDR9TKH,KH873K,Isuzu,MU-X,2018,Used,Petrol,Manual,Blue,29510,4260000,1000
VEH-03000,PHYGXPC17ABXNKGWL,KJ136A,Mercedes-Benz,C-Class,2009,Used,Diesel,CVT,Black,46265,3128000,3000
